SRR_accession	QC_summary	SRX_accession	SRS_accession	SRP_accession	Experiment_title	study_abstract	study_description	design_description	sample_description	sample_attribute	GEO_series	study_accession	tax_id	scientific_name	library_strategy	library_source	library_selection	instrument_model	base_count	sample_alias	study_title	description	library_construction_protocol	experimental_protocol
SRR10303413	PASS	SRX7016031	SAMN13051737	SRP226114	Illumina HiSeq 4000 sequencing: GSM4128499: RNAseq_1A.3L_s1 Komagataella phaffii RNA-Seq				RNAseq_1A.3L_s1		GSE139060	PRJNA578165	460519	Komagataella phaffii	RNA-Seq	TRANSCRIPTOMIC	cDNA	Illumina HiSeq 4000	2449580000	GSM4128499	De novo methylaton of the unmethylated K. phaffii genome by human DNA methyltransferases (DNMTs) [RNA-seq]	Illumina HiSeq 4000 sequencing: GSM4128499: RNAseq_1A.3L_s1 Komagataella phaffii RNA-Seq	Spheroblasts were lysed and RNA purified using RNEasy plus mini kit (Qiagen) Library construction was done by Beijing Genomics Institute (BGI)	
SRR10303414	PASS	SRX7016032	SAMN13051736	SRP226114	Illumina HiSeq 4000 sequencing: GSM4128500: RNAseq_1A.3L_s2 Komagataella phaffii RNA-Seq				RNAseq_1A.3L_s2		GSE139060	PRJNA578165	460519	Komagataella phaffii	RNA-Seq	TRANSCRIPTOMIC	cDNA	Illumina HiSeq 4000	2463944000	GSM4128500	De novo methylaton of the unmethylated K. phaffii genome by human DNA methyltransferases (DNMTs) [RNA-seq]	Illumina HiSeq 4000 sequencing: GSM4128500: RNAseq_1A.3L_s2 Komagataella phaffii RNA-Seq	Spheroblasts were lysed and RNA purified using RNEasy plus mini kit (Qiagen) Library construction was done by Beijing Genomics Institute (BGI)	
SRR10303418	PASS	SRX7016036	SAMN13051732	SRP226114	Illumina HiSeq 4000 sequencing: GSM4128504: RNAseq_1A_s3 Komagataella phaffii RNA-Seq				RNAseq_1A_s3		GSE139060	PRJNA578165	460519	Komagataella phaffii	RNA-Seq	TRANSCRIPTOMIC	cDNA	Illumina HiSeq 4000	2446073400	GSM4128504	De novo methylaton of the unmethylated K. phaffii genome by human DNA methyltransferases (DNMTs) [RNA-seq]	Illumina HiSeq 4000 sequencing: GSM4128504: RNAseq_1A_s3 Komagataella phaffii RNA-Seq	Spheroblasts were lysed and RNA purified using RNEasy plus mini kit (Qiagen) Library construction was done by Beijing Genomics Institute (BGI)	
SRR10303426	PASS	SRX7016044	SAMN13051757	SRP226114	Illumina HiSeq 4000 sequencing: GSM4128512: RNAseq_3A2.3L_s2 Komagataella phaffii RNA-Seq				RNAseq_3A2.3L_s2		GSE139060	PRJNA578165	460519	Komagataella phaffii	RNA-Seq	TRANSCRIPTOMIC	cDNA	Illumina HiSeq 4000	2437374400	GSM4128512	De novo methylaton of the unmethylated K. phaffii genome by human DNA methyltransferases (DNMTs) [RNA-seq]	Illumina HiSeq 4000 sequencing: GSM4128512: RNAseq_3A2.3L_s2 Komagataella phaffii RNA-Seq	Spheroblasts were lysed and RNA purified using RNEasy plus mini kit (Qiagen) Library construction was done by Beijing Genomics Institute (BGI)	
SRR10303434	PASS	SRX7016052	SAMN13051769	SRP226114	Illumina HiSeq 4000 sequencing: GSM4128520: RNAseq_3L_s1 Komagataella phaffii RNA-Seq				RNAseq_3L_s1		GSE139060	PRJNA578165	460519	Komagataella phaffii	RNA-Seq	TRANSCRIPTOMIC	cDNA	Illumina HiSeq 4000	2011422800	GSM4128520	De novo methylaton of the unmethylated K. phaffii genome by human DNA methyltransferases (DNMTs) [RNA-seq]	Illumina HiSeq 4000 sequencing: GSM4128520: RNAseq_3L_s1 Komagataella phaffii RNA-Seq	Spheroblasts were lysed and RNA purified using RNEasy plus mini kit (Qiagen) Library construction was done by Beijing Genomics Institute (BGI)	
SRR10303436	PASS	SRX7016054	SAMN13051767	SRP226114	Illumina HiSeq 4000 sequencing: GSM4128522: RNAseq_3L_s3 Komagataella phaffii RNA-Seq				RNAseq_3L_s3		GSE139060	PRJNA578165	460519	Komagataella phaffii	RNA-Seq	TRANSCRIPTOMIC	cDNA	Illumina HiSeq 4000	2462504200	GSM4128522	De novo methylaton of the unmethylated K. phaffii genome by human DNA methyltransferases (DNMTs) [RNA-seq]	Illumina HiSeq 4000 sequencing: GSM4128522: RNAseq_3L_s3 Komagataella phaffii RNA-Seq	Spheroblasts were lysed and RNA purified using RNEasy plus mini kit (Qiagen) Library construction was done by Beijing Genomics Institute (BGI)	
SRR10303437	PASS	SRX7016055	SAMN13051766	SRP226114	Illumina HiSeq 4000 sequencing: GSM4128523: RNAseq_Control_s1 Komagataella phaffii RNA-Seq				RNAseq_Control_s1		GSE139060	PRJNA578165	460519	Komagataella phaffii	RNA-Seq	TRANSCRIPTOMIC	cDNA	Illumina HiSeq 4000	2446836800	GSM4128523	De novo methylaton of the unmethylated K. phaffii genome by human DNA methyltransferases (DNMTs) [RNA-seq]	Illumina HiSeq 4000 sequencing: GSM4128523: RNAseq_Control_s1 Komagataella phaffii RNA-Seq	Spheroblasts were lysed and RNA purified using RNEasy plus mini kit (Qiagen) Library construction was done by Beijing Genomics Institute (BGI)	
SRR10303439	PASS	SRX7016057	SAMN13051764	SRP226114	Illumina HiSeq 4000 sequencing: GSM4128525: RNAseq_Control_s3 Komagataella phaffii RNA-Seq				RNAseq_Control_s3		GSE139060	PRJNA578165	460519	Komagataella phaffii	RNA-Seq	TRANSCRIPTOMIC	cDNA	Illumina HiSeq 4000	2444060000	GSM4128525	De novo methylaton of the unmethylated K. phaffii genome by human DNA methyltransferases (DNMTs) [RNA-seq]	Illumina HiSeq 4000 sequencing: GSM4128525: RNAseq_Control_s3 Komagataella phaffii RNA-Seq	Spheroblasts were lysed and RNA purified using RNEasy plus mini kit (Qiagen) Library construction was done by Beijing Genomics Institute (BGI)	
SRR10303440	PASS	SRX7016058	SAMN13051763	SRP226114	Illumina HiSeq 4000 sequencing: GSM4128526: RNAseq_3B1.3L-d1_s1 Komagataella phaffii RNA-Seq				RNAseq_3B1.3L-d1_s1		GSE139060	PRJNA578165	460519	Komagataella phaffii	RNA-Seq	TRANSCRIPTOMIC	cDNA	Illumina HiSeq 4000	2449887800	GSM4128526	De novo methylaton of the unmethylated K. phaffii genome by human DNA methyltransferases (DNMTs) [RNA-seq]	Illumina HiSeq 4000 sequencing: GSM4128526: RNAseq_3B1.3L-d1_s1 Komagataella phaffii RNA-Seq	Spheroblasts were lysed and RNA purified using RNEasy plus mini kit (Qiagen) Library construction was done by Beijing Genomics Institute (BGI)	
SRR10303442	PASS	SRX7016060	SAMN13051749	SRP226114	Illumina HiSeq 4000 sequencing: GSM4128528: RNAseq_3B1.3L-d1_s3 Komagataella phaffii RNA-Seq				RNAseq_3B1.3L-d1_s3		GSE139060	PRJNA578165	460519	Komagataella phaffii	RNA-Seq	TRANSCRIPTOMIC	cDNA	Illumina HiSeq 4000	2442548400	GSM4128528	De novo methylaton of the unmethylated K. phaffii genome by human DNA methyltransferases (DNMTs) [RNA-seq]	Illumina HiSeq 4000 sequencing: GSM4128528: RNAseq_3B1.3L-d1_s3 Komagataella phaffii RNA-Seq	Spheroblasts were lysed and RNA purified using RNEasy plus mini kit (Qiagen) Library construction was done by Beijing Genomics Institute (BGI)	
SRR10303443	PASS	SRX7016061	SAMN13051748	SRP226114	Illumina HiSeq 4000 sequencing: GSM4128529: RNAseq_3B1.3L-d2_s1 Komagataella phaffii RNA-Seq				RNAseq_3B1.3L-d2_s1		GSE139060	PRJNA578165	460519	Komagataella phaffii	RNA-Seq	TRANSCRIPTOMIC	cDNA	Illumina HiSeq 4000	2458993600	GSM4128529	De novo methylaton of the unmethylated K. phaffii genome by human DNA methyltransferases (DNMTs) [RNA-seq]	Illumina HiSeq 4000 sequencing: GSM4128529: RNAseq_3B1.3L-d2_s1 Komagataella phaffii RNA-Seq	Spheroblasts were lysed and RNA purified using RNEasy plus mini kit (Qiagen) Library construction was done by Beijing Genomics Institute (BGI)	
SRR10303450	PASS	SRX7016068	SAMN13051739	SRP226114	Illumina HiSeq 4000 sequencing: GSM4128536: RNAseq_3B1.3L-d4_s2 Komagataella phaffii RNA-Seq				RNAseq_3B1.3L-d4_s2		GSE139060	PRJNA578165	460519	Komagataella phaffii	RNA-Seq	TRANSCRIPTOMIC	cDNA	Illumina HiSeq 4000	2592133200	GSM4128536	De novo methylaton of the unmethylated K. phaffii genome by human DNA methyltransferases (DNMTs) [RNA-seq]	Illumina HiSeq 4000 sequencing: GSM4128536: RNAseq_3B1.3L-d4_s2 Komagataella phaffii RNA-Seq	Spheroblasts were lysed and RNA purified using RNEasy plus mini kit (Qiagen) Library construction was done by Beijing Genomics Institute (BGI)	
SRR10740041	PASS	SRX7415647	SAMN13633023	SRP238206	Illumina NovaSeq 6000 sequencing: GSM4225313: M_12 Komagataella phaffii RNA-Seq				M_12		GSE142326	PRJNA596645	460519	Komagataella phaffii	RNA-Seq	TRANSCRIPTOMIC	cDNA	Illumina NovaSeq 6000	10639054200	GSM4225313	Transcriptomic analysis of Pichia pastoris (Komagataella phaffii) GS115 during heterologous protein production using a high-cell-density fed-batch cultivation strategy	Illumina NovaSeq 6000 sequencing: GSM4225313: M_12 Komagataella phaffii RNA-Seq	Retinas were removed, flash frozen on dry ice, and RNA was harvested using Trizol reagent. Illumina TruSeq RNA Sample Prep Kit (Cat#FC-122-1001) was used with 1 ug of total RNA for the construction of sequencing libraries. RNA libraries were prepared for sequencing using standard Illumina protocols	
SRR10740042	PASS	SRX7415648	SAMN13633022	SRP238206	Illumina NovaSeq 6000 sequencing: GSM4225314: M_24 Komagataella phaffii RNA-Seq				M_24		GSE142326	PRJNA596645	460519	Komagataella phaffii	RNA-Seq	TRANSCRIPTOMIC	cDNA	Illumina NovaSeq 6000	11512643400	GSM4225314	Transcriptomic analysis of Pichia pastoris (Komagataella phaffii) GS115 during heterologous protein production using a high-cell-density fed-batch cultivation strategy	Illumina NovaSeq 6000 sequencing: GSM4225314: M_24 Komagataella phaffii RNA-Seq	Retinas were removed, flash frozen on dry ice, and RNA was harvested using Trizol reagent. Illumina TruSeq RNA Sample Prep Kit (Cat#FC-122-1001) was used with 1 ug of total RNA for the construction of sequencing libraries. RNA libraries were prepared for sequencing using standard Illumina protocols	
SRR10740043	PASS	SRX7415649	SAMN13633021	SRP238206	Illumina NovaSeq 6000 sequencing: GSM4225315: M_36 Komagataella phaffii RNA-Seq				M_36		GSE142326	PRJNA596645	460519	Komagataella phaffii	RNA-Seq	TRANSCRIPTOMIC	cDNA	Illumina NovaSeq 6000	9775144200	GSM4225315	Transcriptomic analysis of Pichia pastoris (Komagataella phaffii) GS115 during heterologous protein production using a high-cell-density fed-batch cultivation strategy	Illumina NovaSeq 6000 sequencing: GSM4225315: M_36 Komagataella phaffii RNA-Seq	Retinas were removed, flash frozen on dry ice, and RNA was harvested using Trizol reagent. Illumina TruSeq RNA Sample Prep Kit (Cat#FC-122-1001) was used with 1 ug of total RNA for the construction of sequencing libraries. RNA libraries were prepared for sequencing using standard Illumina protocols	
SRR10740044	PASS	SRX7415650	SAMN13633020	SRP238206	Illumina NovaSeq 6000 sequencing: GSM4225316: M_48 Komagataella phaffii RNA-Seq				M_48		GSE142326	PRJNA596645	460519	Komagataella phaffii	RNA-Seq	TRANSCRIPTOMIC	cDNA	Illumina NovaSeq 6000	9847266900	GSM4225316	Transcriptomic analysis of Pichia pastoris (Komagataella phaffii) GS115 during heterologous protein production using a high-cell-density fed-batch cultivation strategy	Illumina NovaSeq 6000 sequencing: GSM4225316: M_48 Komagataella phaffii RNA-Seq	Retinas were removed, flash frozen on dry ice, and RNA was harvested using Trizol reagent. Illumina TruSeq RNA Sample Prep Kit (Cat#FC-122-1001) was used with 1 ug of total RNA for the construction of sequencing libraries. RNA libraries were prepared for sequencing using standard Illumina protocols	
SRR10740046	PASS	SRX7415652	SAMN13633018	SRP238206	Illumina NovaSeq 6000 sequencing: GSM4225318: M_72 Komagataella phaffii RNA-Seq				M_72		GSE142326	PRJNA596645	460519	Komagataella phaffii	RNA-Seq	TRANSCRIPTOMIC	cDNA	Illumina NovaSeq 6000	10726484400	GSM4225318	Transcriptomic analysis of Pichia pastoris (Komagataella phaffii) GS115 during heterologous protein production using a high-cell-density fed-batch cultivation strategy	Illumina NovaSeq 6000 sequencing: GSM4225318: M_72 Komagataella phaffii RNA-Seq	Retinas were removed, flash frozen on dry ice, and RNA was harvested using Trizol reagent. Illumina TruSeq RNA Sample Prep Kit (Cat#FC-122-1001) was used with 1 ug of total RNA for the construction of sequencing libraries. RNA libraries were prepared for sequencing using standard Illumina protocols	
SRR10740049	PASS	SRX7415655	SAMN13633081	SRP238206	Illumina NovaSeq 6000 sequencing: GSM4225321: M_108 Komagataella phaffii RNA-Seq				M_108		GSE142326	PRJNA596645	460519	Komagataella phaffii	RNA-Seq	TRANSCRIPTOMIC	cDNA	Illumina NovaSeq 6000	11213391600	GSM4225321	Transcriptomic analysis of Pichia pastoris (Komagataella phaffii) GS115 during heterologous protein production using a high-cell-density fed-batch cultivation strategy	Illumina NovaSeq 6000 sequencing: GSM4225321: M_108 Komagataella phaffii RNA-Seq	Retinas were removed, flash frozen on dry ice, and RNA was harvested using Trizol reagent. Illumina TruSeq RNA Sample Prep Kit (Cat#FC-122-1001) was used with 1 ug of total RNA for the construction of sequencing libraries. RNA libraries were prepared for sequencing using standard Illumina protocols	
SRR12516571	PASS	SRX9007099	SAMN15903085	SRP278754	Illumina HiSeq 2500 sequencing: RNA-seq of K. phaffiiJC_1				not applicable		PRJNA659283	PRJNA659283	460519	Komagataella phaffii	RNA-Seq	TRANSCRIPTOMIC	PCR	Illumina HiSeq 2500	7491567832	JC_1	RNA-seq Reads of K. phaffii induced by ammonium formate	Illumina HiSeq 2500 sequencing: RNA-seq of K. phaffiiJC_1		
SRR12747689	PASS	SRX9220110	SAMN16306618	SRP285907	Illumina HiSeq 2500 sequencing: RNA extracted from Komagataella phaffii cultivated in mineral medium supplemented with acetic acid: 6g/L, biological replication 2				Biological triplicate in condition containing Acetic acid 6g/L		PRJNA666642	PRJNA666642	460519	Komagataella phaffii	RNA-Seq	TRANSCRIPTOMIC	RANDOM	Illumina HiSeq 2500	2594766356	AA6	Global gene expression of Pichia pastoris (Komagataella phaffii) with and without lignocellulose hydrolysate derived inhibitors	Illumina HiSeq 2500 sequencing: RNA extracted from Komagataella phaffii cultivated in mineral medium supplemented with acetic acid: 6g/L, biological replication 2		
SRR12747690	PASS	SRX9220109	SAMN16306618	SRP285907	Illumina HiSeq 2500 sequencing: RNA extracted from Komagataella phaffii cultivated in mineral medium supplemented with acetic acid: 6g/L, biological replication 1				Biological triplicate in condition containing Acetic acid 6g/L		PRJNA666642	PRJNA666642	460519	Komagataella phaffii	RNA-Seq	TRANSCRIPTOMIC	RANDOM	Illumina HiSeq 2500	2502649104	AA6	Global gene expression of Pichia pastoris (Komagataella phaffii) with and without lignocellulose hydrolysate derived inhibitors	Illumina HiSeq 2500 sequencing: RNA extracted from Komagataella phaffii cultivated in mineral medium supplemented with acetic acid: 6g/L, biological replication 1		
SRR12747702	PASS	SRX9220097	SAMN16306620	SRP285907	Illumina HiSeq 2500 sequencing: RNA extracted from Komagataella phaffii cultivated in mineral medium supplemented with sugarcane bagasse hydrolysate: 30%, biological replication 2				Biological triplicate in condition containing Hydrolysate 30%		PRJNA666642	PRJNA666642	460519	Komagataella phaffii	RNA-Seq	TRANSCRIPTOMIC	RANDOM	Illumina HiSeq 2500	2812403176	HID6	Global gene expression of Pichia pastoris (Komagataella phaffii) with and without lignocellulose hydrolysate derived inhibitors	Illumina HiSeq 2500 sequencing: RNA extracted from Komagataella phaffii cultivated in mineral medium supplemented with sugarcane bagasse hydrolysate: 30%, biological replication 2		
SRR12747703	PASS	SRX9220096	SAMN16306620	SRP285907	Illumina HiSeq 2500 sequencing: RNA extracted from Komagataella phaffii cultivated in mineral medium supplemented with sugarcane bagasse hydrolysate: 30%, biological replication 1				Biological triplicate in condition containing Hydrolysate 30%		PRJNA666642	PRJNA666642	460519	Komagataella phaffii	RNA-Seq	TRANSCRIPTOMIC	RANDOM	Illumina HiSeq 2500	2560475644	HID6	Global gene expression of Pichia pastoris (Komagataella phaffii) with and without lignocellulose hydrolysate derived inhibitors	Illumina HiSeq 2500 sequencing: RNA extracted from Komagataella phaffii cultivated in mineral medium supplemented with sugarcane bagasse hydrolysate: 30%, biological replication 1		
SRR12747704	PASS	SRX9220095	SAMN16306619	SRP285907	Illumina HiSeq 2500 sequencing: RNA extracted from Komagataella phaffii cultivated in mineral medium supplemented with sugarcane bagasse hydrolysate: 10%, biological replication 3				Biological triplicate in condition containing Hidrolysate 10%		PRJNA666642	PRJNA666642	460519	Komagataella phaffii	RNA-Seq	TRANSCRIPTOMIC	RANDOM	Illumina HiSeq 2500	2727977478	HID2	Global gene expression of Pichia pastoris (Komagataella phaffii) with and without lignocellulose hydrolysate derived inhibitors	Illumina HiSeq 2500 sequencing: RNA extracted from Komagataella phaffii cultivated in mineral medium supplemented with sugarcane bagasse hydrolysate: 10%, biological replication 3		
SRR12802796	PASS	SRX9271620	SAMN16407041	SRP286906	NextSeq 500 sequencing: GSM4826594: P6-14C Komagataella phaffii RNA-Seq				P6-14C		GSE159325	PRJNA668364	460519	Komagataella phaffii	RNA-Seq	TRANSCRIPTOMIC	cDNA	NextSeq 500	1568272960	GSM4826594	Host-informed molecular engineering improves antigen quality and enables integrated manufacturing of a trivalent subunit vaccine [RNA-seq]	NextSeq 500 sequencing: GSM4826594: P6-14C Komagataella phaffii RNA-Seq	Cells were first digested in digestion buffer (50 mM EDTA, 500 mM sorbitol, pH 7.4) supplemented with 0.1% (v/v) 2-Mercaptoethanol and Zymolyase (Zymo Research, Irvine, CA) for 25 min at 30°C and 100 rpm shaking. Lysis and RNA purification was then performed using the RNeasy kit (Qiagen, Cat #74104). RNA quality was analyzed to ensure RNA Quality Number >7. KAPA HyperPrep kit (Roche, Basel, SUI)	
SRR12802797	PASS	SRX9271621	SAMN16407040	SRP286906	NextSeq 500 sequencing: GSM4826595: P8-6A Komagataella phaffii RNA-Seq				P8-6A		GSE159325	PRJNA668364	460519	Komagataella phaffii	RNA-Seq	TRANSCRIPTOMIC	cDNA	NextSeq 500	1095504160	GSM4826595	Host-informed molecular engineering improves antigen quality and enables integrated manufacturing of a trivalent subunit vaccine [RNA-seq]	NextSeq 500 sequencing: GSM4826595: P8-6A Komagataella phaffii RNA-Seq	Cells were first digested in digestion buffer (50 mM EDTA, 500 mM sorbitol, pH 7.4) supplemented with 0.1% (v/v) 2-Mercaptoethanol and Zymolyase (Zymo Research, Irvine, CA) for 25 min at 30°C and 100 rpm shaking. Lysis and RNA purification was then performed using the RNeasy kit (Qiagen, Cat #74104). RNA quality was analyzed to ensure RNA Quality Number >7. KAPA HyperPrep kit (Roche, Basel, SUI)	
SRR12802798	PASS	SRX9271622	SAMN16407039	SRP286906	NextSeq 500 sequencing: GSM4826596: P8-6B Komagataella phaffii RNA-Seq				P8-6B		GSE159325	PRJNA668364	460519	Komagataella phaffii	RNA-Seq	TRANSCRIPTOMIC	cDNA	NextSeq 500	2202614720	GSM4826596	Host-informed molecular engineering improves antigen quality and enables integrated manufacturing of a trivalent subunit vaccine [RNA-seq]	NextSeq 500 sequencing: GSM4826596: P8-6B Komagataella phaffii RNA-Seq	Cells were first digested in digestion buffer (50 mM EDTA, 500 mM sorbitol, pH 7.4) supplemented with 0.1% (v/v) 2-Mercaptoethanol and Zymolyase (Zymo Research, Irvine, CA) for 25 min at 30°C and 100 rpm shaking. Lysis and RNA purification was then performed using the RNeasy kit (Qiagen, Cat #74104). RNA quality was analyzed to ensure RNA Quality Number >7. KAPA HyperPrep kit (Roche, Basel, SUI)	
SRR12802801	PASS	SRX9271625	SAMN16407057	SRP286906	NextSeq 500 sequencing: GSM4826599: P4-A3B Komagataella phaffii RNA-Seq				P4-A3B		GSE159325	PRJNA668364	460519	Komagataella phaffii	RNA-Seq	TRANSCRIPTOMIC	cDNA	NextSeq 500	2020901600	GSM4826599	Host-informed molecular engineering improves antigen quality and enables integrated manufacturing of a trivalent subunit vaccine [RNA-seq]	NextSeq 500 sequencing: GSM4826599: P4-A3B Komagataella phaffii RNA-Seq	Cells were first digested in digestion buffer (50 mM EDTA, 500 mM sorbitol, pH 7.4) supplemented with 0.1% (v/v) 2-Mercaptoethanol and Zymolyase (Zymo Research, Irvine, CA) for 25 min at 30°C and 100 rpm shaking. Lysis and RNA purification was then performed using the RNeasy kit (Qiagen, Cat #74104). RNA quality was analyzed to ensure RNA Quality Number >7. KAPA HyperPrep kit (Roche, Basel, SUI)	
SRR12802804	WARN(3,4,6)	SRX9271628	SAMN16407054	SRP286906	NextSeq 500 sequencing: GSM4826602: P6-A3B Komagataella phaffii RNA-Seq				P6-A3B		GSE159325	PRJNA668364	460519	Komagataella phaffii	RNA-Seq	TRANSCRIPTOMIC	cDNA	NextSeq 500	940765040	GSM4826602	Host-informed molecular engineering improves antigen quality and enables integrated manufacturing of a trivalent subunit vaccine [RNA-seq]	NextSeq 500 sequencing: GSM4826602: P6-A3B Komagataella phaffii RNA-Seq	Cells were first digested in digestion buffer (50 mM EDTA, 500 mM sorbitol, pH 7.4) supplemented with 0.1% (v/v) 2-Mercaptoethanol and Zymolyase (Zymo Research, Irvine, CA) for 25 min at 30°C and 100 rpm shaking. Lysis and RNA purification was then performed using the RNeasy kit (Qiagen, Cat #74104). RNA quality was analyzed to ensure RNA Quality Number >7. KAPA HyperPrep kit (Roche, Basel, SUI)	
SRR12802807	PASS	SRX9271631	SAMN16407059	SRP286906	NextSeq 500 sequencing: GSM4826605: P4-A1B Komagataella phaffii RNA-Seq				P4-A1B		GSE159325	PRJNA668364	460519	Komagataella phaffii	RNA-Seq	TRANSCRIPTOMIC	cDNA	NextSeq 500	1666692640	GSM4826605	Host-informed molecular engineering improves antigen quality and enables integrated manufacturing of a trivalent subunit vaccine [RNA-seq]	NextSeq 500 sequencing: GSM4826605: P4-A1B Komagataella phaffii RNA-Seq	Cells were first digested in digestion buffer (50 mM EDTA, 500 mM sorbitol, pH 7.4) supplemented with 0.1% (v/v) 2-Mercaptoethanol and Zymolyase (Zymo Research, Irvine, CA) for 25 min at 30°C and 100 rpm shaking. Lysis and RNA purification was then performed using the RNeasy kit (Qiagen, Cat #74104). RNA quality was analyzed to ensure RNA Quality Number >7. KAPA HyperPrep kit (Roche, Basel, SUI)	
SRR12804255	PASS	SRX9273043	SAMN16408349	SRP286925	NextSeq 500 sequencing: GSM4826870: RNA.P4 rep1 Komagataella phaffii RNA-Seq				RNA.P4 rep1		GSE159336	PRJNA668384	460519	Komagataella phaffii	RNA-Seq	TRANSCRIPTOMIC	cDNA	NextSeq 500	1327108580	GSM4826870	Host-informed molecular engineering improves antigen quality and enables integrated manufacturing of a trivalent subunit vaccine [Ribo-seq]	NextSeq 500 sequencing: GSM4826870: RNA.P4 rep1 Komagataella phaffii RNA-Seq	KAPA HyperPrep kit (Roche, Basel, SUI) Cell samples from cultures expressing P[4] or P[6] were transferred to a shake-flask containing 500 mL of pre-warmed fresh BMMY media to achieve an OD600 = 0.5. Cell harvest, cell lysis, and recovery of ribosome footprints were performed as described previously (Taggart et al., Cell Syst. 2018). Samples were split following lysis for total RNA-Seq and ribosome profiling (Ribo-Seq).	
SRR12808426	FAIL(3,4,6)	SRX9277213	SAMN16414994	SRP287050	Illumina NovaSeq 6000 sequencing: RNA-Seq of Komagataella phaffii: GS115 45h sample replicate 1				Microbe sample from Komagataella phaffii		PRJNA668560	PRJNA668560	460519	Komagataella phaffii	RNA-Seq	TRANSCRIPTOMIC	cDNA	Illumina NovaSeq 6000	19857368700	GS115_45h_rep1	Transcriptome analysis of Pichia pastoris delta-FLD adaptation strain with high methanol utilization and tolerance	Illumina NovaSeq 6000 sequencing: RNA-Seq of Komagataella phaffii: GS115 45h sample replicate 1		
SRR12808428	PASS	SRX9277211	SAMN16414992	SRP287050	Illumina NovaSeq 6000 sequencing: RNA-Seq of Komagataella phaffii: GS115 24h sample replicate 2				Microbe sample from Komagataella phaffii		PRJNA668560	PRJNA668560	460519	Komagataella phaffii	RNA-Seq	TRANSCRIPTOMIC	cDNA	Illumina NovaSeq 6000	7069178400	GS115_24h_rep2	Transcriptome analysis of Pichia pastoris delta-FLD adaptation strain with high methanol utilization and tolerance	Illumina NovaSeq 6000 sequencing: RNA-Seq of Komagataella phaffii: GS115 24h sample replicate 2		
SRR12808430	PASS	SRX9277209	SAMN16414990	SRP287050	Illumina NovaSeq 6000 sequencing: RNA-Seq of Komagataella phaffii: GS115 6h sample replicate 3				Microbe sample from Komagataella phaffii		PRJNA668560	PRJNA668560	460519	Komagataella phaffii	RNA-Seq	TRANSCRIPTOMIC	cDNA	Illumina NovaSeq 6000	7193177400	GS115_6h_rep3	Transcriptome analysis of Pichia pastoris delta-FLD adaptation strain with high methanol utilization and tolerance	Illumina NovaSeq 6000 sequencing: RNA-Seq of Komagataella phaffii: GS115 6h sample replicate 3		
SRR12808434	FAIL(3,4,6)	SRX9277205	SAMN16415013	SRP287050	Illumina NovaSeq 6000 sequencing: RNA-Seq of Komagataella phaffii: FLDV6 45h sample replicate 2				Microbe sample from Komagataella phaffii		PRJNA668560	PRJNA668560	460519	Komagataella phaffii	RNA-Seq	TRANSCRIPTOMIC	cDNA	Illumina NovaSeq 6000	17109054600	FLDV6_45h_rep2	Transcriptome analysis of Pichia pastoris delta-FLD adaptation strain with high methanol utilization and tolerance	Illumina NovaSeq 6000 sequencing: RNA-Seq of Komagataella phaffii: FLDV6 45h sample replicate 2		
SRR12808436	PASS	SRX9277203	SAMN16415011	SRP287050	Illumina NovaSeq 6000 sequencing: RNA-Seq of Komagataella phaffii: FLDV6 24h sample replicate 3				Microbe sample from Komagataella phaffii		PRJNA668560	PRJNA668560	460519	Komagataella phaffii	RNA-Seq	TRANSCRIPTOMIC	cDNA	Illumina NovaSeq 6000	6328496700	FLDV6_24h_rep3	Transcriptome analysis of Pichia pastoris delta-FLD adaptation strain with high methanol utilization and tolerance	Illumina NovaSeq 6000 sequencing: RNA-Seq of Komagataella phaffii: FLDV6 24h sample replicate 3		
SRR12808437	PASS	SRX9277202	SAMN16415010	SRP287050	Illumina NovaSeq 6000 sequencing: RNA-Seq of Komagataella phaffii: FLDV6 24h sample replicate 2				Microbe sample from Komagataella phaffii		PRJNA668560	PRJNA668560	460519	Komagataella phaffii	RNA-Seq	TRANSCRIPTOMIC	cDNA	Illumina NovaSeq 6000	7034282100	FLDV6_24h_rep2	Transcriptome analysis of Pichia pastoris delta-FLD adaptation strain with high methanol utilization and tolerance	Illumina NovaSeq 6000 sequencing: RNA-Seq of Komagataella phaffii: FLDV6 24h sample replicate 2		
SRR12808438	PASS	SRX9277201	SAMN16415009	SRP287050	Illumina NovaSeq 6000 sequencing: RNA-Seq of Komagataella phaffii: FLDV6 24h sample replicate 1				Microbe sample from Komagataella phaffii		PRJNA668560	PRJNA668560	460519	Komagataella phaffii	RNA-Seq	TRANSCRIPTOMIC	cDNA	Illumina NovaSeq 6000	6525167700	FLDV6_24h_rep1	Transcriptome analysis of Pichia pastoris delta-FLD adaptation strain with high methanol utilization and tolerance	Illumina NovaSeq 6000 sequencing: RNA-Seq of Komagataella phaffii: FLDV6 24h sample replicate 1		
SRR12808441	PASS	SRX9277198	SAMN16415006	SRP287050	Illumina NovaSeq 6000 sequencing: RNA-Seq of Komagataella phaffii: FLDV6 6h sample replicate 1				Microbe sample from Komagataella phaffii		PRJNA668560	PRJNA668560	460519	Komagataella phaffii	RNA-Seq	TRANSCRIPTOMIC	cDNA	Illumina NovaSeq 6000	6288143700	FLDV6_6h_rep1	Transcriptome analysis of Pichia pastoris delta-FLD adaptation strain with high methanol utilization and tolerance	Illumina NovaSeq 6000 sequencing: RNA-Seq of Komagataella phaffii: FLDV6 6h sample replicate 1		
SRR12808442	PASS	SRX9277197	SAMN16415005	SRP287050	Illumina NovaSeq 6000 sequencing: RNA-Seq of Komagataella phaffii: FLD 45h sample replicate 3				Microbe sample from Komagataella phaffii		PRJNA668560	PRJNA668560	460519	Komagataella phaffii	RNA-Seq	TRANSCRIPTOMIC	cDNA	Illumina NovaSeq 6000	7016029800	FLD_45h_rep3	Transcriptome analysis of Pichia pastoris delta-FLD adaptation strain with high methanol utilization and tolerance	Illumina NovaSeq 6000 sequencing: RNA-Seq of Komagataella phaffii: FLD 45h sample replicate 3		
SRR12808446	PASS	SRX9277193	SAMN16415002	SRP287050	Illumina NovaSeq 6000 sequencing: RNA-Seq of Komagataella phaffii: FLD 24h sample replicate 3				Microbe sample from Komagataella phaffii		PRJNA668560	PRJNA668560	460519	Komagataella phaffii	RNA-Seq	TRANSCRIPTOMIC	cDNA	Illumina NovaSeq 6000	7254991800	FLD_24h_rep3	Transcriptome analysis of Pichia pastoris delta-FLD adaptation strain with high methanol utilization and tolerance	Illumina NovaSeq 6000 sequencing: RNA-Seq of Komagataella phaffii: FLD 24h sample replicate 3		
SRR12808449	PASS	SRX9277190	SAMN16414999	SRP287050	Illumina NovaSeq 6000 sequencing: RNA-Seq of Komagataella phaffii: FLD 6h sample replicate 3				Microbe sample from Komagataella phaffii		PRJNA668560	PRJNA668560	460519	Komagataella phaffii	RNA-Seq	TRANSCRIPTOMIC	cDNA	Illumina NovaSeq 6000	6931134600	FLD_6h_rep3	Transcriptome analysis of Pichia pastoris delta-FLD adaptation strain with high methanol utilization and tolerance	Illumina NovaSeq 6000 sequencing: RNA-Seq of Komagataella phaffii: FLD 6h sample replicate 3		
SRR12808450	PASS	SRX9277189	SAMN16414998	SRP287050	Illumina NovaSeq 6000 sequencing: RNA-Seq of Komagataella phaffii: FLD 6h sample replicate 2				Microbe sample from Komagataella phaffii		PRJNA668560	PRJNA668560	460519	Komagataella phaffii	RNA-Seq	TRANSCRIPTOMIC	cDNA	Illumina NovaSeq 6000	7167813900	FLD_6h_rep2	Transcriptome analysis of Pichia pastoris delta-FLD adaptation strain with high methanol utilization and tolerance	Illumina NovaSeq 6000 sequencing: RNA-Seq of Komagataella phaffii: FLD 6h sample replicate 2		
SRR12808453	WARN(3,4,6)	SRX9277186	SAMN16414995	SRP287050	Illumina NovaSeq 6000 sequencing: RNA-Seq of Komagataella phaffii: GS115 45h sample replicate 2				Microbe sample from Komagataella phaffii		PRJNA668560	PRJNA668560	460519	Komagataella phaffii	RNA-Seq	TRANSCRIPTOMIC	cDNA	Illumina NovaSeq 6000	9019673700	GS115_45h_rep2	Transcriptome analysis of Pichia pastoris delta-FLD adaptation strain with high methanol utilization and tolerance	Illumina NovaSeq 6000 sequencing: RNA-Seq of Komagataella phaffii: GS115 45h sample replicate 2		
SRR31657993	FAIL(3,4)	SRX27020892	SAMN45381434	SRP513264	Illumina NovaSeq 6000 sequencing: RNA-Seq of recombinant vHH producing K. phaffii: CBS2612_pG1-3_VHH_dflo8_CRISPRa_gRNA(chr2_549095-549117)_R1				Small-scale, glucose-limited, fed-batch-like screening assays of a CBS2612 flo8 knockout strain, producing secreted VHH under the control a pG1-3 promoter (CBS2612 delta_flo8 pG1-3 VHH), additionally expressing CRISPR activation machinery and a scaffold guide RNA targeted to 549095-549117 on chr2. Target Sequence: TGACATTGATACCATGTCGAAGG. Sample taken at end of screening (72h). Replicate 1		PRJNA1122771	PRJNA1122771	460519	Komagataella phaffii	RNA-Seq	TRANSCRIPTOMIC	Inverse rRNA	Illumina NovaSeq 6000	16742626200	CBS2612_pG1-3_VHH_dflo8_CRISPRa_gRNA(chr2_549095-549117)_R1	CRISPR-activation mediated long non-coding RNA overexpression in Komagataella phaffii	Illumina NovaSeq 6000 sequencing: RNA-Seq of recombinant vHH producing K. phaffii: CBS2612_pG1-3_VHH_dflo8_CRISPRa_gRNA(chr2_549095-549117)_R1		
SRR31657994	PASS	SRX27020891	SAMN45381433	SRP513264	Illumina NovaSeq 6000 sequencing: RNA-Seq of recombinant vHH producing K. phaffii: CBS2612_pG1-3_VHH_dflo8_CRISPRa_gRNA(chr1_783398-783420)_R3				Small-scale, glucose-limited, fed-batch-like screening assays of a CBS2612 flo8 knockout strain, producing secreted VHH under the control a pG1-3 promoter (CBS2612 delta_flo8 pG1-3 VHH), additionally expressing CRISPR activation machinery and a scaffold guide RNA targeted to 783398-783420 on chr1. Target Sequence: GTTGGCGGTAGTAACTTGGGTGG. Sample taken at end of screening (72h). Replicate 3		PRJNA1122771	PRJNA1122771	460519	Komagataella phaffii	RNA-Seq	TRANSCRIPTOMIC	Inverse rRNA	Illumina NovaSeq 6000	16218297300	CBS2612_pG1-3_VHH_dflo8_CRISPRa_gRNA(chr1_783398-783420)_R3	CRISPR-activation mediated long non-coding RNA overexpression in Komagataella phaffii	Illumina NovaSeq 6000 sequencing: RNA-Seq of recombinant vHH producing K. phaffii: CBS2612_pG1-3_VHH_dflo8_CRISPRa_gRNA(chr1_783398-783420)_R3		
SRR36552964	PASS	SRX31566795	SAMN54182359	SRP657116	Illumina HiSeq 1000 sequencing: library7				GSAR-17-2_L1_1		PRJNA1390409	PRJNA1390409	460519	Komagataella phaffii	RNA-Seq	TRANSCRIPTOMIC	Oligo-dT	Illumina HiSeq 1000	7642035000	GSAR-17-2_L1_1	GSAR RNA-Seq Raw sequence reads	Illumina HiSeq 1000 sequencing: library7		
SRR36552965	PASS	SRX31566794	SAMN54182357	SRP657116	Illumina HiSeq 1000 sequencing: library5				GSAR-17-1_L1_1		PRJNA1390409	PRJNA1390409	460519	Komagataella phaffii	RNA-Seq	TRANSCRIPTOMIC	Oligo-dT	Illumina HiSeq 1000	7310918100	GSAR-17-1_L1_1	GSAR RNA-Seq Raw sequence reads	Illumina HiSeq 1000 sequencing: library5		
SRR26855642	PASS	SRX22550826	SAMN38286237	SRP472421	Illumina NovaSeq 6000 sequencing: K.phaffii induced by methanol						PRJNA1041482	PRJNA1041482	460519	Komagataella phaffii	RNA-Seq	TRANSCRIPTOMIC	PolyA	Illumina NovaSeq 6000	6620410695	D3_M3	RNA-seq of K. phaffii without D3 sequence in AOX1 promoter	Illumina NovaSeq 6000 sequencing: K.phaffii induced by methanol		
SRR26855646	PASS	SRX22550822	SAMN38286233	SRP472421	Illumina NovaSeq 6000 sequencing: K.phaffii induced by methanol						PRJNA1041482	PRJNA1041482	460519	Komagataella phaffii	RNA-Seq	TRANSCRIPTOMIC	PolyA	Illumina NovaSeq 6000	6080072968	WT_M2	RNA-seq of K. phaffii without D3 sequence in AOX1 promoter	Illumina NovaSeq 6000 sequencing: K.phaffii induced by methanol		
SRR15669386	PASS	SRX11966060	SAMN20981854	SRP334724	MGISEQ-2000RS sequencing: RNA-Seq of Komagataella phaffii				Microbe sample from Komagataella phaffii		PRJNA757827	PRJNA757827	460519	Komagataella phaffii	RNA-Seq	TRANSCRIPTOMIC	PCR	MGISEQ-2000RS	6354693000	KO_FDH_M	Transcriptome of the methanol dissimilation pathway in Pichia pastoris	MGISEQ-2000RS sequencing: RNA-Seq of Komagataella phaffii		
SRR15669389	PASS	SRX11966054	SAMN20981852	SRP334724	MGISEQ-2000RS sequencing: RNA-Seq of Komagataella phaffii				Microbe sample from Komagataella phaffii		PRJNA757827	PRJNA757827	460519	Komagataella phaffii	RNA-Seq	TRANSCRIPTOMIC	PCR	MGISEQ-2000RS	6383026200	KO_FLD_M	Transcriptome of the methanol dissimilation pathway in Pichia pastoris	MGISEQ-2000RS sequencing: RNA-Seq of Komagataella phaffii		
SRR15669391	PASS	SRX11966051	SAMN20981854	SRP334724	MGISEQ-2000RS sequencing: RNA-Seq of Komagataella phaffii				Microbe sample from Komagataella phaffii		PRJNA757827	PRJNA757827	460519	Komagataella phaffii	RNA-Seq	TRANSCRIPTOMIC	PCR	MGISEQ-2000RS	6428068500	KO_FDH_M	Transcriptome of the methanol dissimilation pathway in Pichia pastoris	MGISEQ-2000RS sequencing: RNA-Seq of Komagataella phaffii		
SRR18131264	PASS	SRX14279351	SAMN26155213	SRP361344	Illumina HiSeq 2000 sequencing: RNA-Seq of P. pastoris mutant				Keywords: GSC:MIxS MIGS:5.0		PRJNA809210	PRJNA809210	460519	Komagataella phaffii	RNA-Seq	TRANSCRIPTOMIC	Oligo-dT	Illumina HiSeq 2000	7252145700	WTGg3	Carbon source utilization of Pichia pastoris	Illumina HiSeq 2000 sequencing: RNA-Seq of P. pastoris mutant		
SRR18131265	PASS	SRX14279350	SAMN26155212	SRP361344	Illumina HiSeq 2000 sequencing: RNA-Seq of P. pastoris mutant				Keywords: GSC:MIxS MIGS:5.0		PRJNA809210	PRJNA809210	460519	Komagataella phaffii	RNA-Seq	TRANSCRIPTOMIC	Oligo-dT	Illumina HiSeq 2000	6516807600	WTGg2	Carbon source utilization of Pichia pastoris	Illumina HiSeq 2000 sequencing: RNA-Seq of P. pastoris mutant		
SRR18131269	PASS	SRX14279346	SAMN26155208	SRP361344	Illumina HiSeq 2000 sequencing: RNA-Seq of P. pastoris				Keywords: GSC:MIxS MIGS:5.0		PRJNA809210	PRJNA809210	460519	Komagataella phaffii	RNA-Seq	TRANSCRIPTOMIC	Oligo-dT	Illumina HiSeq 2000	7056735300	MUTGg1	Carbon source utilization of Pichia pastoris	Illumina HiSeq 2000 sequencing: RNA-Seq of P. pastoris		
SRR21913270	PASS	SRX17899196	SAMN31206568	SRP402769	BGISEQ-500 sequencing: sample 7				Glyco4 1 biological replicate 1		PRJNA890185	PRJNA890185	460519	Komagataella phaffii	RNA-Seq	TRANSCRIPTOMIC	cDNA	BGISEQ-500	6456616500	Glyco4 1-1	Komagataella phaffii Transcriptome or Gene expression	BGISEQ-500 sequencing: sample 7		
SRR21913278	PASS	SRX17899188	SAMN31206562	SRP402769	BGISEQ-500 sequencing: sample 1				GS115 1 biological replicate 1		PRJNA890185	PRJNA890185	460519	Komagataella phaffii	RNA-Seq	TRANSCRIPTOMIC	cDNA	BGISEQ-500	6641194800	GS115 1-1	Komagataella phaffii Transcriptome or Gene expression	BGISEQ-500 sequencing: sample 1		
SRR23319713	WARN(1,5,7)	SRX19262241	SAMN33011514	SRP420684	Illumina MiSeq sequencing: K_phaffii_KM71F after 47 h methanol fed-batch, replicate 2				K_phaffii_KM71F after 47 h methanol fed-batch, pH 3, 30C, 0.5 g/L contant methanol, replicate 2		PRJNA930494	PRJNA930494	460519	Komagataella phaffii	RNA-Seq	TRANSCRIPTOMIC	unspecified	Illumina MiSeq	740252789	CP3M3_47h	Komagataella phaffii Raw sequence reads	Illumina MiSeq sequencing: K_phaffii_KM71F after 47 h methanol fed-batch, replicate 2		
SRR23319716	WARN(1,5,7)	SRX19262238	SAMN33011511	SRP420684	Illumina MiSeq sequencing: K_phaffii_KM71F after 47 h methanol fed-batch, replicate 1				K_phaffii_KM71F after 47 h methanol fed-batch, pH 6, 24C, 1.5 g/L contant methanol, replicate 1		PRJNA930494	PRJNA930494	460519	Komagataella phaffii	RNA-Seq	TRANSCRIPTOMIC	unspecified	Illumina MiSeq	728139543	CM2M7_47h	Komagataella phaffii Raw sequence reads	Illumina MiSeq sequencing: K_phaffii_KM71F after 47 h methanol fed-batch, replicate 1		
SRR23330442	PASS	SRX19272685	SAMN33051918	SRP420805	Illumina NovaSeq 6000 sequencing: GSM7022092: Glucose, T=15 (pH 8.0), rep 1 [S20] Komagataella phaffii RNA-Seq				Glucose, T=15 (pH 8.0), rep 1 [S20]		GSE224427	PRJNA931229	460519	Komagataella phaffii	RNA-Seq	TRANSCRIPTOMIC	cDNA	Illumina NovaSeq 6000	3727879800	GSM7022092	Transcriptomic profiling of the yeast Komagataella phaffii in response to environmental alkalinization	Illumina NovaSeq 6000 sequencing: GSM7022092: Glucose, T=15 (pH 8.0), rep 1 [S20] Komagataella phaffii RNA-Seq	Total RNA was extracted with the Ribo Pure™-Yeast kit (Ambion) following the manufacturer's instructions. The quality was assessed by capillary electrophoresis in a Bioanalyzer equipment and RNA amounts quantified by measuring the A260 in a Nanodrop ND-1000 Spectrophotometer. mRNA was purified from total RNA using poly-T oligo-attached magnetic beads. After fragmentation, the first strand cDNA was synthesized using random hexamer primers, followed by the second strand cDNA synthesis using dTTP (non-directional library). The library was checked by Qubit™ assay (Thermofisher) and real-time PCR for quantification and size distribution monitored with a Bioanalyzer.	
SRR23330443	PASS	SRX19272684	SAMN33051919	SRP420805	Illumina NovaSeq 6000 sequencing: GSM7022091: Glucose, T=0 (pH 5.5), rep 2 [S23] Komagataella phaffii RNA-Seq				Glucose, T=0 (pH 5.5), rep 2 [S23]		GSE224427	PRJNA931229	460519	Komagataella phaffii	RNA-Seq	TRANSCRIPTOMIC	cDNA	Illumina NovaSeq 6000	3112956750	GSM7022091	Transcriptomic profiling of the yeast Komagataella phaffii in response to environmental alkalinization	Illumina NovaSeq 6000 sequencing: GSM7022091: Glucose, T=0 (pH 5.5), rep 2 [S23] Komagataella phaffii RNA-Seq	Total RNA was extracted with the Ribo Pure™-Yeast kit (Ambion) following the manufacturer's instructions. The quality was assessed by capillary electrophoresis in a Bioanalyzer equipment and RNA amounts quantified by measuring the A260 in a Nanodrop ND-1000 Spectrophotometer. mRNA was purified from total RNA using poly-T oligo-attached magnetic beads. After fragmentation, the first strand cDNA was synthesized using random hexamer primers, followed by the second strand cDNA synthesis using dTTP (non-directional library). The library was checked by Qubit™ assay (Thermofisher) and real-time PCR for quantification and size distribution monitored with a Bioanalyzer.	
SRR23330444	PASS	SRX19272683	SAMN33051920	SRP420805	Illumina NovaSeq 6000 sequencing: GSM7022090: Glucose, T=0 (pH 5.5), rep 1 [S19] Komagataella phaffii RNA-Seq				Glucose, T=0 (pH 5.5), rep 1 [S19]		GSE224427	PRJNA931229	460519	Komagataella phaffii	RNA-Seq	TRANSCRIPTOMIC	cDNA	Illumina NovaSeq 6000	3447716400	GSM7022090	Transcriptomic profiling of the yeast Komagataella phaffii in response to environmental alkalinization	Illumina NovaSeq 6000 sequencing: GSM7022090: Glucose, T=0 (pH 5.5), rep 1 [S19] Komagataella phaffii RNA-Seq	Total RNA was extracted with the Ribo Pure™-Yeast kit (Ambion) following the manufacturer's instructions. The quality was assessed by capillary electrophoresis in a Bioanalyzer equipment and RNA amounts quantified by measuring the A260 in a Nanodrop ND-1000 Spectrophotometer. mRNA was purified from total RNA using poly-T oligo-attached magnetic beads. After fragmentation, the first strand cDNA was synthesized using random hexamer primers, followed by the second strand cDNA synthesis using dTTP (non-directional library). The library was checked by Qubit™ assay (Thermofisher) and real-time PCR for quantification and size distribution monitored with a Bioanalyzer.	
SRR23330449	PASS	SRX19272678	SAMN33051925	SRP420805	Illumina NovaSeq 6000 sequencing: GSM7022085: glycerol, T=15 (pH 8.2), rep 2 [S16] Komagataella phaffii RNA-Seq				glycerol, T=15 (pH 8.2), rep 2 [S16]		GSE224427	PRJNA931229	460519	Komagataella phaffii	RNA-Seq	TRANSCRIPTOMIC	cDNA	Illumina NovaSeq 6000	3750339000	GSM7022085	Transcriptomic profiling of the yeast Komagataella phaffii in response to environmental alkalinization	Illumina NovaSeq 6000 sequencing: GSM7022085: glycerol, T=15 (pH 8.2), rep 2 [S16] Komagataella phaffii RNA-Seq	Total RNA was extracted with the Ribo Pure™-Yeast kit (Ambion) following the manufacturer's instructions. The quality was assessed by capillary electrophoresis in a Bioanalyzer equipment and RNA amounts quantified by measuring the A260 in a Nanodrop ND-1000 Spectrophotometer. mRNA was purified from total RNA using poly-T oligo-attached magnetic beads. After fragmentation, the first strand cDNA was synthesized using random hexamer primers, followed by the second strand cDNA synthesis using dTTP (non-directional library). The library was checked by Qubit™ assay (Thermofisher) and real-time PCR for quantification and size distribution monitored with a Bioanalyzer.	
SRR23330450	PASS	SRX19272677	SAMN33051926	SRP420805	Illumina NovaSeq 6000 sequencing: GSM7022084: glycerol, T=15 (pH 8.2), rep 1 [S12] Komagataella phaffii RNA-Seq				glycerol, T=15 (pH 8.2), rep 1 [S12]		GSE224427	PRJNA931229	460519	Komagataella phaffii	RNA-Seq	TRANSCRIPTOMIC	cDNA	Illumina NovaSeq 6000	3769986750	GSM7022084	Transcriptomic profiling of the yeast Komagataella phaffii in response to environmental alkalinization	Illumina NovaSeq 6000 sequencing: GSM7022084: glycerol, T=15 (pH 8.2), rep 1 [S12] Komagataella phaffii RNA-Seq	Total RNA was extracted with the Ribo Pure™-Yeast kit (Ambion) following the manufacturer's instructions. The quality was assessed by capillary electrophoresis in a Bioanalyzer equipment and RNA amounts quantified by measuring the A260 in a Nanodrop ND-1000 Spectrophotometer. mRNA was purified from total RNA using poly-T oligo-attached magnetic beads. After fragmentation, the first strand cDNA was synthesized using random hexamer primers, followed by the second strand cDNA synthesis using dTTP (non-directional library). The library was checked by Qubit™ assay (Thermofisher) and real-time PCR for quantification and size distribution monitored with a Bioanalyzer.	
SRR23330458	PASS	SRX19272669	SAMN33051934	SRP420805	Illumina NovaSeq 6000 sequencing: GSM7022076: glycerol, T=15 (pH 8.0), rep 3 [a2] Komagataella phaffii RNA-Seq				glycerol, T=15 (pH 8.0), rep 3 [a2]		GSE224427	PRJNA931229	460519	Komagataella phaffii	RNA-Seq	TRANSCRIPTOMIC	cDNA	Illumina NovaSeq 6000	3191429850	GSM7022076	Transcriptomic profiling of the yeast Komagataella phaffii in response to environmental alkalinization	Illumina NovaSeq 6000 sequencing: GSM7022076: glycerol, T=15 (pH 8.0), rep 3 [a2] Komagataella phaffii RNA-Seq	Total RNA was extracted with the Ribo Pure™-Yeast kit (Ambion) following the manufacturer's instructions. The quality was assessed by capillary electrophoresis in a Bioanalyzer equipment and RNA amounts quantified by measuring the A260 in a Nanodrop ND-1000 Spectrophotometer. mRNA was purified from total RNA using poly-T oligo-attached magnetic beads. After fragmentation, the first strand cDNA was synthesized using random hexamer primers, followed by the second strand cDNA synthesis using dTTP (non-directional library). The library was checked by Qubit™ assay (Thermofisher) and real-time PCR for quantification and size distribution monitored with a Bioanalyzer.	
SRR23330462	PASS	SRX19272665	SAMN33051938	SRP420805	Illumina NovaSeq 6000 sequencing: GSM7022072: glycerol, T=0 (pH 5.5), rep 1 [a1] Komagataella phaffii RNA-Seq				glycerol, T=0 (pH 5.5), rep 1 [a1]		GSE224427	PRJNA931229	460519	Komagataella phaffii	RNA-Seq	TRANSCRIPTOMIC	cDNA	Illumina NovaSeq 6000	3384206250	GSM7022072	Transcriptomic profiling of the yeast Komagataella phaffii in response to environmental alkalinization	Illumina NovaSeq 6000 sequencing: GSM7022072: glycerol, T=0 (pH 5.5), rep 1 [a1] Komagataella phaffii RNA-Seq	Total RNA was extracted with the Ribo Pure™-Yeast kit (Ambion) following the manufacturer's instructions. The quality was assessed by capillary electrophoresis in a Bioanalyzer equipment and RNA amounts quantified by measuring the A260 in a Nanodrop ND-1000 Spectrophotometer. mRNA was purified from total RNA using poly-T oligo-attached magnetic beads. After fragmentation, the first strand cDNA was synthesized using random hexamer primers, followed by the second strand cDNA synthesis using dTTP (non-directional library). The library was checked by Qubit™ assay (Thermofisher) and real-time PCR for quantification and size distribution monitored with a Bioanalyzer.	
SRR25915866	PASS	SRX21635738	SAMN37283805	SRP458584	Illumina NovaSeq 6000 sequencing: RNA-Seq of K. phaffii: CBS2612				Retentostat cultivation of a CBS2612 flo8 knockout strain, producing secreted VHH under the control a pG1-3 promoter (CBS2612 delta_flo8 pG1-3 VHH). Long chemostat phase before retentostat initiation. Sample taken during the chemostat phase (mu=0.025) preceding the retentostat. Replicate 1		PRJNA1013119	PRJNA1013119	460519	Komagataella phaffii	RNA-Seq	TRANSCRIPTOMIC	Inverse rRNA	Illumina NovaSeq 6000	8169724800	C025_SS_0.025	Transcriptomic analysis of recombinant Komagataella phaffii at near-zero growth rates	Illumina NovaSeq 6000 sequencing: RNA-Seq of K. phaffii: CBS2612		
SRR25915868	PASS	SRX21635736	SAMN37283803	SRP458584	Illumina NovaSeq 6000 sequencing: RNA-Seq of K. phaffii: CBS2612				Retentostat cultivation of a CBS2612 flo8 knockout strain, producing secreted VHH under the control a pG1-3 promoter (CBS2612 delta_flo8 pG1-3 VHH). Short chemostat phase before retentostat initiation. Sample taken ~14 days after initiation. Replicate 2		PRJNA1013119	PRJNA1013119	460519	Komagataella phaffii	RNA-Seq	TRANSCRIPTOMIC	Inverse rRNA	Illumina NovaSeq 6000	9944740500	C024_R6	Transcriptomic analysis of recombinant Komagataella phaffii at near-zero growth rates	Illumina NovaSeq 6000 sequencing: RNA-Seq of K. phaffii: CBS2612		
SRR25915875	PASS	SRX21635729	SAMN37283817	SRP458584	Illumina NovaSeq 6000 sequencing: RNA-Seq of K. phaffii: CBS2612				Retentostat cultivation of a CBS2612 flo8 knockout strain, producing secreted VHH under the control a pG1-3 promoter (CBS2612 delta_flo8 pG1-3 VHH). Short chemostat phase before retentostat initiation. Sample taken ~28 days after initiation. Replicate 3		PRJNA1013119	PRJNA1013119	460519	Komagataella phaffii	RNA-Seq	TRANSCRIPTOMIC	Inverse rRNA	Illumina NovaSeq 6000	11019078600	C030_R10	Transcriptomic analysis of recombinant Komagataella phaffii at near-zero growth rates	Illumina NovaSeq 6000 sequencing: RNA-Seq of K. phaffii: CBS2612		
SRR25915877	PASS	SRX21635727	SAMN37283816	SRP458584	Illumina NovaSeq 6000 sequencing: RNA-Seq of K. phaffii: CBS2612				Retentostat cultivation of a CBS2612 flo8 knockout strain, producing secreted VHH under the control a pG1-3 promoter (CBS2612 delta_flo8 pG1-3 VHH). Short chemostat phase before retentostat initiation. Sample taken ~14 days after initiation. Replicate 3		PRJNA1013119	PRJNA1013119	460519	Komagataella phaffii	RNA-Seq	TRANSCRIPTOMIC	Inverse rRNA	Illumina NovaSeq 6000	9367286100	C030_R6	Transcriptomic analysis of recombinant Komagataella phaffii at near-zero growth rates	Illumina NovaSeq 6000 sequencing: RNA-Seq of K. phaffii: CBS2612		
SRR25915878	PASS	SRX21635726	SAMN37283815	SRP458584	Illumina NovaSeq 6000 sequencing: RNA-Seq of K. phaffii: CBS2612				Retentostat cultivation of a CBS2612 flo8 knockout strain, producing secreted VHH under the control a pG1-3 promoter (CBS2612 delta_flo8 pG1-3 VHH). Short chemostat phase before retentostat initiation. Sample taken ~6 days after initiation. Replicate 3		PRJNA1013119	PRJNA1013119	460519	Komagataella phaffii	RNA-Seq	TRANSCRIPTOMIC	Inverse rRNA	Illumina NovaSeq 6000	7750447200	C030_R3	Transcriptomic analysis of recombinant Komagataella phaffii at near-zero growth rates	Illumina NovaSeq 6000 sequencing: RNA-Seq of K. phaffii: CBS2612		
SRR25915881	PASS	SRX21635723	SAMN37283812	SRP458584	Illumina NovaSeq 6000 sequencing: RNA-Seq of K. phaffii: CBS2612				Retentostat cultivation of a CBS2612 flo8 knockout strain, producing secreted VHH under the control a pG1-3 promoter (CBS2612 delta_flo8 pG1-3 VHH). Long chemostat phase before retentostat initiation. Sample taken ~6 days after initiation. Replicate 3		PRJNA1013119	PRJNA1013119	460519	Komagataella phaffii	RNA-Seq	TRANSCRIPTOMIC	Inverse rRNA	Illumina NovaSeq 6000	9535539300	C029_R3	Transcriptomic analysis of recombinant Komagataella phaffii at near-zero growth rates	Illumina NovaSeq 6000 sequencing: RNA-Seq of K. phaffii: CBS2612		
SRR25915882	PASS	SRX21635722	SAMN37283811	SRP458584	Illumina NovaSeq 6000 sequencing: RNA-Seq of K. phaffii: CBS2612				Retentostat cultivation of a CBS2612 flo8 knockout strain, producing secreted VHH under the control a pG1-3 promoter (CBS2612 delta_flo8 pG1-3 VHH). Long chemostat phase before retentostat initiation. Sample taken during the chemostat phase (mu=0.025) preceding the retentostat. Replicate 3		PRJNA1013119	PRJNA1013119	460519	Komagataella phaffii	RNA-Seq	TRANSCRIPTOMIC	Inverse rRNA	Illumina NovaSeq 6000	9937470300	C029_SS_0.025	Transcriptomic analysis of recombinant Komagataella phaffii at near-zero growth rates	Illumina NovaSeq 6000 sequencing: RNA-Seq of K. phaffii: CBS2612		
SRR27441414	PASS	SRX23113691	SAMN39274393	SRP482147	NextSeq 500 sequencing: GSM8003805: ∆6 HSA rep2 Komagataella phaffii RNA-Seq				∆6 HSA rep2		GSE252605	PRJNA1061507	460519	Komagataella phaffii	RNA-Seq	TRANSCRIPTOMIC	cDNA	NextSeq 500	666721700	GSM8003805	CRISPR-Cas9 knockout screen informs efficient reduction of the Komagataella phaffii secretome	NextSeq 500 sequencing: GSM8003805: ∆6 HSA rep2 Komagataella phaffii RNA-Seq	RNA was extracted and purified according to the Qiagen RNeasy kit (cat #74104) and RNA quality was analyzed to ensure RNA Quality Number >6.5. Sequencing libraries were prepared using the Nextera XT kit according to the manufacturer's instructions.	
SRR27441417	WARN(5,7)	SRX23113688	SAMN39274396	SRP482147	NextSeq 500 sequencing: GSM8003802: Base trastuzumab rep2 Komagataella phaffii RNA-Seq				Base trastuzumab rep2		GSE252605	PRJNA1061507	460519	Komagataella phaffii	RNA-Seq	TRANSCRIPTOMIC	cDNA	NextSeq 500	330553200	GSM8003802	CRISPR-Cas9 knockout screen informs efficient reduction of the Komagataella phaffii secretome	NextSeq 500 sequencing: GSM8003802: Base trastuzumab rep2 Komagataella phaffii RNA-Seq	RNA was extracted and purified according to the Qiagen RNeasy kit (cat #74104) and RNA quality was analyzed to ensure RNA Quality Number >6.5. Sequencing libraries were prepared using the Nextera XT kit according to the manufacturer's instructions.	
SRR27441418	PASS	SRX23113687	SAMN39274397	SRP482147	NextSeq 500 sequencing: GSM8003801: Base trastuzumab rep1 Komagataella phaffii RNA-Seq				Base trastuzumab rep1		GSE252605	PRJNA1061507	460519	Komagataella phaffii	RNA-Seq	TRANSCRIPTOMIC	cDNA	NextSeq 500	702034500	GSM8003801	CRISPR-Cas9 knockout screen informs efficient reduction of the Komagataella phaffii secretome	NextSeq 500 sequencing: GSM8003801: Base trastuzumab rep1 Komagataella phaffii RNA-Seq	RNA was extracted and purified according to the Qiagen RNeasy kit (cat #74104) and RNA quality was analyzed to ensure RNA Quality Number >6.5. Sequencing libraries were prepared using the Nextera XT kit according to the manufacturer's instructions.	
SRR27441420	PASS	SRX23113685	SAMN39274399	SRP482147	NextSeq 500 sequencing: GSM8003799: Base HSA rep2 Komagataella phaffii RNA-Seq				Base HSA rep2		GSE252605	PRJNA1061507	460519	Komagataella phaffii	RNA-Seq	TRANSCRIPTOMIC	cDNA	NextSeq 500	804225100	GSM8003799	CRISPR-Cas9 knockout screen informs efficient reduction of the Komagataella phaffii secretome	NextSeq 500 sequencing: GSM8003799: Base HSA rep2 Komagataella phaffii RNA-Seq	RNA was extracted and purified according to the Qiagen RNeasy kit (cat #74104) and RNA quality was analyzed to ensure RNA Quality Number >6.5. Sequencing libraries were prepared using the Nextera XT kit according to the manufacturer's instructions.	
SRR27441421	WARN(3,5,7)	SRX23113684	SAMN39274400	SRP482147	NextSeq 500 sequencing: GSM8003798: Base HSA rep1 Komagataella phaffii RNA-Seq				Base HSA rep1		GSE252605	PRJNA1061507	460519	Komagataella phaffii	RNA-Seq	TRANSCRIPTOMIC	cDNA	NextSeq 500	391320000	GSM8003798	CRISPR-Cas9 knockout screen informs efficient reduction of the Komagataella phaffii secretome	NextSeq 500 sequencing: GSM8003798: Base HSA rep1 Komagataella phaffii RNA-Seq	RNA was extracted and purified according to the Qiagen RNeasy kit (cat #74104) and RNA quality was analyzed to ensure RNA Quality Number >6.5. Sequencing libraries were prepared using the Nextera XT kit according to the manufacturer's instructions.	
SRR28415816	PASS	SRX24020213	SAMN40573323	SRP497117	NextSeq 500 sequencing: RNA-seq of K. phaffii strain AH7_4				Keywords: GSC:MIxS MIGS:6.0		PRJNA1090687	PRJNA1090687	460519	Komagataella phaffii	RNA-Seq	TRANSCRIPTOMIC	PolyA	NextSeq 500	14743221300	AH7	Targeted gene regulation using dMAD7 in the methylotrophic yeast Komagataella phaffii	NextSeq 500 sequencing: RNA-seq of K. phaffii strain AH7_4		
SRR28415817	PASS	SRX24020212	SAMN40573323	SRP497117	NextSeq 500 sequencing: RNA-seq of K. phaffii strain AH7_3				Keywords: GSC:MIxS MIGS:6.0		PRJNA1090687	PRJNA1090687	460519	Komagataella phaffii	RNA-Seq	TRANSCRIPTOMIC	PolyA	NextSeq 500	14844067800	AH7	Targeted gene regulation using dMAD7 in the methylotrophic yeast Komagataella phaffii	NextSeq 500 sequencing: RNA-seq of K. phaffii strain AH7_3		
SRR28415827	PASS	SRX24020202	SAMN40573326	SRP497117	NextSeq 500 sequencing: RNA-seq of K. phaffii strain TV1213_1				Keywords: GSC:MIxS MIGS:6.0		PRJNA1090687	PRJNA1090687	460519	Komagataella phaffii	RNA-Seq	TRANSCRIPTOMIC	PolyA	NextSeq 500	15035477400	TV1213	Targeted gene regulation using dMAD7 in the methylotrophic yeast Komagataella phaffii	NextSeq 500 sequencing: RNA-seq of K. phaffii strain TV1213_1		
SRR28415832	PASS	SRX24020197	SAMN40573324	SRP497117	NextSeq 500 sequencing: RNA-seq of K. phaffii strain AH8_4				Keywords: GSC:MIxS MIGS:6.0		PRJNA1090687	PRJNA1090687	460519	Komagataella phaffii	RNA-Seq	TRANSCRIPTOMIC	PolyA	NextSeq 500	13250805600	AH8	Targeted gene regulation using dMAD7 in the methylotrophic yeast Komagataella phaffii	NextSeq 500 sequencing: RNA-seq of K. phaffii strain AH8_4		
SRR28415833	PASS	SRX24020196	SAMN40573324	SRP497117	NextSeq 500 sequencing: RNA-seq of K. phaffii strain AH8_3				Keywords: GSC:MIxS MIGS:6.0		PRJNA1090687	PRJNA1090687	460519	Komagataella phaffii	RNA-Seq	TRANSCRIPTOMIC	PolyA	NextSeq 500	13967547600	AH8	Targeted gene regulation using dMAD7 in the methylotrophic yeast Komagataella phaffii	NextSeq 500 sequencing: RNA-seq of K. phaffii strain AH8_3		
SRR28415834	PASS	SRX24020195	SAMN40573324	SRP497117	NextSeq 500 sequencing: RNA-seq of K. phaffii strain AH8_2				Keywords: GSC:MIxS MIGS:6.0		PRJNA1090687	PRJNA1090687	460519	Komagataella phaffii	RNA-Seq	TRANSCRIPTOMIC	PolyA	NextSeq 500	13861392600	AH8	Targeted gene regulation using dMAD7 in the methylotrophic yeast Komagataella phaffii	NextSeq 500 sequencing: RNA-seq of K. phaffii strain AH8_2		
SRR28415835	PASS	SRX24020194	SAMN40573324	SRP497117	NextSeq 500 sequencing: RNA-seq of K. phaffii strain AH8_1				Keywords: GSC:MIxS MIGS:6.0		PRJNA1090687	PRJNA1090687	460519	Komagataella phaffii	RNA-Seq	TRANSCRIPTOMIC	PolyA	NextSeq 500	12989696400	AH8	Targeted gene regulation using dMAD7 in the methylotrophic yeast Komagataella phaffii	NextSeq 500 sequencing: RNA-seq of K. phaffii strain AH8_1		
SRR29232738	PASS	SRX24751504	SAMN41600357	SRP510774	Illumina HiSeq X sequencing: RNA-seq of K. phaffii: H2O2 treated				Microbe sample from Komagataella phaffii		PRJNA1118181	PRJNA1118181	460519	Komagataella phaffii	RNA-Seq	TRANSCRIPTOMIC	cDNA_oligo_dT	Illumina HiSeq X	6117300900	3Q-H2O2	Gene expression pattern change upon H2O2 treatment in P. pastoris	Illumina HiSeq X sequencing: RNA-seq of K. phaffii: H2O2 treated		
SRR29232740	PASS	SRX24751502	SAMN41600355	SRP510774	Illumina HiSeq X sequencing: RNA-seq of K. phaffii: H2O2 treated				Microbe sample from Komagataella phaffii		PRJNA1118181	PRJNA1118181	460519	Komagataella phaffii	RNA-Seq	TRANSCRIPTOMIC	cDNA_oligo_dT	Illumina HiSeq X	7757246100	WT-H2O2	Gene expression pattern change upon H2O2 treatment in P. pastoris	Illumina HiSeq X sequencing: RNA-seq of K. phaffii: H2O2 treated		
SRR30142513	PASS	SRX25610823	SAMN43044186	SRP524418	Illumina NovaSeq 6000 sequencing: RNA-seq of Komagataella phaffi GS115				Kp_LK00722		PRJNA1144800	PRJNA1144800	460519	Komagataella phaffii	RNA-Seq	TRANSCRIPTOMIC	cDNA	Illumina NovaSeq 6000	9464499102	I1G_B_2	Characterizing heterologous protein burden in Komagataella phaffii	Illumina NovaSeq 6000 sequencing: RNA-seq of Komagataella phaffi GS115		
SRR30142523	PASS	SRX25610813	SAMN43044202	SRP524418	Illumina NovaSeq 6000 sequencing: RNA-seq of Komagataella phaffi GS115				Kp_LK00872		PRJNA1144800	PRJNA1144800	460519	Komagataella phaffii	RNA-Seq	TRANSCRIPTOMIC	cDNA	Illumina NovaSeq 6000	8774857942	M6G_A_2	Characterizing heterologous protein burden in Komagataella phaffii	Illumina NovaSeq 6000 sequencing: RNA-seq of Komagataella phaffi GS115		
SRR30142524	PASS	SRX25610812	SAMN43044201	SRP524418	Illumina NovaSeq 6000 sequencing: RNA-seq of Komagataella phaffi GS115				Kp_LK00871		PRJNA1144800	PRJNA1144800	460519	Komagataella phaffii	RNA-Seq	TRANSCRIPTOMIC	cDNA	Illumina NovaSeq 6000	10217485064	M6G_A_1	Characterizing heterologous protein burden in Komagataella phaffii	Illumina NovaSeq 6000 sequencing: RNA-seq of Komagataella phaffi GS115		
SRR30142527	PASS	SRX25610809	SAMN43044199	SRP524418	Illumina NovaSeq 6000 sequencing: RNA-seq of Komagataella phaffi GS115				Kp_LK00861		PRJNA1144800	PRJNA1144800	460519	Komagataella phaffii	RNA-Seq	TRANSCRIPTOMIC	cDNA	Illumina NovaSeq 6000	8925965454	M1G_C_1	Characterizing heterologous protein burden in Komagataella phaffii	Illumina NovaSeq 6000 sequencing: RNA-seq of Komagataella phaffi GS115		
SRR30142533	PASS	SRX25610803	SAMN43044211	SRP524418	Illumina NovaSeq 6000 sequencing: RNA-seq of Komagataella phaffi GS115				Kp_LK01031		PRJNA1144800	PRJNA1144800	460519	Komagataella phaffii	RNA-Seq	TRANSCRIPTOMIC	cDNA	Illumina NovaSeq 6000	12032889812	I1S_C_1	Characterizing heterologous protein burden in Komagataella phaffii	Illumina NovaSeq 6000 sequencing: RNA-seq of Komagataella phaffi GS115		
SRR30142535	PASS	SRX25610801	SAMN43044209	SRP524418	Illumina NovaSeq 6000 sequencing: RNA-seq of Komagataella phaffi GS115				Kp_LK01021		PRJNA1144800	PRJNA1144800	460519	Komagataella phaffii	RNA-Seq	TRANSCRIPTOMIC	cDNA	Illumina NovaSeq 6000	9927613384	I1S_B_1	Characterizing heterologous protein burden in Komagataella phaffii	Illumina NovaSeq 6000 sequencing: RNA-seq of Komagataella phaffi GS115		
SRR30142537	PASS	SRX25610799	SAMN43044208	SRP524418	Illumina NovaSeq 6000 sequencing: RNA-seq of Komagataella phaffi GS115				Kp_LK01011		PRJNA1144800	PRJNA1144800	460519	Komagataella phaffii	RNA-Seq	TRANSCRIPTOMIC	cDNA	Illumina NovaSeq 6000	11427573394	I1S_A_2	Characterizing heterologous protein burden in Komagataella phaffii	Illumina NovaSeq 6000 sequencing: RNA-seq of Komagataella phaffi GS115		
SRR30142541	PASS	SRX25610795	SAMN43044192	SRP524418	Illumina NovaSeq 6000 sequencing: RNA-seq of Komagataella phaffi GS115				Kp_LK00752		PRJNA1144800	PRJNA1144800	460519	Komagataella phaffii	RNA-Seq	TRANSCRIPTOMIC	cDNA	Illumina NovaSeq 6000	11577150672	I6G_B_2	Characterizing heterologous protein burden in Komagataella phaffii	Illumina NovaSeq 6000 sequencing: RNA-seq of Komagataella phaffi GS115		
SRR30142543	PASS	SRX25610793	SAMN43044190	SRP524418	Illumina NovaSeq 6000 sequencing: RNA-seq of Komagataella phaffi GS115				Kp_LK00742		PRJNA1144800	PRJNA1144800	460519	Komagataella phaffii	RNA-Seq	TRANSCRIPTOMIC	cDNA	Illumina NovaSeq 6000	10854257500	I6G_A_2	Characterizing heterologous protein burden in Komagataella phaffii	Illumina NovaSeq 6000 sequencing: RNA-seq of Komagataella phaffi GS115		
SRR30142545	PASS	SRX25610791	SAMN43044188	SRP524418	Illumina NovaSeq 6000 sequencing: RNA-seq of Komagataella phaffi GS115				Kp_LK00732		PRJNA1144800	PRJNA1144800	460519	Komagataella phaffii	RNA-Seq	TRANSCRIPTOMIC	cDNA	Illumina NovaSeq 6000	9536743844	I1G_C_2	Characterizing heterologous protein burden in Komagataella phaffii	Illumina NovaSeq 6000 sequencing: RNA-seq of Komagataella phaffi GS115		
SRR30142547	PASS	SRX25610789	SAMN43044178	SRP524418	Illumina NovaSeq 6000 sequencing: RNA-seq of Komagataella phaffi GS115				GS115, Wild type		PRJNA1144800	PRJNA1144800	460519	Komagataella phaffii	RNA-Seq	TRANSCRIPTOMIC	cDNA	Illumina NovaSeq 6000	8764776880	GS115_A_2	Characterizing heterologous protein burden in Komagataella phaffii	Illumina NovaSeq 6000 sequencing: RNA-seq of Komagataella phaffi GS115		
SRR30142548	PASS	SRX25610788	SAMN43044177	SRP524418	Illumina NovaSeq 6000 sequencing: RNA-seq of Komagataella phaffi GS115				GS115, Wild type		PRJNA1144800	PRJNA1144800	460519	Komagataella phaffii	RNA-Seq	TRANSCRIPTOMIC	cDNA	Illumina NovaSeq 6000	10524636882	GS115_A_1	Characterizing heterologous protein burden in Komagataella phaffii	Illumina NovaSeq 6000 sequencing: RNA-seq of Komagataella phaffi GS115		
SRR30806802	FAIL(4,5,6,7)	SRX26207602	SAMN43943130	SRP534992	Illumina NovaSeq 6000 sequencing: GSM8539955: K. phaffii, N Starvation, rep1 Komagataella phaffii RNA-Seq				K. phaffii, N Starvation, rep1		GSE278110	PRJNA1165720	460519	Komagataella phaffii	RNA-Seq	TRANSCRIPTOMIC	cDNA	Illumina NovaSeq 6000	138975000	GSM8539955	Specific features of the transcriptomic response to nitrogen starvation in methylotrophic yeast Komagataella phaffi	Illumina NovaSeq 6000 sequencing: GSM8539955: K. phaffii, N Starvation, rep1 Komagataella phaffii RNA-Seq	RNA was harvested using YeaStar RNA Kit (Zymo Research, USA). 300 ng of total RNA was used for the construction of sequencing libraries. RNA libraries for RNA-seq were prepared using the QuantSeq 3′ mRNA-Seq Library Prep Kit FWD for Illumina (Lexogen, Austria) following manufacturer's protocols.	
SRR30806805	FAIL(4,6,7)	SRX26207599	SAMN43943133	SRP534992	Illumina NovaSeq 6000 sequencing: GSM8539952: K. phaffii, Control, rep1 Komagataella phaffii RNA-Seq				K. phaffii, Control, rep1		GSE278110	PRJNA1165720	460519	Komagataella phaffii	RNA-Seq	TRANSCRIPTOMIC	cDNA	Illumina NovaSeq 6000	205847000	GSM8539952	Specific features of the transcriptomic response to nitrogen starvation in methylotrophic yeast Komagataella phaffi	Illumina NovaSeq 6000 sequencing: GSM8539952: K. phaffii, Control, rep1 Komagataella phaffii RNA-Seq	RNA was harvested using YeaStar RNA Kit (Zymo Research, USA). 300 ng of total RNA was used for the construction of sequencing libraries. RNA libraries for RNA-seq were prepared using the QuantSeq 3′ mRNA-Seq Library Prep Kit FWD for Illumina (Lexogen, Austria) following manufacturer's protocols.	
SRR31155566	PASS	SRX26539107	SAMN44500162	SRP541930	HiSeq X Ten sequencing: RNA seq GS115 R4 Control Induced in YNBE				RNA seq GS115 R4 Control Induced in YNBE		PRJNA1179660	PRJNA1179660	460519	Komagataella phaffii	RNA-Seq	TRANSCRIPTOMIC	cDNA	HiSeq X Ten	7976681908	E1Rep4	Synthetic transcription factors establish the function of nine amino acid transactivation domains of Komagataella phaffii Mxr1	HiSeq X Ten sequencing: RNA seq GS115 R4 Control Induced in YNBE		
SRR31155569	PASS	SRX26539104	SAMN44500173	SRP541930	HiSeq X Ten sequencing: RNA seq mxr1: Mxr1N400 TAD-A R3 test stain induced in YNBM				RNA seq mxr1: Mxr1N400 TAD-A R3 test stain induced in YNBM		PRJNA1179660	PRJNA1179660	460519	Komagataella phaffii	RNA-Seq	TRANSCRIPTOMIC	cDNA	HiSeq X Ten	2480520488	M2Rep3	Synthetic transcription factors establish the function of nine amino acid transactivation domains of Komagataella phaffii Mxr1	HiSeq X Ten sequencing: RNA seq mxr1: Mxr1N400 TAD-A R3 test stain induced in YNBM		
SRR31155570	PASS	SRX26539103	SAMN44500172	SRP541930	HiSeq X Ten sequencing: RNA seq mxr1: Mxr1N400 TAD-A R2 test stain induced in YNBM				RNA seq mxr1: Mxr1N400 TAD-A R2 test stain induced in YNBM		PRJNA1179660	PRJNA1179660	460519	Komagataella phaffii	RNA-Seq	TRANSCRIPTOMIC	cDNA	HiSeq X Ten	1441436336	M2Rep2	Synthetic transcription factors establish the function of nine amino acid transactivation domains of Komagataella phaffii Mxr1	HiSeq X Ten sequencing: RNA seq mxr1: Mxr1N400 TAD-A R2 test stain induced in YNBM		
SRR31155572	PASS	SRX26539101	SAMN44500170	SRP541930	HiSeq X Ten sequencing: RNA seq GS115 R4 Control Induced in YNBM				RNA seq GS115 R4 Control Induced in YNBM		PRJNA1179660	PRJNA1179660	460519	Komagataella phaffii	RNA-Seq	TRANSCRIPTOMIC	cDNA	HiSeq X Ten	1992610798	M1Rep4	Synthetic transcription factors establish the function of nine amino acid transactivation domains of Komagataella phaffii Mxr1	HiSeq X Ten sequencing: RNA seq GS115 R4 Control Induced in YNBM		
SRR31155573	PASS	SRX26539100	SAMN44500169	SRP541930	HiSeq X Ten sequencing: RNA seq GS115 R3 Control Induced in YNBM				RNA seq GS115 R3 Control Induced in YNBM		PRJNA1179660	PRJNA1179660	460519	Komagataella phaffii	RNA-Seq	TRANSCRIPTOMIC	cDNA	HiSeq X Ten	1394445438	M1Rep3	Synthetic transcription factors establish the function of nine amino acid transactivation domains of Komagataella phaffii Mxr1	HiSeq X Ten sequencing: RNA seq GS115 R3 Control Induced in YNBM		
SRR3182736	PASS	SRX1596775	SAMN04506116	SRP070669	NextSeq 550 sequencing: K_phaffii_GS115-B-24-M				K_phaffii_GS115 high density 24h methanol		PRJNA311606	PRJNA311606	460519	Komagataella phaffii	RNA-Seq	TRANSCRIPTOMIC	unspecified	NextSeq 550	1745529696	K_phaffii_GS115-B-24-M	Pichia pastoris transcriptomic studies	NextSeq 550 sequencing: K_phaffii_GS115-B-24-M		
SRR3182738	PASS	SRX1596777	SAMN04506118	SRP070669	NextSeq 550 sequencing: K_phaffii_GS115-B-6-D				K_phaffii_GS115 high density 6h glucose		PRJNA311606	PRJNA311606	460519	Komagataella phaffii	RNA-Seq	TRANSCRIPTOMIC	unspecified	NextSeq 550	1383536680	K_phaffii_GS115-B-6-D	Pichia pastoris transcriptomic studies	NextSeq 550 sequencing: K_phaffii_GS115-B-6-D		
SRR3182740	PASS	SRX1596779	SAMN04506119	SRP070669	NextSeq 550 sequencing: K_phaffii_GS115-B-6-G				K_phaffii_GS115 high density 6h glycerol		PRJNA311606	PRJNA311606	460519	Komagataella phaffii	RNA-Seq	TRANSCRIPTOMIC	unspecified	NextSeq 550	1016073336	K_phaffii_GS115-B-6-G	Pichia pastoris transcriptomic studies	NextSeq 550 sequencing: K_phaffii_GS115-B-6-G		
SRR3182743	PASS	SRX1596782	SAMN04506122	SRP070669	NextSeq 550 sequencing: K_phaffii_GS115-A-24-D				K_phaffii_GS115 low density 24h glucose		PRJNA311606	PRJNA311606	460519	Komagataella phaffii	RNA-Seq	TRANSCRIPTOMIC	unspecified	NextSeq 550	1585502880	K_phaffii_GS115-A-24-D	Pichia pastoris transcriptomic studies	NextSeq 550 sequencing: K_phaffii_GS115-A-24-D		
SRR3182745	PASS	SRX1596784	SAMN04506124	SRP070669	NextSeq 550 sequencing: K_phaffii_GS115-A-24-M				K_phaffii_GS115 low density 24h methanol		PRJNA311606	PRJNA311606	460519	Komagataella phaffii	RNA-Seq	TRANSCRIPTOMIC	unspecified	NextSeq 550	1494806304	K_phaffii_GS115-A-24-M	Pichia pastoris transcriptomic studies	NextSeq 550 sequencing: K_phaffii_GS115-A-24-M		
SRR3182762	PASS	SRX1610472	SAMN04506139	SRP070669	NextSeq 550 sequencing: K_phaffii_WT-A-24-G-R1				K_phaffii_WT low density 24h glycerol		PRJNA311606	PRJNA311606	460519	Komagataella phaffii	RNA-Seq	TRANSCRIPTOMIC	unspecified	NextSeq 550	805453168	K_phaffii_WT-A-24-G	Pichia pastoris transcriptomic studies	NextSeq 550 sequencing: K_phaffii_WT-A-24-G-R1		
SRR3182769	PASS	SRX1596808	SAMN04506146	SRP070669	NextSeq 550 sequencing: K_phaffii_WT-A-6-M				K_phaffii_WT low density 6h methanol		PRJNA311606	PRJNA311606	460519	Komagataella phaffii	RNA-Seq	TRANSCRIPTOMIC	unspecified	NextSeq 550	1565190968	K_phaffii_WT-A-6-M	Pichia pastoris transcriptomic studies	NextSeq 550 sequencing: K_phaffii_WT-A-6-M		
SRR31989013	PASS	SRX27343958	SAMN46238853	SRP557139	BGISEQ-500 sequencing: RNA-Seq of a vanillin-producing Komagataella phaffii GS115						PRJNA1210090	PRJNA1210090	460519	Komagataella phaffii	RNA-Seq	TRANSCRIPTOMIC	RANDOM PCR	BGISEQ-500	6625536000	FE(I)_24h_2	Ferulic acid tolerance mechanisms in a vanillin-producing Komagataella phaffii	BGISEQ-500 sequencing: RNA-Seq of a vanillin-producing Komagataella phaffii GS115		
SRR31989015	PASS	SRX27343956	SAMN46238851	SRP557139	BGISEQ-500 sequencing: RNA-Seq of a vanillin-producing Komagataella phaffii GS115						PRJNA1210090	PRJNA1210090	460519	Komagataella phaffii	RNA-Seq	TRANSCRIPTOMIC	RANDOM PCR	BGISEQ-500	6815337900	FE(I)_0h_3	Ferulic acid tolerance mechanisms in a vanillin-producing Komagataella phaffii	BGISEQ-500 sequencing: RNA-Seq of a vanillin-producing Komagataella phaffii GS115		
SRR31989017	PASS	SRX27343954	SAMN46238850	SRP557139	BGISEQ-500 sequencing: RNA-Seq of a vanillin-producing Komagataella phaffii GS115						PRJNA1210090	PRJNA1210090	460519	Komagataella phaffii	RNA-Seq	TRANSCRIPTOMIC	RANDOM PCR	BGISEQ-500	6649908300	FE(I)_0h_2	Ferulic acid tolerance mechanisms in a vanillin-producing Komagataella phaffii	BGISEQ-500 sequencing: RNA-Seq of a vanillin-producing Komagataella phaffii GS115		
SRR3200649	WARN(5,7)	SRX1610453	SAMN04506133	SRP070669	NextSeq 550 sequencing: K_phaffii_WT-B-48-M-R3				K_phaffii_WT high density 48h methanol		PRJNA311606	PRJNA311606	460519	Komagataella phaffii	RNA-Seq	TRANSCRIPTOMIC	unspecified	NextSeq 550	449024264	K_phaffii_WT-B-48-M	Pichia pastoris transcriptomic studies	NextSeq 550 sequencing: K_phaffii_WT-B-48-M-R3		
SRR3200652	PASS	SRX1610458	SAMN04506135	SRP070669	NextSeq 550 sequencing: K_phaffii_WT-B-6-G-R1				K_phaffii_WT high density 6h glycerol		PRJNA311606	PRJNA311606	460519	Komagataella phaffii	RNA-Seq	TRANSCRIPTOMIC	unspecified	NextSeq 550	2001531136	K_phaffii_WT-B-6-G	Pichia pastoris transcriptomic studies	NextSeq 550 sequencing: K_phaffii_WT-B-6-G-R1		
SRR3200653	PASS	SRX1610460	SAMN04506135	SRP070669	NextSeq 550 sequencing: K_phaffii_WT-B-6-G-R3				K_phaffii_WT high density 6h glycerol		PRJNA311606	PRJNA311606	460519	Komagataella phaffii	RNA-Seq	TRANSCRIPTOMIC	unspecified	NextSeq 550	548001192	K_phaffii_WT-B-6-G	Pichia pastoris transcriptomic studies	NextSeq 550 sequencing: K_phaffii_WT-B-6-G-R3		
SRR3200654	PASS	SRX1610463	SAMN04506136	SRP070669	NextSeq 550 sequencing: K_phaffii_WT-B-6-M-R2				K_phaffii_WT high density 6h methanol		PRJNA311606	PRJNA311606	460519	Komagataella phaffii	RNA-Seq	TRANSCRIPTOMIC	unspecified	NextSeq 550	608464968	K_phaffii_WT-B-6-M	Pichia pastoris transcriptomic studies	NextSeq 550 sequencing: K_phaffii_WT-B-6-M-R2		
SRR3200657	PASS	SRX1610465	SAMN04506136	SRP070669	NextSeq 550 sequencing: K_phaffii_WT-B-6-M-R3				K_phaffii_WT high density 6h methanol		PRJNA311606	PRJNA311606	460519	Komagataella phaffii	RNA-Seq	TRANSCRIPTOMIC	unspecified	NextSeq 550	1270763776	K_phaffii_WT-B-6-M	Pichia pastoris transcriptomic studies	NextSeq 550 sequencing: K_phaffii_WT-B-6-M-R3		
SRR3200658	PASS	SRX1610467	SAMN04506137	SRP070669	NextSeq 550 sequencing: K_phaffii_WT-A-0-G-R2				K_phaffii_WT low density 0h glycerol		PRJNA311606	PRJNA311606	460519	Komagataella phaffii	RNA-Seq	TRANSCRIPTOMIC	unspecified	NextSeq 550	1764751920	K_phaffii_WT-A-0-G	Pichia pastoris transcriptomic studies	NextSeq 550 sequencing: K_phaffii_WT-A-0-G-R2		
SRR3200661	PASS	SRX1610471	SAMN04506138	SRP070669	NextSeq 550 sequencing: K_phaffii_WT-A-24-D-R3				K_phaffii_WT low density 24h glucose		PRJNA311606	PRJNA311606	460519	Komagataella phaffii	RNA-Seq	TRANSCRIPTOMIC	unspecified	NextSeq 550	1569849160	K_phaffii_WT-A-24-D	Pichia pastoris transcriptomic studies	NextSeq 550 sequencing: K_phaffii_WT-A-24-D-R3		
SRR3200663	PASS	SRX1610474	SAMN04506139	SRP070669	NextSeq 550 sequencing: K_phaffii_WT-A-24-G-R3				K_phaffii_WT low density 24h glycerol		PRJNA311606	PRJNA311606	460519	Komagataella phaffii	RNA-Seq	TRANSCRIPTOMIC	unspecified	NextSeq 550	1293592656	K_phaffii_WT-A-24-G	Pichia pastoris transcriptomic studies	NextSeq 550 sequencing: K_phaffii_WT-A-24-G-R3		
SRR3200667	PASS	SRX1610478	SAMN04506141	SRP070669	NextSeq 550 sequencing: K_phaffii_WT-A-48-D-R1				K_phaffii_WT low density 48h glucose		PRJNA311606	PRJNA311606	460519	Komagataella phaffii	RNA-Seq	TRANSCRIPTOMIC	unspecified	NextSeq 550	1384788552	K_phaffii_WT-A-48-D	Pichia pastoris transcriptomic studies	NextSeq 550 sequencing: K_phaffii_WT-A-48-D-R1		
SRR3200673	PASS	SRX1610484	SAMN04506143	SRP070669	NextSeq 550 sequencing: K_phaffii_WT-A-48-M-R3				K_phaffii_WT low density 48h methanol		PRJNA311606	PRJNA311606	460519	Komagataella phaffii	RNA-Seq	TRANSCRIPTOMIC	unspecified	NextSeq 550	2363874208	K_phaffii_WT-A-48-M	Pichia pastoris transcriptomic studies	NextSeq 550 sequencing: K_phaffii_WT-A-48-M-R3		
SRR3200675	PASS	SRX1610486	SAMN04506144	SRP070669	NextSeq 550 sequencing: K_phaffii_WT-A-6-D-R3				K_phaffii_WT low density 6h glucose		PRJNA311606	PRJNA311606	460519	Komagataella phaffii	RNA-Seq	TRANSCRIPTOMIC	unspecified	NextSeq 550	2061187032	K_phaffii_WT-A-6-D	Pichia pastoris transcriptomic studies	NextSeq 550 sequencing: K_phaffii_WT-A-6-D-R3		
SRR3200737	PASS	SRX1610557	SAMN04506115	SRP070669	NextSeq 550 sequencing: K_phaffii_GS115-B-0-G-R2				K_phaffii_GS115 high density 0h glycerol		PRJNA311606	PRJNA311606	460519	Komagataella phaffii	RNA-Seq	TRANSCRIPTOMIC	unspecified	NextSeq 550	1731883592	K_phaffii_GS115-B-0-G	Pichia pastoris transcriptomic studies	NextSeq 550 sequencing: K_phaffii_GS115-B-0-G-R2		
SRR3200741	WARN(5,7)	SRX1610561	SAMN04506117	SRP070669	NextSeq 550 sequencing: K_phaffii_GS115-B-48-M-R3				K_phaffii_GS115 high density 48h methanol		PRJNA311606	PRJNA311606	460519	Komagataella phaffii	RNA-Seq	TRANSCRIPTOMIC	unspecified	NextSeq 550	517144280	K_phaffii_GS115-B-48-M	Pichia pastoris transcriptomic studies	NextSeq 550 sequencing: K_phaffii_GS115-B-48-M-R3		
SRR3200744	PASS	SRX1610564	SAMN04506119	SRP070669	NextSeq 550 sequencing: K_phaffii_GS115-B-6-G-R1				K_phaffii_GS115 high density 6h glycerol		PRJNA311606	PRJNA311606	460519	Komagataella phaffii	RNA-Seq	TRANSCRIPTOMIC	unspecified	NextSeq 550	1978840120	K_phaffii_GS115-B-6-G	Pichia pastoris transcriptomic studies	NextSeq 550 sequencing: K_phaffii_GS115-B-6-G-R1		
SRR3200751	PASS	SRX1610571	SAMN04506122	SRP070669	NextSeq 550 sequencing: K_phaffii_GS115-A-24-D-R1				K_phaffii_GS115 low density 24h glucose		PRJNA311606	PRJNA311606	460519	Komagataella phaffii	RNA-Seq	TRANSCRIPTOMIC	unspecified	NextSeq 550	914752112	K_phaffii_GS115-A-24-D	Pichia pastoris transcriptomic studies	NextSeq 550 sequencing: K_phaffii_GS115-A-24-D-R1		
SRR3200752	PASS	SRX1610572	SAMN04506122	SRP070669	NextSeq 550 sequencing: K_phaffii_GS115-A-24-D-R3				K_phaffii_GS115 low density 24h glucose		PRJNA311606	PRJNA311606	460519	Komagataella phaffii	RNA-Seq	TRANSCRIPTOMIC	unspecified	NextSeq 550	683092560	K_phaffii_GS115-A-24-D	Pichia pastoris transcriptomic studies	NextSeq 550 sequencing: K_phaffii_GS115-A-24-D-R3		
SRR3200753	PASS	SRX1610573	SAMN04506123	SRP070669	NextSeq 550 sequencing: K_phaffii_GS115-A-24-G-R1				K_phaffii_GS115 low density 24h glycerol		PRJNA311606	PRJNA311606	460519	Komagataella phaffii	RNA-Seq	TRANSCRIPTOMIC	unspecified	NextSeq 550	1043138000	K_phaffii_GS115-A-24-G	Pichia pastoris transcriptomic studies	NextSeq 550 sequencing: K_phaffii_GS115-A-24-G-R1		
SRR3200760	PASS	SRX1610580	SAMN04506126	SRP070669	NextSeq 550 sequencing: K_phaffii_GS115-A-48-G-R2				K_phaffii_GS115 low density 48h glycerol		PRJNA311606	PRJNA311606	460519	Komagataella phaffii	RNA-Seq	TRANSCRIPTOMIC	unspecified	NextSeq 550	1266026544	K_phaffii_GS115-A-48-G	Pichia pastoris transcriptomic studies	NextSeq 550 sequencing: K_phaffii_GS115-A-48-G-R2		
SRR3200763	PASS	SRX1610583	SAMN04506127	SRP070669	NextSeq 550 sequencing: K_phaffii_GS115-A-48-M-R3				K_phaffii_GS115 low density 48h methanol		PRJNA311606	PRJNA311606	460519	Komagataella phaffii	RNA-Seq	TRANSCRIPTOMIC	unspecified	NextSeq 550	754671488	K_phaffii_GS115-A-48-M	Pichia pastoris transcriptomic studies	NextSeq 550 sequencing: K_phaffii_GS115-A-48-M-R3		
SRR3201091	PASS	SRX1610887	SAMN04506129	SRP070669	NextSeq 550 sequencing: K_phaffii_GS115-A-6-G-R3				K_phaffii_GS115 low density 6h glycerol		PRJNA311606	PRJNA311606	460519	Komagataella phaffii	RNA-Seq	TRANSCRIPTOMIC	unspecified	NextSeq 550	803806400	K_phaffii_GS115-A-6-G	Pichia pastoris transcriptomic studies	NextSeq 550 sequencing: K_phaffii_GS115-A-6-G-R3		
SRR3201095	PASS	SRX1610891	SAMN04506131	SRP070669	NextSeq 550 sequencing: K_phaffii_WT-B-0-G-R3				K_phaffii_WT high density 0h glycerol		PRJNA311606	PRJNA311606	460519	Komagataella phaffii	RNA-Seq	TRANSCRIPTOMIC	unspecified	NextSeq 550	1085585520	K_phaffii_WT-B-0-G	Pichia pastoris transcriptomic studies	NextSeq 550 sequencing: K_phaffii_WT-B-0-G-R3		
SRR32475752		SRX27789702	SAMN46974847	SRP566044	Illumina HiSeq 1500 sequencing: 4				Microbe sample from Komagataella phaffii		PRJNA1227200	PRJNA1227200	460519	Komagataella phaffii	RNA-Seq	TRANSCRIPTOMIC	RANDOM	Illumina HiSeq 1500	7695670002	HS371	Komagataella phaffii Raw sequence reads	Illumina HiSeq 1500 sequencing: 4		
SRR33569621	PASS	SRX28799643	SAMN48502107	SRP585318	Illumina NovaSeq X sequencing: GSM8984410: rim101 strain T=60 min (pH 8.0), replicate 2 Komagataella phaffii RNA-Seq				rim101 strain T=60 min (pH 8.0), replicate 2		GSE297128	PRJNA1262845	460519	Komagataella phaffii	RNA-Seq	TRANSCRIPTOMIC	cDNA	Illumina NovaSeq X	4385292000	GSM8984410	The contribution of the transcription factors Crz1 and Rim101 to the response to alkalinization in Komagataella phaffii	Illumina NovaSeq X sequencing: GSM8984410: rim101 strain T=60 min (pH 8.0), replicate 2 Komagataella phaffii RNA-Seq	Total RNA was extracted with the Ribo Pure™-Yeast kit (Ambion) following the manufacturer's instructions. The quality was assessed by capillary electrophoresis in a Bioanalyzer equipment and RNA amounts quantified by measuring the A260 in a Nanodrop ND-1000 Spectrophotometer. mRNA was purified from total RNA using poly-T oligo-attached magnetic beads. After fragmentation, the first strand cDNA was synthesized using random hexamer primers, followed by the second strand cDNA synthesis using dTTP (non-directional library). The library was ready after end repair, A-tailing, adapter ligation, size selection, amplification, and purification, and was checked by Qubit™ assay (Thermofisher) and real-time PCR for quantification and size distribution monitored with a Bioanalyzer.	
SRR33569625	PASS	SRX28799640	SAMN48502111	SRP585318	Illumina NovaSeq X sequencing: GSM8984407: rim101 strain T=30 min (pH 8.0), replicate 1 Komagataella phaffii RNA-Seq				rim101 strain T=30 min (pH 8.0), replicate 1		GSE297128	PRJNA1262845	460519	Komagataella phaffii	RNA-Seq	TRANSCRIPTOMIC	cDNA	Illumina NovaSeq X	3005169300	GSM8984407	The contribution of the transcription factors Crz1 and Rim101 to the response to alkalinization in Komagataella phaffii	Illumina NovaSeq X sequencing: GSM8984407: rim101 strain T=30 min (pH 8.0), replicate 1 Komagataella phaffii RNA-Seq	Total RNA was extracted with the Ribo Pure™-Yeast kit (Ambion) following the manufacturer's instructions. The quality was assessed by capillary electrophoresis in a Bioanalyzer equipment and RNA amounts quantified by measuring the A260 in a Nanodrop ND-1000 Spectrophotometer. mRNA was purified from total RNA using poly-T oligo-attached magnetic beads. After fragmentation, the first strand cDNA was synthesized using random hexamer primers, followed by the second strand cDNA synthesis using dTTP (non-directional library). The library was ready after end repair, A-tailing, adapter ligation, size selection, amplification, and purification, and was checked by Qubit™ assay (Thermofisher) and real-time PCR for quantification and size distribution monitored with a Bioanalyzer.	
SRR33569629	PASS	SRX28799636	SAMN48502116	SRP585318	Illumina NovaSeq X sequencing: GSM8984403: rim101 strain T=0 (pH 5.5), replicate 1 Komagataella phaffii RNA-Seq				rim101 strain T=0 (pH 5.5), replicate 1		GSE297128	PRJNA1262845	460519	Komagataella phaffii	RNA-Seq	TRANSCRIPTOMIC	cDNA	Illumina NovaSeq X	5197021200	GSM8984403	The contribution of the transcription factors Crz1 and Rim101 to the response to alkalinization in Komagataella phaffii	Illumina NovaSeq X sequencing: GSM8984403: rim101 strain T=0 (pH 5.5), replicate 1 Komagataella phaffii RNA-Seq	Total RNA was extracted with the Ribo Pure™-Yeast kit (Ambion) following the manufacturer's instructions. The quality was assessed by capillary electrophoresis in a Bioanalyzer equipment and RNA amounts quantified by measuring the A260 in a Nanodrop ND-1000 Spectrophotometer. mRNA was purified from total RNA using poly-T oligo-attached magnetic beads. After fragmentation, the first strand cDNA was synthesized using random hexamer primers, followed by the second strand cDNA synthesis using dTTP (non-directional library). The library was ready after end repair, A-tailing, adapter ligation, size selection, amplification, and purification, and was checked by Qubit™ assay (Thermofisher) and real-time PCR for quantification and size distribution monitored with a Bioanalyzer.	
SRR33569633	PASS	SRX28799632	SAMN48502122	SRP585318	Illumina NovaSeq X sequencing: GSM8984399: crz1 strain T=30 min (pH 8.0), replicate 3 Komagataella phaffii RNA-Seq				crz1 strain T=30 min (pH 8.0), replicate 3		GSE297128	PRJNA1262845	460519	Komagataella phaffii	RNA-Seq	TRANSCRIPTOMIC	cDNA	Illumina NovaSeq X	5724816900	GSM8984399	The contribution of the transcription factors Crz1 and Rim101 to the response to alkalinization in Komagataella phaffii	Illumina NovaSeq X sequencing: GSM8984399: crz1 strain T=30 min (pH 8.0), replicate 3 Komagataella phaffii RNA-Seq	Total RNA was extracted with the Ribo Pure™-Yeast kit (Ambion) following the manufacturer's instructions. The quality was assessed by capillary electrophoresis in a Bioanalyzer equipment and RNA amounts quantified by measuring the A260 in a Nanodrop ND-1000 Spectrophotometer. mRNA was purified from total RNA using poly-T oligo-attached magnetic beads. After fragmentation, the first strand cDNA was synthesized using random hexamer primers, followed by the second strand cDNA synthesis using dTTP (non-directional library). The library was ready after end repair, A-tailing, adapter ligation, size selection, amplification, and purification, and was checked by Qubit™ assay (Thermofisher) and real-time PCR for quantification and size distribution monitored with a Bioanalyzer.	
SRR33569635	PASS	SRX28799630	SAMN48502124	SRP585318	Illumina NovaSeq X sequencing: GSM8984397: crz1 strain T=30 min (pH 8.0), replicate 1 Komagataella phaffii RNA-Seq				crz1 strain T=30 min (pH 8.0), replicate 1		GSE297128	PRJNA1262845	460519	Komagataella phaffii	RNA-Seq	TRANSCRIPTOMIC	cDNA	Illumina NovaSeq X	4131922500	GSM8984397	The contribution of the transcription factors Crz1 and Rim101 to the response to alkalinization in Komagataella phaffii	Illumina NovaSeq X sequencing: GSM8984397: crz1 strain T=30 min (pH 8.0), replicate 1 Komagataella phaffii RNA-Seq	Total RNA was extracted with the Ribo Pure™-Yeast kit (Ambion) following the manufacturer's instructions. The quality was assessed by capillary electrophoresis in a Bioanalyzer equipment and RNA amounts quantified by measuring the A260 in a Nanodrop ND-1000 Spectrophotometer. mRNA was purified from total RNA using poly-T oligo-attached magnetic beads. After fragmentation, the first strand cDNA was synthesized using random hexamer primers, followed by the second strand cDNA synthesis using dTTP (non-directional library). The library was ready after end repair, A-tailing, adapter ligation, size selection, amplification, and purification, and was checked by Qubit™ assay (Thermofisher) and real-time PCR for quantification and size distribution monitored with a Bioanalyzer.	
SRR33569637	PASS	SRX28799628	SAMN48502126	SRP585318	Illumina NovaSeq X sequencing: GSM8984395: crz1 strain T=15 min (pH 8.0), replicate 2 Komagataella phaffii RNA-Seq				crz1 strain T=15 min (pH 8.0), replicate 2		GSE297128	PRJNA1262845	460519	Komagataella phaffii	RNA-Seq	TRANSCRIPTOMIC	cDNA	Illumina NovaSeq X	4839849000	GSM8984395	The contribution of the transcription factors Crz1 and Rim101 to the response to alkalinization in Komagataella phaffii	Illumina NovaSeq X sequencing: GSM8984395: crz1 strain T=15 min (pH 8.0), replicate 2 Komagataella phaffii RNA-Seq	Total RNA was extracted with the Ribo Pure™-Yeast kit (Ambion) following the manufacturer's instructions. The quality was assessed by capillary electrophoresis in a Bioanalyzer equipment and RNA amounts quantified by measuring the A260 in a Nanodrop ND-1000 Spectrophotometer. mRNA was purified from total RNA using poly-T oligo-attached magnetic beads. After fragmentation, the first strand cDNA was synthesized using random hexamer primers, followed by the second strand cDNA synthesis using dTTP (non-directional library). The library was ready after end repair, A-tailing, adapter ligation, size selection, amplification, and purification, and was checked by Qubit™ assay (Thermofisher) and real-time PCR for quantification and size distribution monitored with a Bioanalyzer.	
SRR33569638	PASS	SRX28799627	SAMN48502128	SRP585318	Illumina NovaSeq X sequencing: GSM8984394: crz1 strain T=15 min (pH 8.0), replicate 1 Komagataella phaffii RNA-Seq				crz1 strain T=15 min (pH 8.0), replicate 1		GSE297128	PRJNA1262845	460519	Komagataella phaffii	RNA-Seq	TRANSCRIPTOMIC	cDNA	Illumina NovaSeq X	5535902400	GSM8984394	The contribution of the transcription factors Crz1 and Rim101 to the response to alkalinization in Komagataella phaffii	Illumina NovaSeq X sequencing: GSM8984394: crz1 strain T=15 min (pH 8.0), replicate 1 Komagataella phaffii RNA-Seq	Total RNA was extracted with the Ribo Pure™-Yeast kit (Ambion) following the manufacturer's instructions. The quality was assessed by capillary electrophoresis in a Bioanalyzer equipment and RNA amounts quantified by measuring the A260 in a Nanodrop ND-1000 Spectrophotometer. mRNA was purified from total RNA using poly-T oligo-attached magnetic beads. After fragmentation, the first strand cDNA was synthesized using random hexamer primers, followed by the second strand cDNA synthesis using dTTP (non-directional library). The library was ready after end repair, A-tailing, adapter ligation, size selection, amplification, and purification, and was checked by Qubit™ assay (Thermofisher) and real-time PCR for quantification and size distribution monitored with a Bioanalyzer.	
SRR33569640	PASS	SRX28799625	SAMN48502130	SRP585318	Illumina NovaSeq X sequencing: GSM8984392: crz1 strain T=0 (pH 5.5), replicate 2 Komagataella phaffii RNA-Seq				crz1 strain T=0 (pH 5.5), replicate 2		GSE297128	PRJNA1262845	460519	Komagataella phaffii	RNA-Seq	TRANSCRIPTOMIC	cDNA	Illumina NovaSeq X	5786273700	GSM8984392	The contribution of the transcription factors Crz1 and Rim101 to the response to alkalinization in Komagataella phaffii	Illumina NovaSeq X sequencing: GSM8984392: crz1 strain T=0 (pH 5.5), replicate 2 Komagataella phaffii RNA-Seq	Total RNA was extracted with the Ribo Pure™-Yeast kit (Ambion) following the manufacturer's instructions. The quality was assessed by capillary electrophoresis in a Bioanalyzer equipment and RNA amounts quantified by measuring the A260 in a Nanodrop ND-1000 Spectrophotometer. mRNA was purified from total RNA using poly-T oligo-attached magnetic beads. After fragmentation, the first strand cDNA was synthesized using random hexamer primers, followed by the second strand cDNA synthesis using dTTP (non-directional library). The library was ready after end repair, A-tailing, adapter ligation, size selection, amplification, and purification, and was checked by Qubit™ assay (Thermofisher) and real-time PCR for quantification and size distribution monitored with a Bioanalyzer.	
SRR33569644	PASS	SRX28799621	SAMN48502135	SRP585318	Illumina NovaSeq X sequencing: GSM8984388: wild-type strain T=60 min (pH 8.0), replicate 1 Komagataella phaffii RNA-Seq				wild-type strain T=60 min (pH 8.0), replicate 1		GSE297128	PRJNA1262845	460519	Komagataella phaffii	RNA-Seq	TRANSCRIPTOMIC	cDNA	Illumina NovaSeq X	5467239300	GSM8984388	The contribution of the transcription factors Crz1 and Rim101 to the response to alkalinization in Komagataella phaffii	Illumina NovaSeq X sequencing: GSM8984388: wild-type strain T=60 min (pH 8.0), replicate 1 Komagataella phaffii RNA-Seq	Total RNA was extracted with the Ribo Pure™-Yeast kit (Ambion) following the manufacturer's instructions. The quality was assessed by capillary electrophoresis in a Bioanalyzer equipment and RNA amounts quantified by measuring the A260 in a Nanodrop ND-1000 Spectrophotometer. mRNA was purified from total RNA using poly-T oligo-attached magnetic beads. After fragmentation, the first strand cDNA was synthesized using random hexamer primers, followed by the second strand cDNA synthesis using dTTP (non-directional library). The library was ready after end repair, A-tailing, adapter ligation, size selection, amplification, and purification, and was checked by Qubit™ assay (Thermofisher) and real-time PCR for quantification and size distribution monitored with a Bioanalyzer.	
SRR33569647	PASS	SRX28799618	SAMN48502139	SRP585318	Illumina NovaSeq X sequencing: GSM8984385: wild-type strain T=30 min (pH 8.0), replicate 1 Komagataella phaffii RNA-Seq				wild-type strain T=30 min (pH 8.0), replicate 1		GSE297128	PRJNA1262845	460519	Komagataella phaffii	RNA-Seq	TRANSCRIPTOMIC	cDNA	Illumina NovaSeq X	5502544500	GSM8984385	The contribution of the transcription factors Crz1 and Rim101 to the response to alkalinization in Komagataella phaffii	Illumina NovaSeq X sequencing: GSM8984385: wild-type strain T=30 min (pH 8.0), replicate 1 Komagataella phaffii RNA-Seq	Total RNA was extracted with the Ribo Pure™-Yeast kit (Ambion) following the manufacturer's instructions. The quality was assessed by capillary electrophoresis in a Bioanalyzer equipment and RNA amounts quantified by measuring the A260 in a Nanodrop ND-1000 Spectrophotometer. mRNA was purified from total RNA using poly-T oligo-attached magnetic beads. After fragmentation, the first strand cDNA was synthesized using random hexamer primers, followed by the second strand cDNA synthesis using dTTP (non-directional library). The library was ready after end repair, A-tailing, adapter ligation, size selection, amplification, and purification, and was checked by Qubit™ assay (Thermofisher) and real-time PCR for quantification and size distribution monitored with a Bioanalyzer.	
SRR33569648	PASS	SRX28799617	SAMN48502140	SRP585318	Illumina NovaSeq X sequencing: GSM8984384: wild-type strain T=15 min (pH 8.0), replicate 3 Komagataella phaffii RNA-Seq				wild-type strain T=15 min (pH 8.0), replicate 3		GSE297128	PRJNA1262845	460519	Komagataella phaffii	RNA-Seq	TRANSCRIPTOMIC	cDNA	Illumina NovaSeq X	4944684600	GSM8984384	The contribution of the transcription factors Crz1 and Rim101 to the response to alkalinization in Komagataella phaffii	Illumina NovaSeq X sequencing: GSM8984384: wild-type strain T=15 min (pH 8.0), replicate 3 Komagataella phaffii RNA-Seq	Total RNA was extracted with the Ribo Pure™-Yeast kit (Ambion) following the manufacturer's instructions. The quality was assessed by capillary electrophoresis in a Bioanalyzer equipment and RNA amounts quantified by measuring the A260 in a Nanodrop ND-1000 Spectrophotometer. mRNA was purified from total RNA using poly-T oligo-attached magnetic beads. After fragmentation, the first strand cDNA was synthesized using random hexamer primers, followed by the second strand cDNA synthesis using dTTP (non-directional library). The library was ready after end repair, A-tailing, adapter ligation, size selection, amplification, and purification, and was checked by Qubit™ assay (Thermofisher) and real-time PCR for quantification and size distribution monitored with a Bioanalyzer.	
SRR33569649	PASS	SRX28799616	SAMN48502141	SRP585318	Illumina NovaSeq X sequencing: GSM8984383: wild-type strain T=15 min (pH 8.0), replicate 2 Komagataella phaffii RNA-Seq				wild-type strain T=15 min (pH 8.0), replicate 2		GSE297128	PRJNA1262845	460519	Komagataella phaffii	RNA-Seq	TRANSCRIPTOMIC	cDNA	Illumina NovaSeq X	4385082900	GSM8984383	The contribution of the transcription factors Crz1 and Rim101 to the response to alkalinization in Komagataella phaffii	Illumina NovaSeq X sequencing: GSM8984383: wild-type strain T=15 min (pH 8.0), replicate 2 Komagataella phaffii RNA-Seq	Total RNA was extracted with the Ribo Pure™-Yeast kit (Ambion) following the manufacturer's instructions. The quality was assessed by capillary electrophoresis in a Bioanalyzer equipment and RNA amounts quantified by measuring the A260 in a Nanodrop ND-1000 Spectrophotometer. mRNA was purified from total RNA using poly-T oligo-attached magnetic beads. After fragmentation, the first strand cDNA was synthesized using random hexamer primers, followed by the second strand cDNA synthesis using dTTP (non-directional library). The library was ready after end repair, A-tailing, adapter ligation, size selection, amplification, and purification, and was checked by Qubit™ assay (Thermofisher) and real-time PCR for quantification and size distribution monitored with a Bioanalyzer.	
SRR33569650	PASS	SRX28799616	SAMN48502141	SRP585318	Illumina NovaSeq X sequencing: GSM8984383: wild-type strain T=15 min (pH 8.0), replicate 2 Komagataella phaffii RNA-Seq				wild-type strain T=15 min (pH 8.0), replicate 2		GSE297128	PRJNA1262845	460519	Komagataella phaffii	RNA-Seq	TRANSCRIPTOMIC	cDNA	Illumina NovaSeq X	3597879600	GSM8984383	The contribution of the transcription factors Crz1 and Rim101 to the response to alkalinization in Komagataella phaffii	Illumina NovaSeq X sequencing: GSM8984383: wild-type strain T=15 min (pH 8.0), replicate 2 Komagataella phaffii RNA-Seq	Total RNA was extracted with the Ribo Pure™-Yeast kit (Ambion) following the manufacturer's instructions. The quality was assessed by capillary electrophoresis in a Bioanalyzer equipment and RNA amounts quantified by measuring the A260 in a Nanodrop ND-1000 Spectrophotometer. mRNA was purified from total RNA using poly-T oligo-attached magnetic beads. After fragmentation, the first strand cDNA was synthesized using random hexamer primers, followed by the second strand cDNA synthesis using dTTP (non-directional library). The library was ready after end repair, A-tailing, adapter ligation, size selection, amplification, and purification, and was checked by Qubit™ assay (Thermofisher) and real-time PCR for quantification and size distribution monitored with a Bioanalyzer.	
SRR33569651	PASS	SRX28799615	SAMN48502142	SRP585318	Illumina NovaSeq X sequencing: GSM8984382: wild-type strain T=15 min (pH 8.0), replicate 1 Komagataella phaffii RNA-Seq				wild-type strain T=15 min (pH 8.0), replicate 1		GSE297128	PRJNA1262845	460519	Komagataella phaffii	RNA-Seq	TRANSCRIPTOMIC	cDNA	Illumina NovaSeq X	5322942000	GSM8984382	The contribution of the transcription factors Crz1 and Rim101 to the response to alkalinization in Komagataella phaffii	Illumina NovaSeq X sequencing: GSM8984382: wild-type strain T=15 min (pH 8.0), replicate 1 Komagataella phaffii RNA-Seq	Total RNA was extracted with the Ribo Pure™-Yeast kit (Ambion) following the manufacturer's instructions. The quality was assessed by capillary electrophoresis in a Bioanalyzer equipment and RNA amounts quantified by measuring the A260 in a Nanodrop ND-1000 Spectrophotometer. mRNA was purified from total RNA using poly-T oligo-attached magnetic beads. After fragmentation, the first strand cDNA was synthesized using random hexamer primers, followed by the second strand cDNA synthesis using dTTP (non-directional library). The library was ready after end repair, A-tailing, adapter ligation, size selection, amplification, and purification, and was checked by Qubit™ assay (Thermofisher) and real-time PCR for quantification and size distribution monitored with a Bioanalyzer.	
SRR33569652	PASS	SRX28799614	SAMN48502144	SRP585318	Illumina NovaSeq X sequencing: GSM8984381: wild-type strain T=0 (pH 5.5), replicate 3 Komagataella phaffii RNA-Seq				wild-type strain T=0 (pH 5.5), replicate 3		GSE297128	PRJNA1262845	460519	Komagataella phaffii	RNA-Seq	TRANSCRIPTOMIC	cDNA	Illumina NovaSeq X	5160053700	GSM8984381	The contribution of the transcription factors Crz1 and Rim101 to the response to alkalinization in Komagataella phaffii	Illumina NovaSeq X sequencing: GSM8984381: wild-type strain T=0 (pH 5.5), replicate 3 Komagataella phaffii RNA-Seq	Total RNA was extracted with the Ribo Pure™-Yeast kit (Ambion) following the manufacturer's instructions. The quality was assessed by capillary electrophoresis in a Bioanalyzer equipment and RNA amounts quantified by measuring the A260 in a Nanodrop ND-1000 Spectrophotometer. mRNA was purified from total RNA using poly-T oligo-attached magnetic beads. After fragmentation, the first strand cDNA was synthesized using random hexamer primers, followed by the second strand cDNA synthesis using dTTP (non-directional library). The library was ready after end repair, A-tailing, adapter ligation, size selection, amplification, and purification, and was checked by Qubit™ assay (Thermofisher) and real-time PCR for quantification and size distribution monitored with a Bioanalyzer.	
SRR34446214	FAIL(3)	SRX29606815	SAMN49881382	SRP599661	NextSeq 500 sequencing: GSM9098058: S-1076_F_0.5_0.3_perc_meoh rep2 Komagataella phaffii RNA-Seq				S-1076_F_0.5_0.3_perc_meoh rep2		GSE302182	PRJNA1289153	460519	Komagataella phaffii	RNA-Seq	TRANSCRIPTOMIC	cDNA	NextSeq 500	484331598	GSM9098058	GEO accession GSE302182 is currently private and is scheduled to be released on Jul 01, 2029.	NextSeq 500 sequencing: GSM9098058: S-1076_F_0.5_0.3_perc_meoh rep2 Komagataella phaffii RNA-Seq	Qiagen RNeasy 96 kit Nextera XT DNA Library Preparation Kit with the Illumina DNA/RNA UD Indexes	
SRR34446217	FAIL(3)	SRX29606812	SAMN49881385	SRP599661	NextSeq 500 sequencing: GSM9098055: S-1076_F_std_0.3_perc_meoh rep2 Komagataella phaffii RNA-Seq				S-1076_F_std_0.3_perc_meoh rep2		GSE302182	PRJNA1289153	460519	Komagataella phaffii	RNA-Seq	TRANSCRIPTOMIC	cDNA	NextSeq 500	368919516	GSM9098055	GEO accession GSE302182 is currently private and is scheduled to be released on Jul 01, 2029.	NextSeq 500 sequencing: GSM9098055: S-1076_F_std_0.3_perc_meoh rep2 Komagataella phaffii RNA-Seq	Qiagen RNeasy 96 kit Nextera XT DNA Library Preparation Kit with the Illumina DNA/RNA UD Indexes	
SRR34446219	FAIL(3,4,6)	SRX29606810	SAMN49881387	SRP599661	NextSeq 500 sequencing: GSM9098053: S-1076_E_0.1_0.3_perc_meoh rep3 Komagataella phaffii RNA-Seq				S-1076_E_0.1_0.3_perc_meoh rep3		GSE302182	PRJNA1289153	460519	Komagataella phaffii	RNA-Seq	TRANSCRIPTOMIC	cDNA	NextSeq 500	518125422	GSM9098053	GEO accession GSE302182 is currently private and is scheduled to be released on Jul 01, 2029.	NextSeq 500 sequencing: GSM9098053: S-1076_E_0.1_0.3_perc_meoh rep3 Komagataella phaffii RNA-Seq	Qiagen RNeasy 96 kit Nextera XT DNA Library Preparation Kit with the Illumina DNA/RNA UD Indexes	
SRR34446220	FAIL(3,4,6)	SRX29606809	SAMN49881388	SRP599661	NextSeq 500 sequencing: GSM9098052: S-1076_E_0.1_0.3_perc_meoh rep2 Komagataella phaffii RNA-Seq				S-1076_E_0.1_0.3_perc_meoh rep2		GSE302182	PRJNA1289153	460519	Komagataella phaffii	RNA-Seq	TRANSCRIPTOMIC	cDNA	NextSeq 500	494177556	GSM9098052	GEO accession GSE302182 is currently private and is scheduled to be released on Jul 01, 2029.	NextSeq 500 sequencing: GSM9098052: S-1076_E_0.1_0.3_perc_meoh rep2 Komagataella phaffii RNA-Seq	Qiagen RNeasy 96 kit Nextera XT DNA Library Preparation Kit with the Illumina DNA/RNA UD Indexes	
SRR34446228	FAIL(3,4,6)	SRX29606801	SAMN49881396	SRP599661	NextSeq 500 sequencing: GSM9098044: S-1076_D_std_0.3_perc_meoh rep3 Komagataella phaffii RNA-Seq				S-1076_D_std_0.3_perc_meoh rep3		GSE302182	PRJNA1289153	460519	Komagataella phaffii	RNA-Seq	TRANSCRIPTOMIC	cDNA	NextSeq 500	584436336	GSM9098044	GEO accession GSE302182 is currently private and is scheduled to be released on Jul 01, 2029.	NextSeq 500 sequencing: GSM9098044: S-1076_D_std_0.3_perc_meoh rep3 Komagataella phaffii RNA-Seq	Qiagen RNeasy 96 kit Nextera XT DNA Library Preparation Kit with the Illumina DNA/RNA UD Indexes	
SRR34446229	FAIL(3,4,6)	SRX29606800	SAMN49881397	SRP599661	NextSeq 500 sequencing: GSM9098043: S-1076_D_std_0.3_perc_meoh rep2 Komagataella phaffii RNA-Seq				S-1076_D_std_0.3_perc_meoh rep2		GSE302182	PRJNA1289153	460519	Komagataella phaffii	RNA-Seq	TRANSCRIPTOMIC	cDNA	NextSeq 500	352289334	GSM9098043	GEO accession GSE302182 is currently private and is scheduled to be released on Jul 01, 2029.	NextSeq 500 sequencing: GSM9098043: S-1076_D_std_0.3_perc_meoh rep2 Komagataella phaffii RNA-Seq	Qiagen RNeasy 96 kit Nextera XT DNA Library Preparation Kit with the Illumina DNA/RNA UD Indexes	
SRR34446233	FAIL(3,4,6)	SRX29606796	SAMN49881401	SRP599661	NextSeq 500 sequencing: GSM9098039: S-1076_C_0.1_0.3_perc_meoh rep1 Komagataella phaffii RNA-Seq				S-1076_C_0.1_0.3_perc_meoh rep1		GSE302182	PRJNA1289153	460519	Komagataella phaffii	RNA-Seq	TRANSCRIPTOMIC	cDNA	NextSeq 500	324280338	GSM9098039	GEO accession GSE302182 is currently private and is scheduled to be released on Jul 01, 2029.	NextSeq 500 sequencing: GSM9098039: S-1076_C_0.1_0.3_perc_meoh rep1 Komagataella phaffii RNA-Seq	Qiagen RNeasy 96 kit Nextera XT DNA Library Preparation Kit with the Illumina DNA/RNA UD Indexes	
SRR34446236	FAIL(3)	SRX29606793	SAMN49881404	SRP599661	NextSeq 500 sequencing: GSM9098036: S-1076_C_0.5_0.3_perc_meoh rep1 Komagataella phaffii RNA-Seq				S-1076_C_0.5_0.3_perc_meoh rep1		GSE302182	PRJNA1289153	460519	Komagataella phaffii	RNA-Seq	TRANSCRIPTOMIC	cDNA	NextSeq 500	294821922	GSM9098036	GEO accession GSE302182 is currently private and is scheduled to be released on Jul 01, 2029.	NextSeq 500 sequencing: GSM9098036: S-1076_C_0.5_0.3_perc_meoh rep1 Komagataella phaffii RNA-Seq	Qiagen RNeasy 96 kit Nextera XT DNA Library Preparation Kit with the Illumina DNA/RNA UD Indexes	
SRR34446241	FAIL(3,4,6)	SRX29606788	SAMN49881437	SRP599661	NextSeq 500 sequencing: GSM9098003: S-1076_G_0.1_0.7_perc_meoh rep1 Komagataella phaffii RNA-Seq				S-1076_G_0.1_0.7_perc_meoh rep1		GSE302182	PRJNA1289153	460519	Komagataella phaffii	RNA-Seq	TRANSCRIPTOMIC	cDNA	NextSeq 500	330645954	GSM9098003	GEO accession GSE302182 is currently private and is scheduled to be released on Jul 01, 2029.	NextSeq 500 sequencing: GSM9098003: S-1076_G_0.1_0.7_perc_meoh rep1 Komagataella phaffii RNA-Seq	Qiagen RNeasy 96 kit Nextera XT DNA Library Preparation Kit with the Illumina DNA/RNA UD Indexes	
SRR34446244	FAIL(3,4)	SRX29606785	SAMN49881440	SRP599661	NextSeq 500 sequencing: GSM9098000: S-1076_G_0.5_0.7_perc_meoh rep1 Komagataella phaffii RNA-Seq				S-1076_G_0.5_0.7_perc_meoh rep1		GSE302182	PRJNA1289153	460519	Komagataella phaffii	RNA-Seq	TRANSCRIPTOMIC	cDNA	NextSeq 500	151244172	GSM9098000	GEO accession GSE302182 is currently private and is scheduled to be released on Jul 01, 2029.	NextSeq 500 sequencing: GSM9098000: S-1076_G_0.5_0.7_perc_meoh rep1 Komagataella phaffii RNA-Seq	Qiagen RNeasy 96 kit Nextera XT DNA Library Preparation Kit with the Illumina DNA/RNA UD Indexes	
SRR34446245	WARN(1,3,4,5,6,7)	SRX29606784	SAMN49881441	SRP599661	NextSeq 500 sequencing: GSM9097999: S-1076_G_std_0.7_perc_meoh rep3 Komagataella phaffii RNA-Seq				S-1076_G_std_0.7_perc_meoh rep3		GSE302182	PRJNA1289153	460519	Komagataella phaffii	RNA-Seq	TRANSCRIPTOMIC	cDNA	NextSeq 500	254056194	GSM9097999	GEO accession GSE302182 is currently private and is scheduled to be released on Jul 01, 2029.	NextSeq 500 sequencing: GSM9097999: S-1076_G_std_0.7_perc_meoh rep3 Komagataella phaffii RNA-Seq	Qiagen RNeasy 96 kit Nextera XT DNA Library Preparation Kit with the Illumina DNA/RNA UD Indexes	
SRR34446247	FAIL(3,4,6)	SRX29606782	SAMN49881443	SRP599661	NextSeq 500 sequencing: GSM9097997: S-1076_F_0.1_0.7_perc_meoh rep3 Komagataella phaffii RNA-Seq				S-1076_F_0.1_0.7_perc_meoh rep3		GSE302182	PRJNA1289153	460519	Komagataella phaffii	RNA-Seq	TRANSCRIPTOMIC	cDNA	NextSeq 500	197291052	GSM9097997	GEO accession GSE302182 is currently private and is scheduled to be released on Jul 01, 2029.	NextSeq 500 sequencing: GSM9097997: S-1076_F_0.1_0.7_perc_meoh rep3 Komagataella phaffii RNA-Seq	Qiagen RNeasy 96 kit Nextera XT DNA Library Preparation Kit with the Illumina DNA/RNA UD Indexes	
SRR34446248	FAIL(3,4,6)	SRX29606781	SAMN49881444	SRP599661	NextSeq 500 sequencing: GSM9097996: S-1076_F_0.1_0.7_perc_meoh rep2 Komagataella phaffii RNA-Seq				S-1076_F_0.1_0.7_perc_meoh rep2		GSE302182	PRJNA1289153	460519	Komagataella phaffii	RNA-Seq	TRANSCRIPTOMIC	cDNA	NextSeq 500	121378470	GSM9097996	GEO accession GSE302182 is currently private and is scheduled to be released on Jul 01, 2029.	NextSeq 500 sequencing: GSM9097996: S-1076_F_0.1_0.7_perc_meoh rep2 Komagataella phaffii RNA-Seq	Qiagen RNeasy 96 kit Nextera XT DNA Library Preparation Kit with the Illumina DNA/RNA UD Indexes	
SRR34446250	FAIL(3,4)	SRX29606779	SAMN49881446	SRP599661	NextSeq 500 sequencing: GSM9097994: S-1076_F_0.5_0.7_perc_meoh rep3 Komagataella phaffii RNA-Seq				S-1076_F_0.5_0.7_perc_meoh rep3		GSE302182	PRJNA1289153	460519	Komagataella phaffii	RNA-Seq	TRANSCRIPTOMIC	cDNA	NextSeq 500	178432578	GSM9097994	GEO accession GSE302182 is currently private and is scheduled to be released on Jul 01, 2029.	NextSeq 500 sequencing: GSM9097994: S-1076_F_0.5_0.7_perc_meoh rep3 Komagataella phaffii RNA-Seq	Qiagen RNeasy 96 kit Nextera XT DNA Library Preparation Kit with the Illumina DNA/RNA UD Indexes	
SRR34446251	FAIL(3,4)	SRX29606778	SAMN49881447	SRP599661	NextSeq 500 sequencing: GSM9097993: S-1076_F_0.5_0.7_perc_meoh rep2 Komagataella phaffii RNA-Seq				S-1076_F_0.5_0.7_perc_meoh rep2		GSE302182	PRJNA1289153	460519	Komagataella phaffii	RNA-Seq	TRANSCRIPTOMIC	cDNA	NextSeq 500	211762302	GSM9097993	GEO accession GSE302182 is currently private and is scheduled to be released on Jul 01, 2029.	NextSeq 500 sequencing: GSM9097993: S-1076_F_0.5_0.7_perc_meoh rep2 Komagataella phaffii RNA-Seq	Qiagen RNeasy 96 kit Nextera XT DNA Library Preparation Kit with the Illumina DNA/RNA UD Indexes	
SRR34446254	FAIL(3)	SRX29606775	SAMN49881450	SRP599661	NextSeq 500 sequencing: GSM9097990: S-1076_F_std_0.7_perc_meoh rep2 Komagataella phaffii RNA-Seq				S-1076_F_std_0.7_perc_meoh rep2		GSE302182	PRJNA1289153	460519	Komagataella phaffii	RNA-Seq	TRANSCRIPTOMIC	cDNA	NextSeq 500	228018756	GSM9097990	GEO accession GSE302182 is currently private and is scheduled to be released on Jul 01, 2029.	NextSeq 500 sequencing: GSM9097990: S-1076_F_std_0.7_perc_meoh rep2 Komagataella phaffii RNA-Seq	Qiagen RNeasy 96 kit Nextera XT DNA Library Preparation Kit with the Illumina DNA/RNA UD Indexes	
SRR34446257	FAIL(3)	SRX29606772	SAMN49881453	SRP599661	NextSeq 500 sequencing: GSM9097987: S-1076_E_0.1_0.7_perc_meoh rep2 Komagataella phaffii RNA-Seq				S-1076_E_0.1_0.7_perc_meoh rep2		GSE302182	PRJNA1289153	460519	Komagataella phaffii	RNA-Seq	TRANSCRIPTOMIC	cDNA	NextSeq 500	305264274	GSM9097987	GEO accession GSE302182 is currently private and is scheduled to be released on Jul 01, 2029.	NextSeq 500 sequencing: GSM9097987: S-1076_E_0.1_0.7_perc_meoh rep2 Komagataella phaffii RNA-Seq	Qiagen RNeasy 96 kit Nextera XT DNA Library Preparation Kit with the Illumina DNA/RNA UD Indexes	
SRR34446259	FAIL(3)	SRX29606770	SAMN49881455	SRP599661	NextSeq 500 sequencing: GSM9097985: S-1076_E_0.5_0.7_perc_meoh rep3 Komagataella phaffii RNA-Seq				S-1076_E_0.5_0.7_perc_meoh rep3		GSE302182	PRJNA1289153	460519	Komagataella phaffii	RNA-Seq	TRANSCRIPTOMIC	cDNA	NextSeq 500	469656552	GSM9097985	GEO accession GSE302182 is currently private and is scheduled to be released on Jul 01, 2029.	NextSeq 500 sequencing: GSM9097985: S-1076_E_0.5_0.7_perc_meoh rep3 Komagataella phaffii RNA-Seq	Qiagen RNeasy 96 kit Nextera XT DNA Library Preparation Kit with the Illumina DNA/RNA UD Indexes	
SRR34446265	FAIL(3)	SRX29606764	SAMN49881461	SRP599661	NextSeq 500 sequencing: GSM9097979: S-1076_D_std_0.7_perc_meoh rep3 Komagataella phaffii RNA-Seq				S-1076_D_std_0.7_perc_meoh rep3		GSE302182	PRJNA1289153	460519	Komagataella phaffii	RNA-Seq	TRANSCRIPTOMIC	cDNA	NextSeq 500	600597828	GSM9097979	GEO accession GSE302182 is currently private and is scheduled to be released on Jul 01, 2029.	NextSeq 500 sequencing: GSM9097979: S-1076_D_std_0.7_perc_meoh rep3 Komagataella phaffii RNA-Seq	Qiagen RNeasy 96 kit Nextera XT DNA Library Preparation Kit with the Illumina DNA/RNA UD Indexes	
SRR34446272	FAIL(3)	SRX29606757	SAMN49881361	SRP599661	NextSeq 500 sequencing: GSM9098079: S-1076_H_0.1_0.3_perc_meoh rep2 Komagataella phaffii RNA-Seq				S-1076_H_0.1_0.3_perc_meoh rep2		GSE302182	PRJNA1289153	460519	Komagataella phaffii	RNA-Seq	TRANSCRIPTOMIC	cDNA	NextSeq 500	531163980	GSM9098079	GEO accession GSE302182 is currently private and is scheduled to be released on Jul 01, 2029.	NextSeq 500 sequencing: GSM9098079: S-1076_H_0.1_0.3_perc_meoh rep2 Komagataella phaffii RNA-Seq	Qiagen RNeasy 96 kit Nextera XT DNA Library Preparation Kit with the Illumina DNA/RNA UD Indexes	
SRR34446276	WARN(3,4,5,6,7)	SRX29606753	SAMN49881365	SRP599661	NextSeq 500 sequencing: GSM9098075: S-1076_H_0.5_0.3_perc_meoh rep1 Komagataella phaffii RNA-Seq				S-1076_H_0.5_0.3_perc_meoh rep1		GSE302182	PRJNA1289153	460519	Komagataella phaffii	RNA-Seq	TRANSCRIPTOMIC	cDNA	NextSeq 500	503822676	GSM9098075	GEO accession GSE302182 is currently private and is scheduled to be released on Jul 01, 2029.	NextSeq 500 sequencing: GSM9098075: S-1076_H_0.5_0.3_perc_meoh rep1 Komagataella phaffii RNA-Seq	Qiagen RNeasy 96 kit Nextera XT DNA Library Preparation Kit with the Illumina DNA/RNA UD Indexes	
SRR34446277	WARN(3,4,5,6,7)	SRX29606752	SAMN49881366	SRP599661	NextSeq 500 sequencing: GSM9098074: S-1076_H_std_0.3_perc_meoh rep3 Komagataella phaffii RNA-Seq				S-1076_H_std_0.3_perc_meoh rep3		GSE302182	PRJNA1289153	460519	Komagataella phaffii	RNA-Seq	TRANSCRIPTOMIC	cDNA	NextSeq 500	363133260	GSM9098074	GEO accession GSE302182 is currently private and is scheduled to be released on Jul 01, 2029.	NextSeq 500 sequencing: GSM9098074: S-1076_H_std_0.3_perc_meoh rep3 Komagataella phaffii RNA-Seq	Qiagen RNeasy 96 kit Nextera XT DNA Library Preparation Kit with the Illumina DNA/RNA UD Indexes	
SRR34446282	FAIL(3)	SRX29606747	SAMN49881371	SRP599661	NextSeq 500 sequencing: GSM9098069: S-1076_G_0.1_0.3_perc_meoh rep1 Komagataella phaffii RNA-Seq				S-1076_G_0.1_0.3_perc_meoh rep1		GSE302182	PRJNA1289153	460519	Komagataella phaffii	RNA-Seq	TRANSCRIPTOMIC	cDNA	NextSeq 500	300361950	GSM9098069	GEO accession GSE302182 is currently private and is scheduled to be released on Jul 01, 2029.	NextSeq 500 sequencing: GSM9098069: S-1076_G_0.1_0.3_perc_meoh rep1 Komagataella phaffii RNA-Seq	Qiagen RNeasy 96 kit Nextera XT DNA Library Preparation Kit with the Illumina DNA/RNA UD Indexes	
SRR34446286	WARN(3,4,5,6,7)	SRX29606743	SAMN49881375	SRP599661	NextSeq 500 sequencing: GSM9098065: S-1076_G_std_0.3_perc_meoh rep3 Komagataella phaffii RNA-Seq				S-1076_G_std_0.3_perc_meoh rep3		GSE302182	PRJNA1289153	460519	Komagataella phaffii	RNA-Seq	TRANSCRIPTOMIC	cDNA	NextSeq 500	427508214	GSM9098065	GEO accession GSE302182 is currently private and is scheduled to be released on Jul 01, 2029.	NextSeq 500 sequencing: GSM9098065: S-1076_G_std_0.3_perc_meoh rep3 Komagataella phaffii RNA-Seq	Qiagen RNeasy 96 kit Nextera XT DNA Library Preparation Kit with the Illumina DNA/RNA UD Indexes	
SRR34446288	WARN(3,4,5,6,7)	SRX29606741	SAMN49881377	SRP599661	NextSeq 500 sequencing: GSM9098063: S-1076_G_std_0.3_perc_meoh rep1 Komagataella phaffii RNA-Seq				S-1076_G_std_0.3_perc_meoh rep1		GSE302182	PRJNA1289153	460519	Komagataella phaffii	RNA-Seq	TRANSCRIPTOMIC	cDNA	NextSeq 500	476670276	GSM9098063	GEO accession GSE302182 is currently private and is scheduled to be released on Jul 01, 2029.	NextSeq 500 sequencing: GSM9098063: S-1076_G_std_0.3_perc_meoh rep1 Komagataella phaffii RNA-Seq	Qiagen RNeasy 96 kit Nextera XT DNA Library Preparation Kit with the Illumina DNA/RNA UD Indexes	
SRR34446290	FAIL(3,4,6)	SRX29606739	SAMN49881379	SRP599661	NextSeq 500 sequencing: GSM9098061: S-1076_F_0.1_0.3_perc_meoh rep2 Komagataella phaffii RNA-Seq				S-1076_F_0.1_0.3_perc_meoh rep2		GSE302182	PRJNA1289153	460519	Komagataella phaffii	RNA-Seq	TRANSCRIPTOMIC	cDNA	NextSeq 500	335276346	GSM9098061	GEO accession GSE302182 is currently private and is scheduled to be released on Jul 01, 2029.	NextSeq 500 sequencing: GSM9098061: S-1076_F_0.1_0.3_perc_meoh rep2 Komagataella phaffii RNA-Seq	Qiagen RNeasy 96 kit Nextera XT DNA Library Preparation Kit with the Illumina DNA/RNA UD Indexes	
SRR34446299	FAIL(3)	SRX29606730	SAMN49881500	SRP599661	NextSeq 500 sequencing: GSM9097940: S-1076_G_0.1_1_perc_meoh rep3 Komagataella phaffii RNA-Seq				S-1076_G_0.1_1_perc_meoh rep3		GSE302182	PRJNA1289153	460519	Komagataella phaffii	RNA-Seq	TRANSCRIPTOMIC	cDNA	NextSeq 500	280184922	GSM9097940	GEO accession GSE302182 is currently private and is scheduled to be released on Jul 01, 2029.	NextSeq 500 sequencing: GSM9097940: S-1076_G_0.1_1_perc_meoh rep3 Komagataella phaffii RNA-Seq	Qiagen RNeasy 96 kit Nextera XT DNA Library Preparation Kit with the Illumina DNA/RNA UD Indexes	
SRR34446303	WARN(3,4,5,6,7)	SRX29606726	SAMN49881504	SRP599661	NextSeq 500 sequencing: GSM9097936: S-1076_G_0.5_1_perc_meoh rep2 Komagataella phaffii RNA-Seq				S-1076_G_0.5_1_perc_meoh rep2		GSE302182	PRJNA1289153	460519	Komagataella phaffii	RNA-Seq	TRANSCRIPTOMIC	cDNA	NextSeq 500	337942218	GSM9097936	GEO accession GSE302182 is currently private and is scheduled to be released on Jul 01, 2029.	NextSeq 500 sequencing: GSM9097936: S-1076_G_0.5_1_perc_meoh rep2 Komagataella phaffii RNA-Seq	Qiagen RNeasy 96 kit Nextera XT DNA Library Preparation Kit with the Illumina DNA/RNA UD Indexes	
SRR34446304	WARN(3,4,6)	SRX29606725	SAMN49881505	SRP599661	NextSeq 500 sequencing: GSM9097935: S-1076_G_0.5_1_perc_meoh rep1 Komagataella phaffii RNA-Seq				S-1076_G_0.5_1_perc_meoh rep1		GSE302182	PRJNA1289153	460519	Komagataella phaffii	RNA-Seq	TRANSCRIPTOMIC	cDNA	NextSeq 500	538661796	GSM9097935	GEO accession GSE302182 is currently private and is scheduled to be released on Jul 01, 2029.	NextSeq 500 sequencing: GSM9097935: S-1076_G_0.5_1_perc_meoh rep1 Komagataella phaffii RNA-Seq	Qiagen RNeasy 96 kit Nextera XT DNA Library Preparation Kit with the Illumina DNA/RNA UD Indexes	
SRR34446307	WARN(3,5,7)	SRX29606722	SAMN49881508	SRP599661	NextSeq 500 sequencing: GSM9097932: S-1076_G_std_1_perc_meoh rep1 Komagataella phaffii RNA-Seq				S-1076_G_std_1_perc_meoh rep1		GSE302182	PRJNA1289153	460519	Komagataella phaffii	RNA-Seq	TRANSCRIPTOMIC	cDNA	NextSeq 500	432681246	GSM9097932	GEO accession GSE302182 is currently private and is scheduled to be released on Jul 01, 2029.	NextSeq 500 sequencing: GSM9097932: S-1076_G_std_1_perc_meoh rep1 Komagataella phaffii RNA-Seq	Qiagen RNeasy 96 kit Nextera XT DNA Library Preparation Kit with the Illumina DNA/RNA UD Indexes	
SRR34446308	WARN(3,4,5,6,7)	SRX29606721	SAMN49881509	SRP599661	NextSeq 500 sequencing: GSM9097931: S-1076_F_0.1_1_perc_meoh rep3 Komagataella phaffii RNA-Seq				S-1076_F_0.1_1_perc_meoh rep3		GSE302182	PRJNA1289153	460519	Komagataella phaffii	RNA-Seq	TRANSCRIPTOMIC	cDNA	NextSeq 500	548550186	GSM9097931	GEO accession GSE302182 is currently private and is scheduled to be released on Jul 01, 2029.	NextSeq 500 sequencing: GSM9097931: S-1076_F_0.1_1_perc_meoh rep3 Komagataella phaffii RNA-Seq	Qiagen RNeasy 96 kit Nextera XT DNA Library Preparation Kit with the Illumina DNA/RNA UD Indexes	
SRR34446310	WARN(3,4,5,6,7)	SRX29606719	SAMN49881511	SRP599661	NextSeq 500 sequencing: GSM9097929: S-1076_F_0.1_1_perc_meoh rep1 Komagataella phaffii RNA-Seq				S-1076_F_0.1_1_perc_meoh rep1		GSE302182	PRJNA1289153	460519	Komagataella phaffii	RNA-Seq	TRANSCRIPTOMIC	cDNA	NextSeq 500	393262326	GSM9097929	GEO accession GSE302182 is currently private and is scheduled to be released on Jul 01, 2029.	NextSeq 500 sequencing: GSM9097929: S-1076_F_0.1_1_perc_meoh rep1 Komagataella phaffii RNA-Seq	Qiagen RNeasy 96 kit Nextera XT DNA Library Preparation Kit with the Illumina DNA/RNA UD Indexes	
SRR34446311	WARN(1,3,4,5,6,7)	SRX29606718	SAMN49881512	SRP599661	NextSeq 500 sequencing: GSM9097928: S-1076_F_0.5_1_perc_meoh rep3 Komagataella phaffii RNA-Seq				S-1076_F_0.5_1_perc_meoh rep3		GSE302182	PRJNA1289153	460519	Komagataella phaffii	RNA-Seq	TRANSCRIPTOMIC	cDNA	NextSeq 500	273799110	GSM9097928	GEO accession GSE302182 is currently private and is scheduled to be released on Jul 01, 2029.	NextSeq 500 sequencing: GSM9097928: S-1076_F_0.5_1_perc_meoh rep3 Komagataella phaffii RNA-Seq	Qiagen RNeasy 96 kit Nextera XT DNA Library Preparation Kit with the Illumina DNA/RNA UD Indexes	
SRR34446313	WARN(3,4,5,6,7)	SRX29606716	SAMN49881514	SRP599661	NextSeq 500 sequencing: GSM9097926: S-1076_F_0.5_1_perc_meoh rep1 Komagataella phaffii RNA-Seq				S-1076_F_0.5_1_perc_meoh rep1		GSE302182	PRJNA1289153	460519	Komagataella phaffii	RNA-Seq	TRANSCRIPTOMIC	cDNA	NextSeq 500	393396864	GSM9097926	GEO accession GSE302182 is currently private and is scheduled to be released on Jul 01, 2029.	NextSeq 500 sequencing: GSM9097926: S-1076_F_0.5_1_perc_meoh rep1 Komagataella phaffii RNA-Seq	Qiagen RNeasy 96 kit Nextera XT DNA Library Preparation Kit with the Illumina DNA/RNA UD Indexes	
SRR34446315	WARN(3,4,5,6,7)	SRX29606714	SAMN49881516	SRP599661	NextSeq 500 sequencing: GSM9097924: S-1076_F_std_1_perc_meoh rep2 Komagataella phaffii RNA-Seq				S-1076_F_std_1_perc_meoh rep2		GSE302182	PRJNA1289153	460519	Komagataella phaffii	RNA-Seq	TRANSCRIPTOMIC	cDNA	NextSeq 500	457920024	GSM9097924	GEO accession GSE302182 is currently private and is scheduled to be released on Jul 01, 2029.	NextSeq 500 sequencing: GSM9097924: S-1076_F_std_1_perc_meoh rep2 Komagataella phaffii RNA-Seq	Qiagen RNeasy 96 kit Nextera XT DNA Library Preparation Kit with the Illumina DNA/RNA UD Indexes	
SRR34446316	WARN(3,4,5,6,7)	SRX29606713	SAMN49881517	SRP599661	NextSeq 500 sequencing: GSM9097923: S-1076_F_std_1_perc_meoh rep1 Komagataella phaffii RNA-Seq				S-1076_F_std_1_perc_meoh rep1		GSE302182	PRJNA1289153	460519	Komagataella phaffii	RNA-Seq	TRANSCRIPTOMIC	cDNA	NextSeq 500	425787984	GSM9097923	GEO accession GSE302182 is currently private and is scheduled to be released on Jul 01, 2029.	NextSeq 500 sequencing: GSM9097923: S-1076_F_std_1_perc_meoh rep1 Komagataella phaffii RNA-Seq	Qiagen RNeasy 96 kit Nextera XT DNA Library Preparation Kit with the Illumina DNA/RNA UD Indexes	
SRR34446317	FAIL(3)	SRX29606712	SAMN49881518	SRP599661	NextSeq 500 sequencing: GSM9097922: S-1076_E_0.1_1_perc_meoh rep3 Komagataella phaffii RNA-Seq				S-1076_E_0.1_1_perc_meoh rep3		GSE302182	PRJNA1289153	460519	Komagataella phaffii	RNA-Seq	TRANSCRIPTOMIC	cDNA	NextSeq 500	445440834	GSM9097922	GEO accession GSE302182 is currently private and is scheduled to be released on Jul 01, 2029.	NextSeq 500 sequencing: GSM9097922: S-1076_E_0.1_1_perc_meoh rep3 Komagataella phaffii RNA-Seq	Qiagen RNeasy 96 kit Nextera XT DNA Library Preparation Kit with the Illumina DNA/RNA UD Indexes	
SRR34446320	FAIL(3,4,6)	SRX29606709	SAMN49881409	SRP599661	NextSeq 500 sequencing: GSM9098031: S-1076_B_0.1_0.3_perc_meoh rep2 Komagataella phaffii RNA-Seq				S-1076_B_0.1_0.3_perc_meoh rep2		GSE302182	PRJNA1289153	460519	Komagataella phaffii	RNA-Seq	TRANSCRIPTOMIC	cDNA	NextSeq 500	297555318	GSM9098031	GEO accession GSE302182 is currently private and is scheduled to be released on Jul 01, 2029.	NextSeq 500 sequencing: GSM9098031: S-1076_B_0.1_0.3_perc_meoh rep2 Komagataella phaffii RNA-Seq	Qiagen RNeasy 96 kit Nextera XT DNA Library Preparation Kit with the Illumina DNA/RNA UD Indexes	
SRR34446321	FAIL(3,4,6)	SRX29606708	SAMN49881410	SRP599661	NextSeq 500 sequencing: GSM9098030: S-1076_B_0.1_0.3_perc_meoh rep1 Komagataella phaffii RNA-Seq				S-1076_B_0.1_0.3_perc_meoh rep1		GSE302182	PRJNA1289153	460519	Komagataella phaffii	RNA-Seq	TRANSCRIPTOMIC	cDNA	NextSeq 500	456131046	GSM9098030	GEO accession GSE302182 is currently private and is scheduled to be released on Jul 01, 2029.	NextSeq 500 sequencing: GSM9098030: S-1076_B_0.1_0.3_perc_meoh rep1 Komagataella phaffii RNA-Seq	Qiagen RNeasy 96 kit Nextera XT DNA Library Preparation Kit with the Illumina DNA/RNA UD Indexes	
SRR34446325	WARN(3,4,5,6,7)	SRX29606704	SAMN49881414	SRP599661	NextSeq 500 sequencing: GSM9098026: S-1076_B_std_0.3_perc_meoh rep3 Komagataella phaffii RNA-Seq				S-1076_B_std_0.3_perc_meoh rep3		GSE302182	PRJNA1289153	460519	Komagataella phaffii	RNA-Seq	TRANSCRIPTOMIC	cDNA	NextSeq 500	341953062	GSM9098026	GEO accession GSE302182 is currently private and is scheduled to be released on Jul 01, 2029.	NextSeq 500 sequencing: GSM9098026: S-1076_B_std_0.3_perc_meoh rep3 Komagataella phaffii RNA-Seq	Qiagen RNeasy 96 kit Nextera XT DNA Library Preparation Kit with the Illumina DNA/RNA UD Indexes	
SRR34446326	WARN(3,4,5,6,7)	SRX29606703	SAMN49881415	SRP599661	NextSeq 500 sequencing: GSM9098025: S-1076_B_std_0.3_perc_meoh rep2 Komagataella phaffii RNA-Seq				S-1076_B_std_0.3_perc_meoh rep2		GSE302182	PRJNA1289153	460519	Komagataella phaffii	RNA-Seq	TRANSCRIPTOMIC	cDNA	NextSeq 500	407599854	GSM9098025	GEO accession GSE302182 is currently private and is scheduled to be released on Jul 01, 2029.	NextSeq 500 sequencing: GSM9098025: S-1076_B_std_0.3_perc_meoh rep2 Komagataella phaffii RNA-Seq	Qiagen RNeasy 96 kit Nextera XT DNA Library Preparation Kit with the Illumina DNA/RNA UD Indexes	
SRR34446329	FAIL(3,4,6)	SRX29606700	SAMN49881418	SRP599661	NextSeq 500 sequencing: GSM9098022: S-1076_J_0.1_0.7_perc_meoh rep2 Komagataella phaffii RNA-Seq				S-1076_J_0.1_0.7_perc_meoh rep2		GSE302182	PRJNA1289153	460519	Komagataella phaffii	RNA-Seq	TRANSCRIPTOMIC	cDNA	NextSeq 500	383712066	GSM9098022	GEO accession GSE302182 is currently private and is scheduled to be released on Jul 01, 2029.	NextSeq 500 sequencing: GSM9098022: S-1076_J_0.1_0.7_perc_meoh rep2 Komagataella phaffii RNA-Seq	Qiagen RNeasy 96 kit Nextera XT DNA Library Preparation Kit with the Illumina DNA/RNA UD Indexes	
SRR34446332	FAIL(3,4,6)	SRX29606697	SAMN49881421	SRP599661	NextSeq 500 sequencing: GSM9098019: S-1076_J_0.5_0.7_perc_meoh rep2 Komagataella phaffii RNA-Seq				S-1076_J_0.5_0.7_perc_meoh rep2		GSE302182	PRJNA1289153	460519	Komagataella phaffii	RNA-Seq	TRANSCRIPTOMIC	cDNA	NextSeq 500	244379148	GSM9098019	GEO accession GSE302182 is currently private and is scheduled to be released on Jul 01, 2029.	NextSeq 500 sequencing: GSM9098019: S-1076_J_0.5_0.7_perc_meoh rep2 Komagataella phaffii RNA-Seq	Qiagen RNeasy 96 kit Nextera XT DNA Library Preparation Kit with the Illumina DNA/RNA UD Indexes	
SRR34446335	WARN(3,4,5,6,7)	SRX29606694	SAMN49881424	SRP599661	NextSeq 500 sequencing: GSM9098016: S-1076_J_std_0.7_perc_meoh rep2 Komagataella phaffii RNA-Seq				S-1076_J_std_0.7_perc_meoh rep2		GSE302182	PRJNA1289153	460519	Komagataella phaffii	RNA-Seq	TRANSCRIPTOMIC	cDNA	NextSeq 500	333528882	GSM9098016	GEO accession GSE302182 is currently private and is scheduled to be released on Jul 01, 2029.	NextSeq 500 sequencing: GSM9098016: S-1076_J_std_0.7_perc_meoh rep2 Komagataella phaffii RNA-Seq	Qiagen RNeasy 96 kit Nextera XT DNA Library Preparation Kit with the Illumina DNA/RNA UD Indexes	
SRR34446339	FAIL(3)	SRX29606690	SAMN49881428	SRP599661	NextSeq 500 sequencing: GSM9098012: S-1076_H_0.1_0.7_perc_meoh rep1 Komagataella phaffii RNA-Seq				S-1076_H_0.1_0.7_perc_meoh rep1		GSE302182	PRJNA1289153	460519	Komagataella phaffii	RNA-Seq	TRANSCRIPTOMIC	cDNA	NextSeq 500	252987438	GSM9098012	GEO accession GSE302182 is currently private and is scheduled to be released on Jul 01, 2029.	NextSeq 500 sequencing: GSM9098012: S-1076_H_0.1_0.7_perc_meoh rep1 Komagataella phaffii RNA-Seq	Qiagen RNeasy 96 kit Nextera XT DNA Library Preparation Kit with the Illumina DNA/RNA UD Indexes	
SRR34446354	WARN(3)	SRX29606675	SAMN49881471	SRP599661	NextSeq 500 sequencing: GSM9097969: S-1076_C_std_0.7_perc_meoh rep2 Komagataella phaffii RNA-Seq				S-1076_C_std_0.7_perc_meoh rep2		GSE302182	PRJNA1289153	460519	Komagataella phaffii	RNA-Seq	TRANSCRIPTOMIC	cDNA	NextSeq 500	490868676	GSM9097969	GEO accession GSE302182 is currently private and is scheduled to be released on Jul 01, 2029.	NextSeq 500 sequencing: GSM9097969: S-1076_C_std_0.7_perc_meoh rep2 Komagataella phaffii RNA-Seq	Qiagen RNeasy 96 kit Nextera XT DNA Library Preparation Kit with the Illumina DNA/RNA UD Indexes	
SRR34446355	WARN(3)	SRX29606674	SAMN49881472	SRP599661	NextSeq 500 sequencing: GSM9097968: S-1076_C_std_0.7_perc_meoh rep1 Komagataella phaffii RNA-Seq				S-1076_C_std_0.7_perc_meoh rep1		GSE302182	PRJNA1289153	460519	Komagataella phaffii	RNA-Seq	TRANSCRIPTOMIC	cDNA	NextSeq 500	495021504	GSM9097968	GEO accession GSE302182 is currently private and is scheduled to be released on Jul 01, 2029.	NextSeq 500 sequencing: GSM9097968: S-1076_C_std_0.7_perc_meoh rep1 Komagataella phaffii RNA-Seq	Qiagen RNeasy 96 kit Nextera XT DNA Library Preparation Kit with the Illumina DNA/RNA UD Indexes	
SRR34446357	FAIL(3)	SRX29606672	SAMN49881474	SRP599661	NextSeq 500 sequencing: GSM9097966: S-1076_B_0.1_0.7_perc_meoh rep2 Komagataella phaffii RNA-Seq				S-1076_B_0.1_0.7_perc_meoh rep2		GSE302182	PRJNA1289153	460519	Komagataella phaffii	RNA-Seq	TRANSCRIPTOMIC	cDNA	NextSeq 500	437331936	GSM9097966	GEO accession GSE302182 is currently private and is scheduled to be released on Jul 01, 2029.	NextSeq 500 sequencing: GSM9097966: S-1076_B_0.1_0.7_perc_meoh rep2 Komagataella phaffii RNA-Seq	Qiagen RNeasy 96 kit Nextera XT DNA Library Preparation Kit with the Illumina DNA/RNA UD Indexes	
SRR34446362	WARN(3)	SRX29606667	SAMN49881479	SRP599661	NextSeq 500 sequencing: GSM9097961: S-1076_B_std_0.7_perc_meoh rep3 Komagataella phaffii RNA-Seq				S-1076_B_std_0.7_perc_meoh rep3		GSE302182	PRJNA1289153	460519	Komagataella phaffii	RNA-Seq	TRANSCRIPTOMIC	cDNA	NextSeq 500	529935594	GSM9097961	GEO accession GSE302182 is currently private and is scheduled to be released on Jul 01, 2029.	NextSeq 500 sequencing: GSM9097961: S-1076_B_std_0.7_perc_meoh rep3 Komagataella phaffii RNA-Seq	Qiagen RNeasy 96 kit Nextera XT DNA Library Preparation Kit with the Illumina DNA/RNA UD Indexes	
SRR34446363	WARN(3)	SRX29606666	SAMN49881480	SRP599661	NextSeq 500 sequencing: GSM9097960: S-1076_B_std_0.7_perc_meoh rep2 Komagataella phaffii RNA-Seq				S-1076_B_std_0.7_perc_meoh rep2		GSE302182	PRJNA1289153	460519	Komagataella phaffii	RNA-Seq	TRANSCRIPTOMIC	cDNA	NextSeq 500	604562466	GSM9097960	GEO accession GSE302182 is currently private and is scheduled to be released on Jul 01, 2029.	NextSeq 500 sequencing: GSM9097960: S-1076_B_std_0.7_perc_meoh rep2 Komagataella phaffii RNA-Seq	Qiagen RNeasy 96 kit Nextera XT DNA Library Preparation Kit with the Illumina DNA/RNA UD Indexes	
SRR34446369	WARN(3,4,5,6,7)	SRX29606660	SAMN49881486	SRP599661	NextSeq 500 sequencing: GSM9097954: S-1076_J_0.5_1_perc_meoh rep2 Komagataella phaffii RNA-Seq				S-1076_J_0.5_1_perc_meoh rep2		GSE302182	PRJNA1289153	460519	Komagataella phaffii	RNA-Seq	TRANSCRIPTOMIC	cDNA	NextSeq 500	362175684	GSM9097954	GEO accession GSE302182 is currently private and is scheduled to be released on Jul 01, 2029.	NextSeq 500 sequencing: GSM9097954: S-1076_J_0.5_1_perc_meoh rep2 Komagataella phaffii RNA-Seq	Qiagen RNeasy 96 kit Nextera XT DNA Library Preparation Kit with the Illumina DNA/RNA UD Indexes	
SRR34446371	WARN(3,4,5,6,7)	SRX29606658	SAMN49881488	SRP599661	NextSeq 500 sequencing: GSM9097952: S-1076_J_std_1_perc_meoh rep3 Komagataella phaffii RNA-Seq				S-1076_J_std_1_perc_meoh rep3		GSE302182	PRJNA1289153	460519	Komagataella phaffii	RNA-Seq	TRANSCRIPTOMIC	cDNA	NextSeq 500	324012486	GSM9097952	GEO accession GSE302182 is currently private and is scheduled to be released on Jul 01, 2029.	NextSeq 500 sequencing: GSM9097952: S-1076_J_std_1_perc_meoh rep3 Komagataella phaffii RNA-Seq	Qiagen RNeasy 96 kit Nextera XT DNA Library Preparation Kit with the Illumina DNA/RNA UD Indexes	
SRR34446384	FAIL(3)	SRX29606645	SAMN49881529	SRP599661	NextSeq 500 sequencing: GSM9097911: S-1076_D_std_1_perc_meoh rep1 Komagataella phaffii RNA-Seq				S-1076_D_std_1_perc_meoh rep1		GSE302182	PRJNA1289153	460519	Komagataella phaffii	RNA-Seq	TRANSCRIPTOMIC	cDNA	NextSeq 500	365567082	GSM9097911	GEO accession GSE302182 is currently private and is scheduled to be released on Jul 01, 2029.	NextSeq 500 sequencing: GSM9097911: S-1076_D_std_1_perc_meoh rep1 Komagataella phaffii RNA-Seq	Qiagen RNeasy 96 kit Nextera XT DNA Library Preparation Kit with the Illumina DNA/RNA UD Indexes	
SRR34446390	WARN(1,3,4,5,6,7)	SRX29606639	SAMN49881535	SRP599661	NextSeq 500 sequencing: GSM9097905: S-1076_C_0.5_1_perc_meoh rep1 Komagataella phaffii RNA-Seq				S-1076_C_0.5_1_perc_meoh rep1		GSE302182	PRJNA1289153	460519	Komagataella phaffii	RNA-Seq	TRANSCRIPTOMIC	cDNA	NextSeq 500	261834102	GSM9097905	GEO accession GSE302182 is currently private and is scheduled to be released on Jul 01, 2029.	NextSeq 500 sequencing: GSM9097905: S-1076_C_0.5_1_perc_meoh rep1 Komagataella phaffii RNA-Seq	Qiagen RNeasy 96 kit Nextera XT DNA Library Preparation Kit with the Illumina DNA/RNA UD Indexes	
SRR34446395	FAIL(3)	SRX29606634	SAMN49881540	SRP599661	NextSeq 500 sequencing: GSM9097900: S-1076_B_0.1_1_perc_meoh rep2 Komagataella phaffii RNA-Seq				S-1076_B_0.1_1_perc_meoh rep2		GSE302182	PRJNA1289153	460519	Komagataella phaffii	RNA-Seq	TRANSCRIPTOMIC	cDNA	NextSeq 500	282254196	GSM9097900	GEO accession GSE302182 is currently private and is scheduled to be released on Jul 01, 2029.	NextSeq 500 sequencing: GSM9097900: S-1076_B_0.1_1_perc_meoh rep2 Komagataella phaffii RNA-Seq	Qiagen RNeasy 96 kit Nextera XT DNA Library Preparation Kit with the Illumina DNA/RNA UD Indexes	
SRR34446402	WARN(3,4,5,6,7)	SRX29606627	SAMN49881547	SRP599661	NextSeq 500 sequencing: GSM9097893: S-1076_B_std_1_perc_Meoh rep1 Komagataella phaffii RNA-Seq				S-1076_B_std_1_perc_Meoh rep1		GSE302182	PRJNA1289153	460519	Komagataella phaffii	RNA-Seq	TRANSCRIPTOMIC	cDNA	NextSeq 500	340205088	GSM9097893	GEO accession GSE302182 is currently private and is scheduled to be released on Jul 01, 2029.	NextSeq 500 sequencing: GSM9097893: S-1076_B_std_1_perc_Meoh rep1 Komagataella phaffii RNA-Seq	Qiagen RNeasy 96 kit Nextera XT DNA Library Preparation Kit with the Illumina DNA/RNA UD Indexes	
SRR34446754	FAIL(3,4,6)	SRX29607360	SAMN49882062	SRP599672	NextSeq 500 sequencing: GSM9097840: S953_B_0.1_0.3 rep2 Komagataella phaffii RNA-Seq				S953_B_0.1_0.3 rep2		GSE302181	PRJNA1289154	460519	Komagataella phaffii	RNA-Seq	TRANSCRIPTOMIC	cDNA	NextSeq 500	308556160	GSM9097840	GEO accession GSE302181 is currently private and is scheduled to be released on Jul 01, 2029.	NextSeq 500 sequencing: GSM9097840: S953_B_0.1_0.3 rep2 Komagataella phaffii RNA-Seq	Qiagen RNeasy 96 kit Nextera XT DNA Library Preparation Kit with the Illumina DNA/RNA UD Indexes	
SRR34446756	FAIL(3,4)	SRX29607358	SAMN49882064	SRP599672	NextSeq 500 sequencing: GSM9097838: S953_B_0.5_0.3 rep3 Komagataella phaffii RNA-Seq				S953_B_0.5_0.3 rep3		GSE302181	PRJNA1289154	460519	Komagataella phaffii	RNA-Seq	TRANSCRIPTOMIC	cDNA	NextSeq 500	274444775	GSM9097838	GEO accession GSE302181 is currently private and is scheduled to be released on Jul 01, 2029.	NextSeq 500 sequencing: GSM9097838: S953_B_0.5_0.3 rep3 Komagataella phaffii RNA-Seq	Qiagen RNeasy 96 kit Nextera XT DNA Library Preparation Kit with the Illumina DNA/RNA UD Indexes	
SRR34446760	WARN(3,4,6)	SRX29607354	SAMN49882068	SRP599672	NextSeq 500 sequencing: GSM9097834: S953_B_std_0.3 rep2 Komagataella phaffii RNA-Seq				S953_B_std_0.3 rep2		GSE302181	PRJNA1289154	460519	Komagataella phaffii	RNA-Seq	TRANSCRIPTOMIC	cDNA	NextSeq 500	314246075	GSM9097834	GEO accession GSE302181 is currently private and is scheduled to be released on Jul 01, 2029.	NextSeq 500 sequencing: GSM9097834: S953_B_std_0.3 rep2 Komagataella phaffii RNA-Seq	Qiagen RNeasy 96 kit Nextera XT DNA Library Preparation Kit with the Illumina DNA/RNA UD Indexes	
SRR34446771	WARN(3,4,5,6,7)	SRX29607343	SAMN49882079	SRP599672	NextSeq 500 sequencing: GSM9097823: S953_H_0.1_0.7 rep3 Komagataella phaffii RNA-Seq				S953_H_0.1_0.7 rep3		GSE302181	PRJNA1289154	460519	Komagataella phaffii	RNA-Seq	TRANSCRIPTOMIC	cDNA	NextSeq 500	282580540	GSM9097823	GEO accession GSE302181 is currently private and is scheduled to be released on Jul 01, 2029.	NextSeq 500 sequencing: GSM9097823: S953_H_0.1_0.7 rep3 Komagataella phaffii RNA-Seq	Qiagen RNeasy 96 kit Nextera XT DNA Library Preparation Kit with the Illumina DNA/RNA UD Indexes	
SRR34446773	WARN(3,4,6)	SRX29607341	SAMN49882081	SRP599672	NextSeq 500 sequencing: GSM9097821: S953_H_0.1_0.7 rep1 Komagataella phaffii RNA-Seq				S953_H_0.1_0.7 rep1		GSE302181	PRJNA1289154	460519	Komagataella phaffii	RNA-Seq	TRANSCRIPTOMIC	cDNA	NextSeq 500	325804600	GSM9097821	GEO accession GSE302181 is currently private and is scheduled to be released on Jul 01, 2029.	NextSeq 500 sequencing: GSM9097821: S953_H_0.1_0.7 rep1 Komagataella phaffii RNA-Seq	Qiagen RNeasy 96 kit Nextera XT DNA Library Preparation Kit with the Illumina DNA/RNA UD Indexes	
SRR34446779	WARN(3,4)	SRX29607335	SAMN49882087	SRP599672	NextSeq 500 sequencing: GSM9097815: S953_H_std_0.7 rep1 Komagataella phaffii RNA-Seq				S953_H_std_0.7 rep1		GSE302181	PRJNA1289154	460519	Komagataella phaffii	RNA-Seq	TRANSCRIPTOMIC	cDNA	NextSeq 500	352750640	GSM9097815	GEO accession GSE302181 is currently private and is scheduled to be released on Jul 01, 2029.	NextSeq 500 sequencing: GSM9097815: S953_H_std_0.7 rep1 Komagataella phaffii RNA-Seq	Qiagen RNeasy 96 kit Nextera XT DNA Library Preparation Kit with the Illumina DNA/RNA UD Indexes	
SRR34446782	WARN(3,4,6)	SRX29607332	SAMN49882090	SRP599672	NextSeq 500 sequencing: GSM9097812: S953_G_0.1_0.7 rep1 Komagataella phaffii RNA-Seq				S953_G_0.1_0.7 rep1		GSE302181	PRJNA1289154	460519	Komagataella phaffii	RNA-Seq	TRANSCRIPTOMIC	cDNA	NextSeq 500	419976150	GSM9097812	GEO accession GSE302181 is currently private and is scheduled to be released on Jul 01, 2029.	NextSeq 500 sequencing: GSM9097812: S953_G_0.1_0.7 rep1 Komagataella phaffii RNA-Seq	Qiagen RNeasy 96 kit Nextera XT DNA Library Preparation Kit with the Illumina DNA/RNA UD Indexes	
SRR34446784	WARN(3,4,6)	SRX29607330	SAMN49882092	SRP599672	NextSeq 500 sequencing: GSM9097810: S953_G_0.5_0.7 rep2 Komagataella phaffii RNA-Seq				S953_G_0.5_0.7 rep2		GSE302181	PRJNA1289154	460519	Komagataella phaffii	RNA-Seq	TRANSCRIPTOMIC	cDNA	NextSeq 500	326781510	GSM9097810	GEO accession GSE302181 is currently private and is scheduled to be released on Jul 01, 2029.	NextSeq 500 sequencing: GSM9097810: S953_G_0.5_0.7 rep2 Komagataella phaffii RNA-Seq	Qiagen RNeasy 96 kit Nextera XT DNA Library Preparation Kit with the Illumina DNA/RNA UD Indexes	
SRR34446789	FAIL(3)	SRX29607325	SAMN49882097	SRP599672	NextSeq 500 sequencing: GSM9097805: S953_F_0.1_0.7 rep3 Komagataella phaffii RNA-Seq				S953_F_0.1_0.7 rep3		GSE302181	PRJNA1289154	460519	Komagataella phaffii	RNA-Seq	TRANSCRIPTOMIC	cDNA	NextSeq 500	354835690	GSM9097805	GEO accession GSE302181 is currently private and is scheduled to be released on Jul 01, 2029.	NextSeq 500 sequencing: GSM9097805: S953_F_0.1_0.7 rep3 Komagataella phaffii RNA-Seq	Qiagen RNeasy 96 kit Nextera XT DNA Library Preparation Kit with the Illumina DNA/RNA UD Indexes	
SRR34446793	WARN(3,4,5,6,7)	SRX29607321	SAMN49882101	SRP599672	NextSeq 500 sequencing: GSM9097801: S953_F_0.5_0.7 rep2 Komagataella phaffii RNA-Seq				S953_F_0.5_0.7 rep2		GSE302181	PRJNA1289154	460519	Komagataella phaffii	RNA-Seq	TRANSCRIPTOMIC	cDNA	NextSeq 500	284466270	GSM9097801	GEO accession GSE302181 is currently private and is scheduled to be released on Jul 01, 2029.	NextSeq 500 sequencing: GSM9097801: S953_F_0.5_0.7 rep2 Komagataella phaffii RNA-Seq	Qiagen RNeasy 96 kit Nextera XT DNA Library Preparation Kit with the Illumina DNA/RNA UD Indexes	
SRR34446794	WARN(3,4,6)	SRX29607320	SAMN49882102	SRP599672	NextSeq 500 sequencing: GSM9097800: S953_F_0.5_0.7 rep1 Komagataella phaffii RNA-Seq				S953_F_0.5_0.7 rep1		GSE302181	PRJNA1289154	460519	Komagataella phaffii	RNA-Seq	TRANSCRIPTOMIC	cDNA	NextSeq 500	365867370	GSM9097800	GEO accession GSE302181 is currently private and is scheduled to be released on Jul 01, 2029.	NextSeq 500 sequencing: GSM9097800: S953_F_0.5_0.7 rep1 Komagataella phaffii RNA-Seq	Qiagen RNeasy 96 kit Nextera XT DNA Library Preparation Kit with the Illumina DNA/RNA UD Indexes	
SRR34446799	WARN(3,4,5,6,7)	SRX29607315	SAMN49882107	SRP599672	NextSeq 500 sequencing: GSM9097795: S953_E_0.1_0.7 rep2 Komagataella phaffii RNA-Seq				S953_E_0.1_0.7 rep2		GSE302181	PRJNA1289154	460519	Komagataella phaffii	RNA-Seq	TRANSCRIPTOMIC	cDNA	NextSeq 500	205146865	GSM9097795	GEO accession GSE302181 is currently private and is scheduled to be released on Jul 01, 2029.	NextSeq 500 sequencing: GSM9097795: S953_E_0.1_0.7 rep2 Komagataella phaffii RNA-Seq	Qiagen RNeasy 96 kit Nextera XT DNA Library Preparation Kit with the Illumina DNA/RNA UD Indexes	
SRR34446803	WARN(3,4,5,6,7)	SRX29607311	SAMN49882111	SRP599672	NextSeq 500 sequencing: GSM9097791: S953_E_0.5_0.7 rep1 Komagataella phaffii RNA-Seq				S953_E_0.5_0.7 rep1		GSE302181	PRJNA1289154	460519	Komagataella phaffii	RNA-Seq	TRANSCRIPTOMIC	cDNA	NextSeq 500	213094145	GSM9097791	GEO accession GSE302181 is currently private and is scheduled to be released on Jul 01, 2029.	NextSeq 500 sequencing: GSM9097791: S953_E_0.5_0.7 rep1 Komagataella phaffii RNA-Seq	Qiagen RNeasy 96 kit Nextera XT DNA Library Preparation Kit with the Illumina DNA/RNA UD Indexes	
SRR34446805	WARN(3,4,5,6,7)	SRX29607309	SAMN49882113	SRP599672	NextSeq 500 sequencing: GSM9097789: S953_E_std_0.7 rep2 Komagataella phaffii RNA-Seq				S953_E_std_0.7 rep2		GSE302181	PRJNA1289154	460519	Komagataella phaffii	RNA-Seq	TRANSCRIPTOMIC	cDNA	NextSeq 500	194388755	GSM9097789	GEO accession GSE302181 is currently private and is scheduled to be released on Jul 01, 2029.	NextSeq 500 sequencing: GSM9097789: S953_E_std_0.7 rep2 Komagataella phaffii RNA-Seq	Qiagen RNeasy 96 kit Nextera XT DNA Library Preparation Kit with the Illumina DNA/RNA UD Indexes	
SRR34446806	WARN(3,4,5,7)	SRX29607308	SAMN49882114	SRP599672	NextSeq 500 sequencing: GSM9097788: S953_E_std_0.7 rep1 Komagataella phaffii RNA-Seq				S953_E_std_0.7 rep1		GSE302181	PRJNA1289154	460519	Komagataella phaffii	RNA-Seq	TRANSCRIPTOMIC	cDNA	NextSeq 500	178818805	GSM9097788	GEO accession GSE302181 is currently private and is scheduled to be released on Jul 01, 2029.	NextSeq 500 sequencing: GSM9097788: S953_E_std_0.7 rep1 Komagataella phaffii RNA-Seq	Qiagen RNeasy 96 kit Nextera XT DNA Library Preparation Kit with the Illumina DNA/RNA UD Indexes	
SRR34446807	WARN(3,4,5,6,7)	SRX29607307	SAMN49882115	SRP599672	NextSeq 500 sequencing: GSM9097787: S953_D_std_0.7 rep3 Komagataella phaffii RNA-Seq				S953_D_std_0.7 rep3		GSE302181	PRJNA1289154	460519	Komagataella phaffii	RNA-Seq	TRANSCRIPTOMIC	cDNA	NextSeq 500	214895175	GSM9097787	GEO accession GSE302181 is currently private and is scheduled to be released on Jul 01, 2029.	NextSeq 500 sequencing: GSM9097787: S953_D_std_0.7 rep3 Komagataella phaffii RNA-Seq	Qiagen RNeasy 96 kit Nextera XT DNA Library Preparation Kit with the Illumina DNA/RNA UD Indexes	
SRR34446809	FAIL(3)	SRX29607305	SAMN49882117	SRP599672	NextSeq 500 sequencing: GSM9097785: S953_D_std_0.7 rep1 Komagataella phaffii RNA-Seq				S953_D_std_0.7 rep1		GSE302181	PRJNA1289154	460519	Komagataella phaffii	RNA-Seq	TRANSCRIPTOMIC	cDNA	NextSeq 500	80528195	GSM9097785	GEO accession GSE302181 is currently private and is scheduled to be released on Jul 01, 2029.	NextSeq 500 sequencing: GSM9097785: S953_D_std_0.7 rep1 Komagataella phaffii RNA-Seq	Qiagen RNeasy 96 kit Nextera XT DNA Library Preparation Kit with the Illumina DNA/RNA UD Indexes	
SRR34446812	FAIL(3)	SRX29607302	SAMN49882036	SRP599672	NextSeq 500 sequencing: GSM9097866: S953_F_0.5_0.3 rep1 Komagataella phaffii RNA-Seq				S953_F_0.5_0.3 rep1		GSE302181	PRJNA1289154	460519	Komagataella phaffii	RNA-Seq	TRANSCRIPTOMIC	cDNA	NextSeq 500	338974240	GSM9097866	GEO accession GSE302181 is currently private and is scheduled to be released on Jul 01, 2029.	NextSeq 500 sequencing: GSM9097866: S953_F_0.5_0.3 rep1 Komagataella phaffii RNA-Seq	Qiagen RNeasy 96 kit Nextera XT DNA Library Preparation Kit with the Illumina DNA/RNA UD Indexes	
SRR34446813	FAIL(3)	SRX29607301	SAMN49882037	SRP599672	NextSeq 500 sequencing: GSM9097865: S953_F_std_0.3 rep3 Komagataella phaffii RNA-Seq				S953_F_std_0.3 rep3		GSE302181	PRJNA1289154	460519	Komagataella phaffii	RNA-Seq	TRANSCRIPTOMIC	cDNA	NextSeq 500	326695050	GSM9097865	GEO accession GSE302181 is currently private and is scheduled to be released on Jul 01, 2029.	NextSeq 500 sequencing: GSM9097865: S953_F_std_0.3 rep3 Komagataella phaffii RNA-Seq	Qiagen RNeasy 96 kit Nextera XT DNA Library Preparation Kit with the Illumina DNA/RNA UD Indexes	
SRR34446814	WARN(3,4,5,6,7)	SRX29607300	SAMN49882038	SRP599672	NextSeq 500 sequencing: GSM9097864: S953_F_std_0.3 rep2 Komagataella phaffii RNA-Seq				S953_F_std_0.3 rep2		GSE302181	PRJNA1289154	460519	Komagataella phaffii	RNA-Seq	TRANSCRIPTOMIC	cDNA	NextSeq 500	240215470	GSM9097864	GEO accession GSE302181 is currently private and is scheduled to be released on Jul 01, 2029.	NextSeq 500 sequencing: GSM9097864: S953_F_std_0.3 rep2 Komagataella phaffii RNA-Seq	Qiagen RNeasy 96 kit Nextera XT DNA Library Preparation Kit with the Illumina DNA/RNA UD Indexes	
SRR34446815	WARN(3,4,5,6,7)	SRX29607299	SAMN49882039	SRP599672	NextSeq 500 sequencing: GSM9097863: S953_F_std_0.3 rep1 Komagataella phaffii RNA-Seq				S953_F_std_0.3 rep1		GSE302181	PRJNA1289154	460519	Komagataella phaffii	RNA-Seq	TRANSCRIPTOMIC	cDNA	NextSeq 500	262833450	GSM9097863	GEO accession GSE302181 is currently private and is scheduled to be released on Jul 01, 2029.	NextSeq 500 sequencing: GSM9097863: S953_F_std_0.3 rep1 Komagataella phaffii RNA-Seq	Qiagen RNeasy 96 kit Nextera XT DNA Library Preparation Kit with the Illumina DNA/RNA UD Indexes	
SRR34446816	FAIL(3)	SRX29607298	SAMN49882040	SRP599672	NextSeq 500 sequencing: GSM9097862: S953_E_0.1_0.3 rep3 Komagataella phaffii RNA-Seq				S953_E_0.1_0.3 rep3		GSE302181	PRJNA1289154	460519	Komagataella phaffii	RNA-Seq	TRANSCRIPTOMIC	cDNA	NextSeq 500	260076630	GSM9097862	GEO accession GSE302181 is currently private and is scheduled to be released on Jul 01, 2029.	NextSeq 500 sequencing: GSM9097862: S953_E_0.1_0.3 rep3 Komagataella phaffii RNA-Seq	Qiagen RNeasy 96 kit Nextera XT DNA Library Preparation Kit with the Illumina DNA/RNA UD Indexes	
SRR34446818	FAIL(3,4,6)	SRX29607296	SAMN49882042	SRP599672	NextSeq 500 sequencing: GSM9097860: S953_E_0.1_0.3 rep1 Komagataella phaffii RNA-Seq				S953_E_0.1_0.3 rep1		GSE302181	PRJNA1289154	460519	Komagataella phaffii	RNA-Seq	TRANSCRIPTOMIC	cDNA	NextSeq 500	219959905	GSM9097860	GEO accession GSE302181 is currently private and is scheduled to be released on Jul 01, 2029.	NextSeq 500 sequencing: GSM9097860: S953_E_0.1_0.3 rep1 Komagataella phaffii RNA-Seq	Qiagen RNeasy 96 kit Nextera XT DNA Library Preparation Kit with the Illumina DNA/RNA UD Indexes	
SRR34446819	FAIL(3,4)	SRX29607295	SAMN49882043	SRP599672	NextSeq 500 sequencing: GSM9097859: S953_E_0.5_0.3 rep3 Komagataella phaffii RNA-Seq				S953_E_0.5_0.3 rep3		GSE302181	PRJNA1289154	460519	Komagataella phaffii	RNA-Seq	TRANSCRIPTOMIC	cDNA	NextSeq 500	339412095	GSM9097859	GEO accession GSE302181 is currently private and is scheduled to be released on Jul 01, 2029.	NextSeq 500 sequencing: GSM9097859: S953_E_0.5_0.3 rep3 Komagataella phaffii RNA-Seq	Qiagen RNeasy 96 kit Nextera XT DNA Library Preparation Kit with the Illumina DNA/RNA UD Indexes	
SRR34446823	FAIL(3)	SRX29607291	SAMN49882047	SRP599672	NextSeq 500 sequencing: GSM9097855: S953_E_std_0.3 rep2 Komagataella phaffii RNA-Seq				S953_E_std_0.3 rep2		GSE302181	PRJNA1289154	460519	Komagataella phaffii	RNA-Seq	TRANSCRIPTOMIC	cDNA	NextSeq 500	339534800	GSM9097855	GEO accession GSE302181 is currently private and is scheduled to be released on Jul 01, 2029.	NextSeq 500 sequencing: GSM9097855: S953_E_std_0.3 rep2 Komagataella phaffii RNA-Seq	Qiagen RNeasy 96 kit Nextera XT DNA Library Preparation Kit with the Illumina DNA/RNA UD Indexes	
SRR34446824	FAIL(3)	SRX29607290	SAMN49882048	SRP599672	NextSeq 500 sequencing: GSM9097854: S953_E_std_0.3 rep1 Komagataella phaffii RNA-Seq				S953_E_std_0.3 rep1		GSE302181	PRJNA1289154	460519	Komagataella phaffii	RNA-Seq	TRANSCRIPTOMIC	cDNA	NextSeq 500	292657035	GSM9097854	GEO accession GSE302181 is currently private and is scheduled to be released on Jul 01, 2029.	NextSeq 500 sequencing: GSM9097854: S953_E_std_0.3 rep1 Komagataella phaffii RNA-Seq	Qiagen RNeasy 96 kit Nextera XT DNA Library Preparation Kit with the Illumina DNA/RNA UD Indexes	
SRR34446829	FAIL(3)	SRX29607285	SAMN49882053	SRP599672	NextSeq 500 sequencing: GSM9097849: S953_C_0.1_0.3 rep2 Komagataella phaffii RNA-Seq				S953_C_0.1_0.3 rep2		GSE302181	PRJNA1289154	460519	Komagataella phaffii	RNA-Seq	TRANSCRIPTOMIC	cDNA	NextSeq 500	148966785	GSM9097849	GEO accession GSE302181 is currently private and is scheduled to be released on Jul 01, 2029.	NextSeq 500 sequencing: GSM9097849: S953_C_0.1_0.3 rep2 Komagataella phaffii RNA-Seq	Qiagen RNeasy 96 kit Nextera XT DNA Library Preparation Kit with the Illumina DNA/RNA UD Indexes	
SRR34446830	FAIL(3)	SRX29607284	SAMN49882054	SRP599672	NextSeq 500 sequencing: GSM9097848: S953_C_0.1_0.3 rep1 Komagataella phaffii RNA-Seq				S953_C_0.1_0.3 rep1		GSE302181	PRJNA1289154	460519	Komagataella phaffii	RNA-Seq	TRANSCRIPTOMIC	cDNA	NextSeq 500	334018025	GSM9097848	GEO accession GSE302181 is currently private and is scheduled to be released on Jul 01, 2029.	NextSeq 500 sequencing: GSM9097848: S953_C_0.1_0.3 rep1 Komagataella phaffii RNA-Seq	Qiagen RNeasy 96 kit Nextera XT DNA Library Preparation Kit with the Illumina DNA/RNA UD Indexes	
SRR34446834	FAIL(1,5,7)	SRX29607280	SAMN49882058	SRP599672	NextSeq 500 sequencing: GSM9097844: S953_C_std_0.3 rep3 Komagataella phaffii RNA-Seq				S953_C_std_0.3 rep3		GSE302181	PRJNA1289154	460519	Komagataella phaffii	RNA-Seq	TRANSCRIPTOMIC	cDNA	NextSeq 500	487190	GSM9097844	GEO accession GSE302181 is currently private and is scheduled to be released on Jul 01, 2029.	NextSeq 500 sequencing: GSM9097844: S953_C_std_0.3 rep3 Komagataella phaffii RNA-Seq	Qiagen RNeasy 96 kit Nextera XT DNA Library Preparation Kit with the Illumina DNA/RNA UD Indexes	
SRR34446841	WARN(3,4,5,7)	SRX29607273	SAMN49882149	SRP599672	NextSeq 500 sequencing: GSM9097753: S953_H_0.5_1 rep2 Komagataella phaffii RNA-Seq				S953_H_0.5_1 rep2		GSE302181	PRJNA1289154	460519	Komagataella phaffii	RNA-Seq	TRANSCRIPTOMIC	cDNA	NextSeq 500	230903475	GSM9097753	GEO accession GSE302181 is currently private and is scheduled to be released on Jul 01, 2029.	NextSeq 500 sequencing: GSM9097753: S953_H_0.5_1 rep2 Komagataella phaffii RNA-Seq	Qiagen RNeasy 96 kit Nextera XT DNA Library Preparation Kit with the Illumina DNA/RNA UD Indexes	
SRR34446843	WARN(3,5,7)	SRX29607271	SAMN49882151	SRP599672	NextSeq 500 sequencing: GSM9097751: S953_H_std_1 rep3 Komagataella phaffii RNA-Seq				S953_H_std_1 rep3		GSE302181	PRJNA1289154	460519	Komagataella phaffii	RNA-Seq	TRANSCRIPTOMIC	cDNA	NextSeq 500	215936380	GSM9097751	GEO accession GSE302181 is currently private and is scheduled to be released on Jul 01, 2029.	NextSeq 500 sequencing: GSM9097751: S953_H_std_1 rep3 Komagataella phaffii RNA-Seq	Qiagen RNeasy 96 kit Nextera XT DNA Library Preparation Kit with the Illumina DNA/RNA UD Indexes	
SRR34446846	FAIL(3)	SRX29607268	SAMN49882154	SRP599672	NextSeq 500 sequencing: GSM9097748: S953_G_0.1_1 rep3 Komagataella phaffii RNA-Seq				S953_G_0.1_1 rep3		GSE302181	PRJNA1289154	460519	Komagataella phaffii	RNA-Seq	TRANSCRIPTOMIC	cDNA	NextSeq 500	196195890	GSM9097748	GEO accession GSE302181 is currently private and is scheduled to be released on Jul 01, 2029.	NextSeq 500 sequencing: GSM9097748: S953_G_0.1_1 rep3 Komagataella phaffii RNA-Seq	Qiagen RNeasy 96 kit Nextera XT DNA Library Preparation Kit with the Illumina DNA/RNA UD Indexes	
SRR34446847	WARN(3,4,5,6,7)	SRX29607267	SAMN49882155	SRP599672	NextSeq 500 sequencing: GSM9097747: S953_G_0.1_1 rep2 Komagataella phaffii RNA-Seq				S953_G_0.1_1 rep2		GSE302181	PRJNA1289154	460519	Komagataella phaffii	RNA-Seq	TRANSCRIPTOMIC	cDNA	NextSeq 500	219482560	GSM9097747	GEO accession GSE302181 is currently private and is scheduled to be released on Jul 01, 2029.	NextSeq 500 sequencing: GSM9097747: S953_G_0.1_1 rep2 Komagataella phaffii RNA-Seq	Qiagen RNeasy 96 kit Nextera XT DNA Library Preparation Kit with the Illumina DNA/RNA UD Indexes	
SRR34446849	WARN(3,4,5,6,7)	SRX29607265	SAMN49882157	SRP599672	NextSeq 500 sequencing: GSM9097745: S953_G_0.5_1 rep3 Komagataella phaffii RNA-Seq				S953_G_0.5_1 rep3		GSE302181	PRJNA1289154	460519	Komagataella phaffii	RNA-Seq	TRANSCRIPTOMIC	cDNA	NextSeq 500	209405405	GSM9097745	GEO accession GSE302181 is currently private and is scheduled to be released on Jul 01, 2029.	NextSeq 500 sequencing: GSM9097745: S953_G_0.5_1 rep3 Komagataella phaffii RNA-Seq	Qiagen RNeasy 96 kit Nextera XT DNA Library Preparation Kit with the Illumina DNA/RNA UD Indexes	
SRR34446855	FAIL(3)	SRX29607259	SAMN49882163	SRP599672	NextSeq 500 sequencing: GSM9097739: S953_F_0.1_1 rep3 Komagataella phaffii RNA-Seq				S953_F_0.1_1 rep3		GSE302181	PRJNA1289154	460519	Komagataella phaffii	RNA-Seq	TRANSCRIPTOMIC	cDNA	NextSeq 500	189640440	GSM9097739	GEO accession GSE302181 is currently private and is scheduled to be released on Jul 01, 2029.	NextSeq 500 sequencing: GSM9097739: S953_F_0.1_1 rep3 Komagataella phaffii RNA-Seq	Qiagen RNeasy 96 kit Nextera XT DNA Library Preparation Kit with the Illumina DNA/RNA UD Indexes	
SRR34446862	WARN(3,4,5,6,7)	SRX29607252	SAMN49882170	SRP599672	NextSeq 500 sequencing: GSM9097732: S953_F_std_1 rep2 Komagataella phaffii RNA-Seq				S953_F_std_1 rep2		GSE302181	PRJNA1289154	460519	Komagataella phaffii	RNA-Seq	TRANSCRIPTOMIC	cDNA	NextSeq 500	186998460	GSM9097732	GEO accession GSE302181 is currently private and is scheduled to be released on Jul 01, 2029.	NextSeq 500 sequencing: GSM9097732: S953_F_std_1 rep2 Komagataella phaffii RNA-Seq	Qiagen RNeasy 96 kit Nextera XT DNA Library Preparation Kit with the Illumina DNA/RNA UD Indexes	
SRR34446868	WARN(3,4,5,6,7)	SRX29607246	SAMN49882012	SRP599672	NextSeq 500 sequencing: GSM9097890: S953_J_std_0.3 rep1 Komagataella phaffii RNA-Seq				S953_J_std_0.3 rep1		GSE302181	PRJNA1289154	460519	Komagataella phaffii	RNA-Seq	TRANSCRIPTOMIC	cDNA	NextSeq 500	275710325	GSM9097890	GEO accession GSE302181 is currently private and is scheduled to be released on Jul 01, 2029.	NextSeq 500 sequencing: GSM9097890: S953_J_std_0.3 rep1 Komagataella phaffii RNA-Seq	Qiagen RNeasy 96 kit Nextera XT DNA Library Preparation Kit with the Illumina DNA/RNA UD Indexes	
SRR34446873	WARN(3,4,5,6,7)	SRX29607241	SAMN49882017	SRP599672	NextSeq 500 sequencing: GSM9097885: S953_H_0.5_0.3 rep2 Komagataella phaffii RNA-Seq				S953_H_0.5_0.3 rep2		GSE302181	PRJNA1289154	460519	Komagataella phaffii	RNA-Seq	TRANSCRIPTOMIC	cDNA	NextSeq 500	251508950	GSM9097885	GEO accession GSE302181 is currently private and is scheduled to be released on Jul 01, 2029.	NextSeq 500 sequencing: GSM9097885: S953_H_0.5_0.3 rep2 Komagataella phaffii RNA-Seq	Qiagen RNeasy 96 kit Nextera XT DNA Library Preparation Kit with the Illumina DNA/RNA UD Indexes	
SRR34446879	FAIL(3,4)	SRX29607235	SAMN49882023	SRP599672	NextSeq 500 sequencing: GSM9097879: S953_G_0.1_0.3 rep2 Komagataella phaffii RNA-Seq				S953_G_0.1_0.3 rep2		GSE302181	PRJNA1289154	460519	Komagataella phaffii	RNA-Seq	TRANSCRIPTOMIC	cDNA	NextSeq 500	392568605	GSM9097879	GEO accession GSE302181 is currently private and is scheduled to be released on Jul 01, 2029.	NextSeq 500 sequencing: GSM9097879: S953_G_0.1_0.3 rep2 Komagataella phaffii RNA-Seq	Qiagen RNeasy 96 kit Nextera XT DNA Library Preparation Kit with the Illumina DNA/RNA UD Indexes	
SRR34446888	WARN(3,4,5,6,7)	SRX29607226	SAMN49882032	SRP599672	NextSeq 500 sequencing: GSM9097870: S953_F_0.1_0.3 rep2 Komagataella phaffii RNA-Seq				S953_F_0.1_0.3 rep2		GSE302181	PRJNA1289154	460519	Komagataella phaffii	RNA-Seq	TRANSCRIPTOMIC	cDNA	NextSeq 500	298155605	GSM9097870	GEO accession GSE302181 is currently private and is scheduled to be released on Jul 01, 2029.	NextSeq 500 sequencing: GSM9097870: S953_F_0.1_0.3 rep2 Komagataella phaffii RNA-Seq	Qiagen RNeasy 96 kit Nextera XT DNA Library Preparation Kit with the Illumina DNA/RNA UD Indexes	
SRR34446890	WARN(3,4,5,6,7)	SRX29607224	SAMN49882118	SRP599672	NextSeq 500 sequencing: GSM9097784: S953_C_0.1_0.7 rep3 Komagataella phaffii RNA-Seq				S953_C_0.1_0.7 rep3		GSE302181	PRJNA1289154	460519	Komagataella phaffii	RNA-Seq	TRANSCRIPTOMIC	cDNA	NextSeq 500	242096250	GSM9097784	GEO accession GSE302181 is currently private and is scheduled to be released on Jul 01, 2029.	NextSeq 500 sequencing: GSM9097784: S953_C_0.1_0.7 rep3 Komagataella phaffii RNA-Seq	Qiagen RNeasy 96 kit Nextera XT DNA Library Preparation Kit with the Illumina DNA/RNA UD Indexes	
SRR34446894	WARN(3,4,5,6,7)	SRX29607220	SAMN49882122	SRP599672	NextSeq 500 sequencing: GSM9097780: S953_C_0.5_0.7 rep2 Komagataella phaffii RNA-Seq				S953_C_0.5_0.7 rep2		GSE302181	PRJNA1289154	460519	Komagataella phaffii	RNA-Seq	TRANSCRIPTOMIC	cDNA	NextSeq 500	217900870	GSM9097780	GEO accession GSE302181 is currently private and is scheduled to be released on Jul 01, 2029.	NextSeq 500 sequencing: GSM9097780: S953_C_0.5_0.7 rep2 Komagataella phaffii RNA-Seq	Qiagen RNeasy 96 kit Nextera XT DNA Library Preparation Kit with the Illumina DNA/RNA UD Indexes	
SRR34446898	WARN(3,4,5,7)	SRX29607216	SAMN49882126	SRP599672	NextSeq 500 sequencing: GSM9097776: S953_C_std_0.7 rep1 Komagataella phaffii RNA-Seq				S953_C_std_0.7 rep1		GSE302181	PRJNA1289154	460519	Komagataella phaffii	RNA-Seq	TRANSCRIPTOMIC	cDNA	NextSeq 500	239176850	GSM9097776	GEO accession GSE302181 is currently private and is scheduled to be released on Jul 01, 2029.	NextSeq 500 sequencing: GSM9097776: S953_C_std_0.7 rep1 Komagataella phaffii RNA-Seq	Qiagen RNeasy 96 kit Nextera XT DNA Library Preparation Kit with the Illumina DNA/RNA UD Indexes	
SRR34446899	FAIL(3)	SRX29607215	SAMN49882127	SRP599672	NextSeq 500 sequencing: GSM9097775: S953_B_0.1_0.7 rep3 Komagataella phaffii RNA-Seq				S953_B_0.1_0.7 rep3		GSE302181	PRJNA1289154	460519	Komagataella phaffii	RNA-Seq	TRANSCRIPTOMIC	cDNA	NextSeq 500	221070245	GSM9097775	GEO accession GSE302181 is currently private and is scheduled to be released on Jul 01, 2029.	NextSeq 500 sequencing: GSM9097775: S953_B_0.1_0.7 rep3 Komagataella phaffii RNA-Seq	Qiagen RNeasy 96 kit Nextera XT DNA Library Preparation Kit with the Illumina DNA/RNA UD Indexes	
SRR34446902	WARN(3,5,7)	SRX29607212	SAMN49882130	SRP599672	NextSeq 500 sequencing: GSM9097772: S953_B_0.5_0.7 rep3 Komagataella phaffii RNA-Seq				S953_B_0.5_0.7 rep3		GSE302181	PRJNA1289154	460519	Komagataella phaffii	RNA-Seq	TRANSCRIPTOMIC	cDNA	NextSeq 500	226322745	GSM9097772	GEO accession GSE302181 is currently private and is scheduled to be released on Jul 01, 2029.	NextSeq 500 sequencing: GSM9097772: S953_B_0.5_0.7 rep3 Komagataella phaffii RNA-Seq	Qiagen RNeasy 96 kit Nextera XT DNA Library Preparation Kit with the Illumina DNA/RNA UD Indexes	
SRR34446904	WARN(3,4,5,6,7)	SRX29607210	SAMN49882132	SRP599672	NextSeq 500 sequencing: GSM9097770: S953_B_0.5_0.7 rep1 Komagataella phaffii RNA-Seq				S953_B_0.5_0.7 rep1		GSE302181	PRJNA1289154	460519	Komagataella phaffii	RNA-Seq	TRANSCRIPTOMIC	cDNA	NextSeq 500	220134640	GSM9097770	GEO accession GSE302181 is currently private and is scheduled to be released on Jul 01, 2029.	NextSeq 500 sequencing: GSM9097770: S953_B_0.5_0.7 rep1 Komagataella phaffii RNA-Seq	Qiagen RNeasy 96 kit Nextera XT DNA Library Preparation Kit with the Illumina DNA/RNA UD Indexes	
SRR34446905	PASS	SRX29607209	SAMN49882133	SRP599672	NextSeq 500 sequencing: GSM9097769: S953_B_std_0.7 rep3 Komagataella phaffii RNA-Seq				S953_B_std_0.7 rep3		GSE302181	PRJNA1289154	460519	Komagataella phaffii	RNA-Seq	TRANSCRIPTOMIC	cDNA	NextSeq 500	271970710	GSM9097769	GEO accession GSE302181 is currently private and is scheduled to be released on Jul 01, 2029.	NextSeq 500 sequencing: GSM9097769: S953_B_std_0.7 rep3 Komagataella phaffii RNA-Seq	Qiagen RNeasy 96 kit Nextera XT DNA Library Preparation Kit with the Illumina DNA/RNA UD Indexes	
SRR34446907	WARN(3,5,7)	SRX29607207	SAMN49882135	SRP599672	NextSeq 500 sequencing: GSM9097767: S953_B_std_0.7 rep1 Komagataella phaffii RNA-Seq				S953_B_std_0.7 rep1		GSE302181	PRJNA1289154	460519	Komagataella phaffii	RNA-Seq	TRANSCRIPTOMIC	cDNA	NextSeq 500	198763015	GSM9097767	GEO accession GSE302181 is currently private and is scheduled to be released on Jul 01, 2029.	NextSeq 500 sequencing: GSM9097767: S953_B_std_0.7 rep1 Komagataella phaffii RNA-Seq	Qiagen RNeasy 96 kit Nextera XT DNA Library Preparation Kit with the Illumina DNA/RNA UD Indexes	
SRR34446909	WARN(3,4,5,6,7)	SRX29607205	SAMN49882137	SRP599672	NextSeq 500 sequencing: GSM9097765: S953_J_0.1_1 rep2 Komagataella phaffii RNA-Seq				S953_J_0.1_1 rep2		GSE302181	PRJNA1289154	460519	Komagataella phaffii	RNA-Seq	TRANSCRIPTOMIC	cDNA	NextSeq 500	190705900	GSM9097765	GEO accession GSE302181 is currently private and is scheduled to be released on Jul 01, 2029.	NextSeq 500 sequencing: GSM9097765: S953_J_0.1_1 rep2 Komagataella phaffii RNA-Seq	Qiagen RNeasy 96 kit Nextera XT DNA Library Preparation Kit with the Illumina DNA/RNA UD Indexes	
SRR34446912	WARN(3,4,5,6,7)	SRX29607202	SAMN49882140	SRP599672	NextSeq 500 sequencing: GSM9097762: S953_J_0.5_1 rep2 Komagataella phaffii RNA-Seq				S953_J_0.5_1 rep2		GSE302181	PRJNA1289154	460519	Komagataella phaffii	RNA-Seq	TRANSCRIPTOMIC	cDNA	NextSeq 500	202951210	GSM9097762	GEO accession GSE302181 is currently private and is scheduled to be released on Jul 01, 2029.	NextSeq 500 sequencing: GSM9097762: S953_J_0.5_1 rep2 Komagataella phaffii RNA-Seq	Qiagen RNeasy 96 kit Nextera XT DNA Library Preparation Kit with the Illumina DNA/RNA UD Indexes	
SRR34446913	WARN(3,4,5,6,7)	SRX29607201	SAMN49882141	SRP599672	NextSeq 500 sequencing: GSM9097761: S953_J_0.5_1 rep1 Komagataella phaffii RNA-Seq				S953_J_0.5_1 rep1		GSE302181	PRJNA1289154	460519	Komagataella phaffii	RNA-Seq	TRANSCRIPTOMIC	cDNA	NextSeq 500	221344200	GSM9097761	GEO accession GSE302181 is currently private and is scheduled to be released on Jul 01, 2029.	NextSeq 500 sequencing: GSM9097761: S953_J_0.5_1 rep1 Komagataella phaffii RNA-Seq	Qiagen RNeasy 96 kit Nextera XT DNA Library Preparation Kit with the Illumina DNA/RNA UD Indexes	
SRR34446914	WARN(3,4,5,7)	SRX29607200	SAMN49882142	SRP599672	NextSeq 500 sequencing: GSM9097760: S953_J_std_1 rep3 Komagataella phaffii RNA-Seq				S953_J_std_1 rep3		GSE302181	PRJNA1289154	460519	Komagataella phaffii	RNA-Seq	TRANSCRIPTOMIC	cDNA	NextSeq 500	235878390	GSM9097760	GEO accession GSE302181 is currently private and is scheduled to be released on Jul 01, 2029.	NextSeq 500 sequencing: GSM9097760: S953_J_std_1 rep3 Komagataella phaffii RNA-Seq	Qiagen RNeasy 96 kit Nextera XT DNA Library Preparation Kit with the Illumina DNA/RNA UD Indexes	
SRR34446916	WARN(3,4,5,6,7)	SRX29607198	SAMN49882144	SRP599672	NextSeq 500 sequencing: GSM9097758: S953_J_std_1 rep1 Komagataella phaffii RNA-Seq				S953_J_std_1 rep1		GSE302181	PRJNA1289154	460519	Komagataella phaffii	RNA-Seq	TRANSCRIPTOMIC	cDNA	NextSeq 500	200516250	GSM9097758	GEO accession GSE302181 is currently private and is scheduled to be released on Jul 01, 2029.	NextSeq 500 sequencing: GSM9097758: S953_J_std_1 rep1 Komagataella phaffii RNA-Seq	Qiagen RNeasy 96 kit Nextera XT DNA Library Preparation Kit with the Illumina DNA/RNA UD Indexes	
SRR34446918	WARN(3,4,5,6,7)	SRX29607196	SAMN49882174	SRP599672	NextSeq 500 sequencing: GSM9097728: S953_E_0.1_1 rep1 Komagataella phaffii RNA-Seq				S953_E_0.1_1 rep1		GSE302181	PRJNA1289154	460519	Komagataella phaffii	RNA-Seq	TRANSCRIPTOMIC	cDNA	NextSeq 500	226468495	GSM9097728	GEO accession GSE302181 is currently private and is scheduled to be released on Jul 01, 2029.	NextSeq 500 sequencing: GSM9097728: S953_E_0.1_1 rep1 Komagataella phaffii RNA-Seq	Qiagen RNeasy 96 kit Nextera XT DNA Library Preparation Kit with the Illumina DNA/RNA UD Indexes	
SRR34446929	FAIL(3)	SRX29607185	SAMN49882185	SRP599672	NextSeq 500 sequencing: GSM9097717: S953_C_0.1_1 rep2 Komagataella phaffii RNA-Seq				S953_C_0.1_1 rep2		GSE302181	PRJNA1289154	460519	Komagataella phaffii	RNA-Seq	TRANSCRIPTOMIC	cDNA	NextSeq 500	204675020	GSM9097717	GEO accession GSE302181 is currently private and is scheduled to be released on Jul 01, 2029.	NextSeq 500 sequencing: GSM9097717: S953_C_0.1_1 rep2 Komagataella phaffii RNA-Seq	Qiagen RNeasy 96 kit Nextera XT DNA Library Preparation Kit with the Illumina DNA/RNA UD Indexes	
SRR34446933	WARN(3,4,5,6,7)	SRX29607181	SAMN49882189	SRP599672	NextSeq 500 sequencing: GSM9097713: S953_C_0.5_1 rep1 Komagataella phaffii RNA-Seq				S953_C_0.5_1 rep1		GSE302181	PRJNA1289154	460519	Komagataella phaffii	RNA-Seq	TRANSCRIPTOMIC	cDNA	NextSeq 500	216840690	GSM9097713	GEO accession GSE302181 is currently private and is scheduled to be released on Jul 01, 2029.	NextSeq 500 sequencing: GSM9097713: S953_C_0.5_1 rep1 Komagataella phaffii RNA-Seq	Qiagen RNeasy 96 kit Nextera XT DNA Library Preparation Kit with the Illumina DNA/RNA UD Indexes	
SRR34446934	WARN(3)	SRX29607180	SAMN49882190	SRP599672	NextSeq 500 sequencing: GSM9097712: S953_C_std_1 rep3 Komagataella phaffii RNA-Seq				S953_C_std_1 rep3		GSE302181	PRJNA1289154	460519	Komagataella phaffii	RNA-Seq	TRANSCRIPTOMIC	cDNA	NextSeq 500	262725320	GSM9097712	GEO accession GSE302181 is currently private and is scheduled to be released on Jul 01, 2029.	NextSeq 500 sequencing: GSM9097712: S953_C_std_1 rep3 Komagataella phaffii RNA-Seq	Qiagen RNeasy 96 kit Nextera XT DNA Library Preparation Kit with the Illumina DNA/RNA UD Indexes	
SRR34446935	WARN(3)	SRX29607179	SAMN49882191	SRP599672	NextSeq 500 sequencing: GSM9097711: S953_C_std_1 rep2 Komagataella phaffii RNA-Seq				S953_C_std_1 rep2		GSE302181	PRJNA1289154	460519	Komagataella phaffii	RNA-Seq	TRANSCRIPTOMIC	cDNA	NextSeq 500	280569740	GSM9097711	GEO accession GSE302181 is currently private and is scheduled to be released on Jul 01, 2029.	NextSeq 500 sequencing: GSM9097711: S953_C_std_1 rep2 Komagataella phaffii RNA-Seq	Qiagen RNeasy 96 kit Nextera XT DNA Library Preparation Kit with the Illumina DNA/RNA UD Indexes	
SRR34446937	FAIL(3)	SRX29607177	SAMN49882193	SRP599672	NextSeq 500 sequencing: GSM9097709: S953_B_0.1_1 rep3 Komagataella phaffii RNA-Seq				S953_B_0.1_1 rep3		GSE302181	PRJNA1289154	460519	Komagataella phaffii	RNA-Seq	TRANSCRIPTOMIC	cDNA	NextSeq 500	185894995	GSM9097709	GEO accession GSE302181 is currently private and is scheduled to be released on Jul 01, 2029.	NextSeq 500 sequencing: GSM9097709: S953_B_0.1_1 rep3 Komagataella phaffii RNA-Seq	Qiagen RNeasy 96 kit Nextera XT DNA Library Preparation Kit with the Illumina DNA/RNA UD Indexes	
SRR34446940	WARN(3,4,5,6,7)	SRX29607174	SAMN49882196	SRP599672	NextSeq 500 sequencing: GSM9097706: S953_B_0.5_1 rep3 Komagataella phaffii RNA-Seq				S953_B_0.5_1 rep3		GSE302181	PRJNA1289154	460519	Komagataella phaffii	RNA-Seq	TRANSCRIPTOMIC	cDNA	NextSeq 500	229639575	GSM9097706	GEO accession GSE302181 is currently private and is scheduled to be released on Jul 01, 2029.	NextSeq 500 sequencing: GSM9097706: S953_B_0.5_1 rep3 Komagataella phaffii RNA-Seq	Qiagen RNeasy 96 kit Nextera XT DNA Library Preparation Kit with the Illumina DNA/RNA UD Indexes	
SRR34446941	WARN(3,4,5,6,7)	SRX29607173	SAMN49882197	SRP599672	NextSeq 500 sequencing: GSM9097705: S953_B_0.5_1 rep2 Komagataella phaffii RNA-Seq				S953_B_0.5_1 rep2		GSE302181	PRJNA1289154	460519	Komagataella phaffii	RNA-Seq	TRANSCRIPTOMIC	cDNA	NextSeq 500	227871545	GSM9097705	GEO accession GSE302181 is currently private and is scheduled to be released on Jul 01, 2029.	NextSeq 500 sequencing: GSM9097705: S953_B_0.5_1 rep2 Komagataella phaffii RNA-Seq	Qiagen RNeasy 96 kit Nextera XT DNA Library Preparation Kit with the Illumina DNA/RNA UD Indexes	
SRR36141167	FAIL(3,4,6)	SRX31182275	SAMN53359121	SRP647794	454 GS sequencing: GS115-High-1_S4_L002_R1_001				Microbe sample from Komagataella phaffii		PRJNA1367964	PRJNA1367964	460519	Komagataella phaffii	WGA	TRANSCRIPTOMIC	RANDOM	454 GS	0	GS115-High-1_S4_L002_R1_001	Enhancing the Secretion Efficiency of Heterologous Proteins in Pichia pastoris through N-Glycosylation and SOD1-Mediated Redox Regulation	454 GS sequencing: GS115-High-1_S4_L002_R1_001		
SRR5082633	WARN(3,4,6)	SRX2400603	SAMN06099145	SRP094666	Illumina Genome Analyzer IIx sequencing: RNA-Seq of Komagataella phaffii: double deletion of MIG1 and MIG2				Microbe sample from Komagataella phaffii		PRJNA355965	PRJNA355965	460519	Komagataella phaffii	RNA-Seq	TRANSCRIPTOMIC	PCR	Illumina Genome Analyzer IIx	1761474780	sg2	Transcriptome analysis of mig1?mig2? mutant of Pichia pastoris GS115	Illumina Genome Analyzer IIx sequencing: RNA-Seq of Komagataella phaffii: double deletion of MIG1 and MIG2		
SRR5642238	PASS	SRX2880425	SAMN07189665	SRP108485	NextSeq 500 sequencing: GSM2648591: 1-1-15h Komagataella phaffii RNA-Seq				1-1-15h		GSE99613	PRJNA388897	460519	Komagataella phaffii	RNA-Seq	TRANSCRIPTOMIC	cDNA	NextSeq 500	3061510950	GSM2648591	Development of a general defined media for Pichia pastoris	NextSeq 500 sequencing: GSM2648591: 1-1-15h Komagataella phaffii RNA-Seq	RNA was extracted using the Qiagen RNeasy kit (cat. no. 74104) and genomic DNA clean-up was performed using NEB DNase I kit (catalog number M0303S) and Beckman Coulter RNAClean XP beads (catalog number A63987). Libraries were constructed using Neoprep and sequenced on the Illumina NextSeq platform to generate 75-nucleotide paired-end reads at a read depth of at least 9 million reads per sample.	
SRR5642239	PASS	SRX2880426	SAMN07189664	SRP108485	NextSeq 500 sequencing: GSM2648592: 1-3-15h Komagataella phaffii RNA-Seq				1-3-15h		GSE99613	PRJNA388897	460519	Komagataella phaffii	RNA-Seq	TRANSCRIPTOMIC	cDNA	NextSeq 500	2502693900	GSM2648592	Development of a general defined media for Pichia pastoris	NextSeq 500 sequencing: GSM2648592: 1-3-15h Komagataella phaffii RNA-Seq	RNA was extracted using the Qiagen RNeasy kit (cat. no. 74104) and genomic DNA clean-up was performed using NEB DNase I kit (catalog number M0303S) and Beckman Coulter RNAClean XP beads (catalog number A63987). Libraries were constructed using Neoprep and sequenced on the Illumina NextSeq platform to generate 75-nucleotide paired-end reads at a read depth of at least 9 million reads per sample.	
SRR5642240	PASS	SRX2880427	SAMN07189663	SRP108485	NextSeq 500 sequencing: GSM2648593: 1-5-15h Komagataella phaffii RNA-Seq				1-5-15h		GSE99613	PRJNA388897	460519	Komagataella phaffii	RNA-Seq	TRANSCRIPTOMIC	cDNA	NextSeq 500	2177315700	GSM2648593	Development of a general defined media for Pichia pastoris	NextSeq 500 sequencing: GSM2648593: 1-5-15h Komagataella phaffii RNA-Seq	RNA was extracted using the Qiagen RNeasy kit (cat. no. 74104) and genomic DNA clean-up was performed using NEB DNase I kit (catalog number M0303S) and Beckman Coulter RNAClean XP beads (catalog number A63987). Libraries were constructed using Neoprep and sequenced on the Illumina NextSeq platform to generate 75-nucleotide paired-end reads at a read depth of at least 9 million reads per sample.	
SRR5642244	PASS	SRX2880431	SAMN07189659	SRP108485	NextSeq 500 sequencing: GSM2648597: 3-1-15h Komagataella phaffii RNA-Seq				3-1-15h		GSE99613	PRJNA388897	460519	Komagataella phaffii	RNA-Seq	TRANSCRIPTOMIC	cDNA	NextSeq 500	2168807250	GSM2648597	Development of a general defined media for Pichia pastoris	NextSeq 500 sequencing: GSM2648597: 3-1-15h Komagataella phaffii RNA-Seq	RNA was extracted using the Qiagen RNeasy kit (cat. no. 74104) and genomic DNA clean-up was performed using NEB DNase I kit (catalog number M0303S) and Beckman Coulter RNAClean XP beads (catalog number A63987). Libraries were constructed using Neoprep and sequenced on the Illumina NextSeq platform to generate 75-nucleotide paired-end reads at a read depth of at least 9 million reads per sample.	
SRR5642245	PASS	SRX2880432	SAMN07189658	SRP108485	NextSeq 500 sequencing: GSM2648598: 3-3-15h Komagataella phaffii RNA-Seq				3-3-15h		GSE99613	PRJNA388897	460519	Komagataella phaffii	RNA-Seq	TRANSCRIPTOMIC	cDNA	NextSeq 500	2153377350	GSM2648598	Development of a general defined media for Pichia pastoris	NextSeq 500 sequencing: GSM2648598: 3-3-15h Komagataella phaffii RNA-Seq	RNA was extracted using the Qiagen RNeasy kit (cat. no. 74104) and genomic DNA clean-up was performed using NEB DNase I kit (catalog number M0303S) and Beckman Coulter RNAClean XP beads (catalog number A63987). Libraries were constructed using Neoprep and sequenced on the Illumina NextSeq platform to generate 75-nucleotide paired-end reads at a read depth of at least 9 million reads per sample.	
SRR6727416	PASS	SRX3700419	SAMN08536670	SRP132882	Illumina HiSeq 2500 sequencing: GSM3004395: OE_1 Komagataella phaffii RNA-Seq				OE_1		GSE110624	PRJNA434119	460519	Komagataella phaffii	RNA-Seq	TRANSCRIPTOMIC	cDNA	Illumina HiSeq 2500	1518562300	GSM3004395	A single Gal4-like transcription factor activates the Crabtree effect in Komagataella phaffii	Illumina HiSeq 2500 sequencing: GSM3004395: OE_1 Komagataella phaffii RNA-Seq	Pellets from the samples collected during the exponential growth phase were resuspended in 1 mL TRI Reagent (Sigma, USA). Cells were disrupted by glass beads using a ribolyser (MP Biomedicals, USA) for 40 sec at 5.5 ms-1. RNA was extracted by chloroform and precipitated with isopropanol. After washing twice with 75% ethanol, RNA was dissolved in nuclease-free water. After DNase treatment (Invitrogen, USA), concentration of RNA was measured by Nanodrop and quality of the samples was verified with the Agilent Bioanalyzer 2100 using the RNA 6000 Nano Assay kit (Agilent Technologies, California). RNASeq analysis was performed with poly(A)-enriched mRNAs at Vienna Biocenter Core Facilities GmbH (AT). cDNA libraries were constructed from these poly(A)-enriched mRNAs and sequenced by Illumina HiSeq v4.	
SRR6727417	PASS	SRX3700420	SAMN08536672	SRP132882	Illumina HiSeq 2500 sequencing: GSM3004396: OE_2 Komagataella phaffii RNA-Seq				OE_2		GSE110624	PRJNA434119	460519	Komagataella phaffii	RNA-Seq	TRANSCRIPTOMIC	cDNA	Illumina HiSeq 2500	1478657100	GSM3004396	A single Gal4-like transcription factor activates the Crabtree effect in Komagataella phaffii	Illumina HiSeq 2500 sequencing: GSM3004396: OE_2 Komagataella phaffii RNA-Seq	Pellets from the samples collected during the exponential growth phase were resuspended in 1 mL TRI Reagent (Sigma, USA). Cells were disrupted by glass beads using a ribolyser (MP Biomedicals, USA) for 40 sec at 5.5 ms-1. RNA was extracted by chloroform and precipitated with isopropanol. After washing twice with 75% ethanol, RNA was dissolved in nuclease-free water. After DNase treatment (Invitrogen, USA), concentration of RNA was measured by Nanodrop and quality of the samples was verified with the Agilent Bioanalyzer 2100 using the RNA 6000 Nano Assay kit (Agilent Technologies, California). RNASeq analysis was performed with poly(A)-enriched mRNAs at Vienna Biocenter Core Facilities GmbH (AT). cDNA libraries were constructed from these poly(A)-enriched mRNAs and sequenced by Illumina HiSeq v4.	
SRR6849406	PASS	SRX3804670	SAMN08724680	SRP135907	Illumina HiSeq 2500 sequencing: GSM3045849: YPD-wt, rep 1 Komagataella phaffii RNA-Seq				YPD-wt, rep 1		GSE111973	PRJNA438709	460519	Komagataella phaffii	RNA-Seq	TRANSCRIPTOMIC	cDNA	Illumina HiSeq 2500	1615919000	GSM3045849	RNA-seq differential expression analysis of Komagataella phaffii CBS2612 under mating conditions	Illumina HiSeq 2500 sequencing: GSM3045849: YPD-wt, rep 1 Komagataella phaffii RNA-Seq	Cells were disrupted mechanically and RNA was extracted using TRI reagent (Sigma-Aldrich) according to the manufacturer's protocol. RNA libraries were prepared for sequencing using standard Illumina protocols (PolyA RNA (NEB)).	
SRR6849413	PASS	SRX3804677	SAMN08724673	SRP135907	Illumina HiSeq 2500 sequencing: GSM3045856: YPD-a, rep 2 Komagataella phaffii RNA-Seq				YPD-a, rep 2		GSE111973	PRJNA438709	460519	Komagataella phaffii	RNA-Seq	TRANSCRIPTOMIC	cDNA	Illumina HiSeq 2500	1445523600	GSM3045856	RNA-seq differential expression analysis of Komagataella phaffii CBS2612 under mating conditions	Illumina HiSeq 2500 sequencing: GSM3045856: YPD-a, rep 2 Komagataella phaffii RNA-Seq	Cells were disrupted mechanically and RNA was extracted using TRI reagent (Sigma-Aldrich) according to the manufacturer's protocol. RNA libraries were prepared for sequencing using standard Illumina protocols (PolyA RNA (NEB)).	
SRR6849415	PASS	SRX3804679	SAMN08724671	SRP135907	Illumina HiSeq 2500 sequencing: GSM3045858: AM-wt, rep 1 Komagataella phaffii RNA-Seq				AM-wt, rep 1		GSE111973	PRJNA438709	460519	Komagataella phaffii	RNA-Seq	TRANSCRIPTOMIC	cDNA	Illumina HiSeq 2500	1495653700	GSM3045858	RNA-seq differential expression analysis of Komagataella phaffii CBS2612 under mating conditions	Illumina HiSeq 2500 sequencing: GSM3045858: AM-wt, rep 1 Komagataella phaffii RNA-Seq	Cells were disrupted mechanically and RNA was extracted using TRI reagent (Sigma-Aldrich) according to the manufacturer's protocol. RNA libraries were prepared for sequencing using standard Illumina protocols (PolyA RNA (NEB)).	
SRR6849418	PASS	SRX3804682	SAMN08724668	SRP135907	Illumina HiSeq 2500 sequencing: GSM3045861: AM-alpha, rep 1 Komagataella phaffii RNA-Seq				AM-alpha, rep 1		GSE111973	PRJNA438709	460519	Komagataella phaffii	RNA-Seq	TRANSCRIPTOMIC	cDNA	Illumina HiSeq 2500	1592120400	GSM3045861	RNA-seq differential expression analysis of Komagataella phaffii CBS2612 under mating conditions	Illumina HiSeq 2500 sequencing: GSM3045861: AM-alpha, rep 1 Komagataella phaffii RNA-Seq	Cells were disrupted mechanically and RNA was extracted using TRI reagent (Sigma-Aldrich) according to the manufacturer's protocol. RNA libraries were prepared for sequencing using standard Illumina protocols (PolyA RNA (NEB)).	
SRR6849423	PASS	SRX3804687	SAMN08724663	SRP135907	Illumina HiSeq 2500 sequencing: GSM3045866: AM-a, rep 3 Komagataella phaffii RNA-Seq				AM-a, rep 3		GSE111973	PRJNA438709	460519	Komagataella phaffii	RNA-Seq	TRANSCRIPTOMIC	cDNA	Illumina HiSeq 2500	1437074600	GSM3045866	RNA-seq differential expression analysis of Komagataella phaffii CBS2612 under mating conditions	Illumina HiSeq 2500 sequencing: GSM3045866: AM-a, rep 3 Komagataella phaffii RNA-Seq	Cells were disrupted mechanically and RNA was extracted using TRI reagent (Sigma-Aldrich) according to the manufacturer's protocol. RNA libraries were prepared for sequencing using standard Illumina protocols (PolyA RNA (NEB)).	
SRR9048188	PASS	SRX5824713	SAMN11635038	SRP198262	Illumina HiSeq 4000 sequencing: GSM3763566: WT_0.05_rep3 Komagataella phaffii RNA-Seq				WT_0.05_rep3		GSE131106	PRJNA542662	460519	Komagataella phaffii	RNA-Seq	TRANSCRIPTOMIC	cDNA	Illumina HiSeq 4000	621464300	GSM3763566	Pseudohyphal differentiation in Komagataella phaffii: investigating the FLO gene family	Illumina HiSeq 4000 sequencing: GSM3763566: WT_0.05_rep3 Komagataella phaffii RNA-Seq	The ethanol/phenol fixed cells were resuspended in 1 mL TRI reagent (Sigma Aldrich), lysed using glass beads as described in the previous section and RNA was extracted according to the TRI reagent protocol. DNase treatment was carried out using the Ambion DNA-free kit (Invitrogen). RNA concentration and integrity was analysed using the Nanodrop spectrophotometer and Bioanalyzer (Agilent). mRNA library preparation, polyA enrichment	
SRR9048189	PASS	SRX5824714	SAMN11635037	SRP198262	Illumina HiSeq 4000 sequencing: GSM3763567: WT_0.1_switchback_rep1 Komagataella phaffii RNA-Seq				WT_0.1_switchback_rep1		GSE131106	PRJNA542662	460519	Komagataella phaffii	RNA-Seq	TRANSCRIPTOMIC	cDNA	Illumina HiSeq 4000	637834950	GSM3763567	Pseudohyphal differentiation in Komagataella phaffii: investigating the FLO gene family	Illumina HiSeq 4000 sequencing: GSM3763567: WT_0.1_switchback_rep1 Komagataella phaffii RNA-Seq	The ethanol/phenol fixed cells were resuspended in 1 mL TRI reagent (Sigma Aldrich), lysed using glass beads as described in the previous section and RNA was extracted according to the TRI reagent protocol. DNase treatment was carried out using the Ambion DNA-free kit (Invitrogen). RNA concentration and integrity was analysed using the Nanodrop spectrophotometer and Bioanalyzer (Agilent). mRNA library preparation, polyA enrichment	
SRR9048191	PASS	SRX5824716	SAMN11634996	SRP198262	Illumina HiSeq 4000 sequencing: GSM3763569: WT_0.1_switchback_rep3 Komagataella phaffii RNA-Seq				WT_0.1_switchback_rep3		GSE131106	PRJNA542662	460519	Komagataella phaffii	RNA-Seq	TRANSCRIPTOMIC	cDNA	Illumina HiSeq 4000	629212200	GSM3763569	Pseudohyphal differentiation in Komagataella phaffii: investigating the FLO gene family	Illumina HiSeq 4000 sequencing: GSM3763569: WT_0.1_switchback_rep3 Komagataella phaffii RNA-Seq	The ethanol/phenol fixed cells were resuspended in 1 mL TRI reagent (Sigma Aldrich), lysed using glass beads as described in the previous section and RNA was extracted according to the TRI reagent protocol. DNase treatment was carried out using the Ambion DNA-free kit (Invitrogen). RNA concentration and integrity was analysed using the Nanodrop spectrophotometer and Bioanalyzer (Agilent). mRNA library preparation, polyA enrichment	
SRR9048192	PASS	SRX5824717	SAMN11634995	SRP198262	Illumina HiSeq 4000 sequencing: GSM3763570: Δflo8_0.1_rep1 Komagataella phaffii RNA-Seq				Δflo8_0.1_rep1		GSE131106	PRJNA542662	460519	Komagataella phaffii	RNA-Seq	TRANSCRIPTOMIC	cDNA	Illumina HiSeq 4000	642078350	GSM3763570	Pseudohyphal differentiation in Komagataella phaffii: investigating the FLO gene family	Illumina HiSeq 4000 sequencing: GSM3763570: Δflo8_0.1_rep1 Komagataella phaffii RNA-Seq	The ethanol/phenol fixed cells were resuspended in 1 mL TRI reagent (Sigma Aldrich), lysed using glass beads as described in the previous section and RNA was extracted according to the TRI reagent protocol. DNase treatment was carried out using the Ambion DNA-free kit (Invitrogen). RNA concentration and integrity was analysed using the Nanodrop spectrophotometer and Bioanalyzer (Agilent). mRNA library preparation, polyA enrichment	
SRR9048193	PASS	SRX5824718	SAMN11634994	SRP198262	Illumina HiSeq 4000 sequencing: GSM3763571: Δflo8_0.1_rep2 Komagataella phaffii RNA-Seq				Δflo8_0.1_rep2		GSE131106	PRJNA542662	460519	Komagataella phaffii	RNA-Seq	TRANSCRIPTOMIC	cDNA	Illumina HiSeq 4000	275356100	GSM3763571	Pseudohyphal differentiation in Komagataella phaffii: investigating the FLO gene family	Illumina HiSeq 4000 sequencing: GSM3763571: Δflo8_0.1_rep2 Komagataella phaffii RNA-Seq	The ethanol/phenol fixed cells were resuspended in 1 mL TRI reagent (Sigma Aldrich), lysed using glass beads as described in the previous section and RNA was extracted according to the TRI reagent protocol. DNase treatment was carried out using the Ambion DNA-free kit (Invitrogen). RNA concentration and integrity was analysed using the Nanodrop spectrophotometer and Bioanalyzer (Agilent). mRNA library preparation, polyA enrichment	
SRR9048195	PASS	SRX5824720	SAMN11634992	SRP198262	Illumina HiSeq 4000 sequencing: GSM3763573: Δflo8_0.05_rep1 Komagataella phaffii RNA-Seq				Δflo8_0.05_rep1		GSE131106	PRJNA542662	460519	Komagataella phaffii	RNA-Seq	TRANSCRIPTOMIC	cDNA	Illumina HiSeq 4000	655213000	GSM3763573	Pseudohyphal differentiation in Komagataella phaffii: investigating the FLO gene family	Illumina HiSeq 4000 sequencing: GSM3763573: Δflo8_0.05_rep1 Komagataella phaffii RNA-Seq	The ethanol/phenol fixed cells were resuspended in 1 mL TRI reagent (Sigma Aldrich), lysed using glass beads as described in the previous section and RNA was extracted according to the TRI reagent protocol. DNase treatment was carried out using the Ambion DNA-free kit (Invitrogen). RNA concentration and integrity was analysed using the Nanodrop spectrophotometer and Bioanalyzer (Agilent). mRNA library preparation, polyA enrichment	
SRR9048197	PASS	SRX5824722	SAMN11634990	SRP198262	Illumina HiSeq 4000 sequencing: GSM3763575: Δflo8_0.05_rep3 Komagataella phaffii RNA-Seq				Δflo8_0.05_rep3		GSE131106	PRJNA542662	460519	Komagataella phaffii	RNA-Seq	TRANSCRIPTOMIC	cDNA	Illumina HiSeq 4000	709644250	GSM3763575	Pseudohyphal differentiation in Komagataella phaffii: investigating the FLO gene family	Illumina HiSeq 4000 sequencing: GSM3763575: Δflo8_0.05_rep3 Komagataella phaffii RNA-Seq	The ethanol/phenol fixed cells were resuspended in 1 mL TRI reagent (Sigma Aldrich), lysed using glass beads as described in the previous section and RNA was extracted according to the TRI reagent protocol. DNase treatment was carried out using the Ambion DNA-free kit (Invitrogen). RNA concentration and integrity was analysed using the Nanodrop spectrophotometer and Bioanalyzer (Agilent). mRNA library preparation, polyA enrichment	
SRR14237556	FAIL(3,4,6,7)	SRX10600442	SAMN18740762	SRP314811	Illumina MiSeq sequencing: GSM5240799: exp031020 RBD rep 1 Komagataella phaffii RNA-Seq				exp031020 RBD rep 1		GSE172054	PRJNA721898	460519	Komagataella phaffii	RNA-Seq	TRANSCRIPTOMIC	cDNA	Illumina MiSeq	63801288	GSM5240799	Engineered SARS-CoV-2 receptor binding domain improves manufacturability in yeast and immunogenicity in mice	Illumina MiSeq sequencing: GSM5240799: exp031020 RBD rep 1 Komagataella phaffii RNA-Seq	RNA was extracted and purified according to the Qiagen RNeasy kit (cat #74104) and RNA quality was analyzed to ensure RNA Quality Number >6.5. 3'DGE Nextera	
SRR14237563	FAIL(3,4,5,6,7)	SRX10600449	SAMN18740783	SRP314811	Illumina MiSeq sequencing: GSM5240806: exp031020 RBD rep 8 Komagataella phaffii RNA-Seq				exp031020 RBD rep 8		GSE172054	PRJNA721898	460519	Komagataella phaffii	RNA-Seq	TRANSCRIPTOMIC	cDNA	Illumina MiSeq	37265112	GSM5240806	Engineered SARS-CoV-2 receptor binding domain improves manufacturability in yeast and immunogenicity in mice	Illumina MiSeq sequencing: GSM5240806: exp031020 RBD rep 8 Komagataella phaffii RNA-Seq	RNA was extracted and purified according to the Qiagen RNeasy kit (cat #74104) and RNA quality was analyzed to ensure RNA Quality Number >6.5. 3'DGE Nextera	
SRR14237565	FAIL(3,4,6,7)	SRX10600451	SAMN18740776	SRP314811	Illumina MiSeq sequencing: GSM5240808: exp031020 RBD rep 10 Komagataella phaffii RNA-Seq				exp031020 RBD rep 10		GSE172054	PRJNA721898	460519	Komagataella phaffii	RNA-Seq	TRANSCRIPTOMIC	cDNA	Illumina MiSeq	63338472	GSM5240808	Engineered SARS-CoV-2 receptor binding domain improves manufacturability in yeast and immunogenicity in mice	Illumina MiSeq sequencing: GSM5240808: exp031020 RBD rep 10 Komagataella phaffii RNA-Seq	RNA was extracted and purified according to the Qiagen RNeasy kit (cat #74104) and RNA quality was analyzed to ensure RNA Quality Number >6.5. 3'DGE Nextera	
SRR14237566	FAIL(3,4,5,6,7)	SRX10600452	SAMN18740775	SRP314811	Illumina MiSeq sequencing: GSM5240809: exp031020 RBD rep 11 Komagataella phaffii RNA-Seq				exp031020 RBD rep 11		GSE172054	PRJNA721898	460519	Komagataella phaffii	RNA-Seq	TRANSCRIPTOMIC	cDNA	Illumina MiSeq	72812160	GSM5240809	Engineered SARS-CoV-2 receptor binding domain improves manufacturability in yeast and immunogenicity in mice	Illumina MiSeq sequencing: GSM5240809: exp031020 RBD rep 11 Komagataella phaffii RNA-Seq	RNA was extracted and purified according to the Qiagen RNeasy kit (cat #74104) and RNA quality was analyzed to ensure RNA Quality Number >6.5. 3'DGE Nextera	
SRR14237571	FAIL(6,7)	SRX10600457	SAMN18740777	SRP314811	Illumina MiSeq sequencing: GSM5240814: exp031020 P8 rep 3 Komagataella phaffii RNA-Seq				exp031020 P8 rep 3		GSE172054	PRJNA721898	460519	Komagataella phaffii	RNA-Seq	TRANSCRIPTOMIC	cDNA	Illumina MiSeq	65962584	GSM5240814	Engineered SARS-CoV-2 receptor binding domain improves manufacturability in yeast and immunogenicity in mice	Illumina MiSeq sequencing: GSM5240814: exp031020 P8 rep 3 Komagataella phaffii RNA-Seq	RNA was extracted and purified according to the Qiagen RNeasy kit (cat #74104) and RNA quality was analyzed to ensure RNA Quality Number >6.5. 3'DGE Nextera	
SRR15713834	WARN(1,5,6,7)	SRX12009398	SAMN21216917	SRP335592	NextSeq 500 sequencing: GSM5556940: BaseMeoh_3 Komagataella phaffii RNA-Seq				BaseMeoh_3		GSE183408	PRJNA760524	460519	Komagataella phaffii	RNA-Seq	TRANSCRIPTOMIC	cDNA	NextSeq 500	54637110	GSM5556940	Scalable, methanol-free manufacturing of the SARS-CoV-2 receptor binding domain in engineered Komagataella phaffii	NextSeq 500 sequencing: GSM5556940: BaseMeoh_3 Komagataella phaffii RNA-Seq	RNA was extracted and purified according to the Qiagen RNeasy kit (cat #74104) and RNA quality was analyzed to ensure RNA Quality Number >6.5. 3'DGE Nextera	
SRR15713836	WARN(1,5,6,7)	SRX12009400	SAMN21216919	SRP335592	NextSeq 500 sequencing: GSM5556942: Mit1Sorb rep2 Komagataella phaffii RNA-Seq				Mit1Sorb rep2		GSE183408	PRJNA760524	460519	Komagataella phaffii	RNA-Seq	TRANSCRIPTOMIC	cDNA	NextSeq 500	57489564	GSM5556942	Scalable, methanol-free manufacturing of the SARS-CoV-2 receptor binding domain in engineered Komagataella phaffii	NextSeq 500 sequencing: GSM5556942: Mit1Sorb rep2 Komagataella phaffii RNA-Seq	RNA was extracted and purified according to the Qiagen RNeasy kit (cat #74104) and RNA quality was analyzed to ensure RNA Quality Number >6.5. 3'DGE Nextera	
SRR9943215	WARN(1,5,6,7)	SRX6691763	SAMN12547437	SRP217973	Illumina HiSeq 2500 sequencing: GSM4025624: Y48124-H11B Komagataella phaffii RNA-Seq				Y48124-H11B		GSE135665	PRJNA559571	460519	Komagataella phaffii	RNA-Seq	TRANSCRIPTOMIC	cDNA	Illumina HiSeq 2500	47625180	GSM4025624	Comparative genome-scale analysis of Pichia pastoris variants informs selection of an optimal base strain [protein expression]	Illumina HiSeq 2500 sequencing: GSM4025624: Y48124-H11B Komagataella phaffii RNA-Seq	Cells were first digested in digestion buffer (50 mM EDTA, 500 mM sorbitol, pH 7.4) supplemented with 0.1% (v/v) 2-Mercaptoethanol and Zymolyase (Zymo Research, Irvine, CA) for 25 min at 30°C and 100 rpm shaking. Lysis and RNA purification was then performed using the RNeasy kit (Qiagen, Cat #74104). RNA quality was analyzed to ensure RNA Quality Number >7. Protein-expressing strain RNA libraries were prepared using a 3' DGE method adapted from Soumillon, Cacchiarelli, & Semrau, 2014 and sequenced on an Illumina HiSeq2500 to generate paired reads of 17bp (read1) + 46bp (read2).	
SRR9943219	WARN(1,5,6,7)	SRX6691767	SAMN12547440	SRP217973	Illumina HiSeq 2500 sequencing: GSM4025628: Y48124-H12C Komagataella phaffii RNA-Seq				Y48124-H12C		GSE135665	PRJNA559571	460519	Komagataella phaffii	RNA-Seq	TRANSCRIPTOMIC	cDNA	Illumina HiSeq 2500	67714484	GSM4025628	Comparative genome-scale analysis of Pichia pastoris variants informs selection of an optimal base strain [protein expression]	Illumina HiSeq 2500 sequencing: GSM4025628: Y48124-H12C Komagataella phaffii RNA-Seq	Cells were first digested in digestion buffer (50 mM EDTA, 500 mM sorbitol, pH 7.4) supplemented with 0.1% (v/v) 2-Mercaptoethanol and Zymolyase (Zymo Research, Irvine, CA) for 25 min at 30°C and 100 rpm shaking. Lysis and RNA purification was then performed using the RNeasy kit (Qiagen, Cat #74104). RNA quality was analyzed to ensure RNA Quality Number >7. Protein-expressing strain RNA libraries were prepared using a 3' DGE method adapted from Soumillon, Cacchiarelli, & Semrau, 2014 and sequenced on an Illumina HiSeq2500 to generate paired reads of 17bp (read1) + 46bp (read2).	
SRR9943226	WARN(1,5,6,7)	SRX6691774	SAMN12547429	SRP217973	Illumina HiSeq 2500 sequencing: GSM4025635: GS115-G13A Komagataella phaffii RNA-Seq				GS115-G13A		GSE135665	PRJNA559571	460519	Komagataella phaffii	RNA-Seq	TRANSCRIPTOMIC	cDNA	Illumina HiSeq 2500	104036774	GSM4025635	Comparative genome-scale analysis of Pichia pastoris variants informs selection of an optimal base strain [protein expression]	Illumina HiSeq 2500 sequencing: GSM4025635: GS115-G13A Komagataella phaffii RNA-Seq	Cells were first digested in digestion buffer (50 mM EDTA, 500 mM sorbitol, pH 7.4) supplemented with 0.1% (v/v) 2-Mercaptoethanol and Zymolyase (Zymo Research, Irvine, CA) for 25 min at 30°C and 100 rpm shaking. Lysis and RNA purification was then performed using the RNeasy kit (Qiagen, Cat #74104). RNA quality was analyzed to ensure RNA Quality Number >7. Protein-expressing strain RNA libraries were prepared using a 3' DGE method adapted from Soumillon, Cacchiarelli, & Semrau, 2014 and sequenced on an Illumina HiSeq2500 to generate paired reads of 17bp (read1) + 46bp (read2).	
SRR9943232	WARN(5,6,7)	SRX6691780	SAMN12547473	SRP217973	Illumina HiSeq 2500 sequencing: GSM4025641: GS115-H12A Komagataella phaffii RNA-Seq				GS115-H12A		GSE135665	PRJNA559571	460519	Komagataella phaffii	RNA-Seq	TRANSCRIPTOMIC	cDNA	Illumina HiSeq 2500	204099516	GSM4025641	Comparative genome-scale analysis of Pichia pastoris variants informs selection of an optimal base strain [protein expression]	Illumina HiSeq 2500 sequencing: GSM4025641: GS115-H12A Komagataella phaffii RNA-Seq	Cells were first digested in digestion buffer (50 mM EDTA, 500 mM sorbitol, pH 7.4) supplemented with 0.1% (v/v) 2-Mercaptoethanol and Zymolyase (Zymo Research, Irvine, CA) for 25 min at 30°C and 100 rpm shaking. Lysis and RNA purification was then performed using the RNeasy kit (Qiagen, Cat #74104). RNA quality was analyzed to ensure RNA Quality Number >7. Protein-expressing strain RNA libraries were prepared using a 3' DGE method adapted from Soumillon, Cacchiarelli, & Semrau, 2014 and sequenced on an Illumina HiSeq2500 to generate paired reads of 17bp (read1) + 46bp (read2).	
SRR9943234	WARN(6,7)	SRX6691782	SAMN12547471	SRP217973	Illumina HiSeq 2500 sequencing: GSM4025643: GS115-H12C Komagataella phaffii RNA-Seq				GS115-H12C		GSE135665	PRJNA559571	460519	Komagataella phaffii	RNA-Seq	TRANSCRIPTOMIC	cDNA	Illumina HiSeq 2500	190441012	GSM4025643	Comparative genome-scale analysis of Pichia pastoris variants informs selection of an optimal base strain [protein expression]	Illumina HiSeq 2500 sequencing: GSM4025643: GS115-H12C Komagataella phaffii RNA-Seq	Cells were first digested in digestion buffer (50 mM EDTA, 500 mM sorbitol, pH 7.4) supplemented with 0.1% (v/v) 2-Mercaptoethanol and Zymolyase (Zymo Research, Irvine, CA) for 25 min at 30°C and 100 rpm shaking. Lysis and RNA purification was then performed using the RNeasy kit (Qiagen, Cat #74104). RNA quality was analyzed to ensure RNA Quality Number >7. Protein-expressing strain RNA libraries were prepared using a 3' DGE method adapted from Soumillon, Cacchiarelli, & Semrau, 2014 and sequenced on an Illumina HiSeq2500 to generate paired reads of 17bp (read1) + 46bp (read2).	
SRR9943236	WARN(5,6,7)	SRX6691784	SAMN12547426	SRP217973	Illumina HiSeq 2500 sequencing: GSM4025645: GS115-H13B Komagataella phaffii RNA-Seq				GS115-H13B		GSE135665	PRJNA559571	460519	Komagataella phaffii	RNA-Seq	TRANSCRIPTOMIC	cDNA	Illumina HiSeq 2500	175173382	GSM4025645	Comparative genome-scale analysis of Pichia pastoris variants informs selection of an optimal base strain [protein expression]	Illumina HiSeq 2500 sequencing: GSM4025645: GS115-H13B Komagataella phaffii RNA-Seq	Cells were first digested in digestion buffer (50 mM EDTA, 500 mM sorbitol, pH 7.4) supplemented with 0.1% (v/v) 2-Mercaptoethanol and Zymolyase (Zymo Research, Irvine, CA) for 25 min at 30°C and 100 rpm shaking. Lysis and RNA purification was then performed using the RNeasy kit (Qiagen, Cat #74104). RNA quality was analyzed to ensure RNA Quality Number >7. Protein-expressing strain RNA libraries were prepared using a 3' DGE method adapted from Soumillon, Cacchiarelli, & Semrau, 2014 and sequenced on an Illumina HiSeq2500 to generate paired reads of 17bp (read1) + 46bp (read2).	
SRR9943240	WARN(1,5,6,7)	SRX6691788	SAMN12547421	SRP217973	Illumina HiSeq 2500 sequencing: GSM4025649: GS115-H14C Komagataella phaffii RNA-Seq				GS115-H14C		GSE135665	PRJNA559571	460519	Komagataella phaffii	RNA-Seq	TRANSCRIPTOMIC	cDNA	Illumina HiSeq 2500	93987338	GSM4025649	Comparative genome-scale analysis of Pichia pastoris variants informs selection of an optimal base strain [protein expression]	Illumina HiSeq 2500 sequencing: GSM4025649: GS115-H14C Komagataella phaffii RNA-Seq	Cells were first digested in digestion buffer (50 mM EDTA, 500 mM sorbitol, pH 7.4) supplemented with 0.1% (v/v) 2-Mercaptoethanol and Zymolyase (Zymo Research, Irvine, CA) for 25 min at 30°C and 100 rpm shaking. Lysis and RNA purification was then performed using the RNeasy kit (Qiagen, Cat #74104). RNA quality was analyzed to ensure RNA Quality Number >7. Protein-expressing strain RNA libraries were prepared using a 3' DGE method adapted from Soumillon, Cacchiarelli, & Semrau, 2014 and sequenced on an Illumina HiSeq2500 to generate paired reads of 17bp (read1) + 46bp (read2).	
SRR9943241	FAIL(6)	SRX6691789	SAMN12547420	SRP217973	Illumina HiSeq 2500 sequencing: GSM4025650: Y11430-G12A Komagataella phaffii RNA-Seq				Y11430-G12A		GSE135665	PRJNA559571	460519	Komagataella phaffii	RNA-Seq	TRANSCRIPTOMIC	cDNA	Illumina HiSeq 2500	109718050	GSM4025650	Comparative genome-scale analysis of Pichia pastoris variants informs selection of an optimal base strain [protein expression]	Illumina HiSeq 2500 sequencing: GSM4025650: Y11430-G12A Komagataella phaffii RNA-Seq	Cells were first digested in digestion buffer (50 mM EDTA, 500 mM sorbitol, pH 7.4) supplemented with 0.1% (v/v) 2-Mercaptoethanol and Zymolyase (Zymo Research, Irvine, CA) for 25 min at 30°C and 100 rpm shaking. Lysis and RNA purification was then performed using the RNeasy kit (Qiagen, Cat #74104). RNA quality was analyzed to ensure RNA Quality Number >7. Protein-expressing strain RNA libraries were prepared using a 3' DGE method adapted from Soumillon, Cacchiarelli, & Semrau, 2014 and sequenced on an Illumina HiSeq2500 to generate paired reads of 17bp (read1) + 46bp (read2).	
SRR9943246	WARN(4,5,6,7)	SRX6691794	SAMN12547414	SRP217973	Illumina HiSeq 2500 sequencing: GSM4025655: Y11430-G13C Komagataella phaffii RNA-Seq				Y11430-G13C		GSE135665	PRJNA559571	460519	Komagataella phaffii	RNA-Seq	TRANSCRIPTOMIC	cDNA	Illumina HiSeq 2500	132352212	GSM4025655	Comparative genome-scale analysis of Pichia pastoris variants informs selection of an optimal base strain [protein expression]	Illumina HiSeq 2500 sequencing: GSM4025655: Y11430-G13C Komagataella phaffii RNA-Seq	Cells were first digested in digestion buffer (50 mM EDTA, 500 mM sorbitol, pH 7.4) supplemented with 0.1% (v/v) 2-Mercaptoethanol and Zymolyase (Zymo Research, Irvine, CA) for 25 min at 30°C and 100 rpm shaking. Lysis and RNA purification was then performed using the RNeasy kit (Qiagen, Cat #74104). RNA quality was analyzed to ensure RNA Quality Number >7. Protein-expressing strain RNA libraries were prepared using a 3' DGE method adapted from Soumillon, Cacchiarelli, & Semrau, 2014 and sequenced on an Illumina HiSeq2500 to generate paired reads of 17bp (read1) + 46bp (read2).	
SRR9943247	WARN(3,4,5,6,7)	SRX6691795	SAMN12547412	SRP217973	Illumina HiSeq 2500 sequencing: GSM4025656: Y11430-G16A Komagataella phaffii RNA-Seq				Y11430-G16A		GSE135665	PRJNA559571	460519	Komagataella phaffii	RNA-Seq	TRANSCRIPTOMIC	cDNA	Illumina HiSeq 2500	160006814	GSM4025656	Comparative genome-scale analysis of Pichia pastoris variants informs selection of an optimal base strain [protein expression]	Illumina HiSeq 2500 sequencing: GSM4025656: Y11430-G16A Komagataella phaffii RNA-Seq	Cells were first digested in digestion buffer (50 mM EDTA, 500 mM sorbitol, pH 7.4) supplemented with 0.1% (v/v) 2-Mercaptoethanol and Zymolyase (Zymo Research, Irvine, CA) for 25 min at 30°C and 100 rpm shaking. Lysis and RNA purification was then performed using the RNeasy kit (Qiagen, Cat #74104). RNA quality was analyzed to ensure RNA Quality Number >7. Protein-expressing strain RNA libraries were prepared using a 3' DGE method adapted from Soumillon, Cacchiarelli, & Semrau, 2014 and sequenced on an Illumina HiSeq2500 to generate paired reads of 17bp (read1) + 46bp (read2).	
SRR9943248	WARN(3,4,5,6,7)	SRX6691796	SAMN12547411	SRP217973	Illumina HiSeq 2500 sequencing: GSM4025657: Y11430-G16B Komagataella phaffii RNA-Seq				Y11430-G16B		GSE135665	PRJNA559571	460519	Komagataella phaffii	RNA-Seq	TRANSCRIPTOMIC	cDNA	Illumina HiSeq 2500	136237234	GSM4025657	Comparative genome-scale analysis of Pichia pastoris variants informs selection of an optimal base strain [protein expression]	Illumina HiSeq 2500 sequencing: GSM4025657: Y11430-G16B Komagataella phaffii RNA-Seq	Cells were first digested in digestion buffer (50 mM EDTA, 500 mM sorbitol, pH 7.4) supplemented with 0.1% (v/v) 2-Mercaptoethanol and Zymolyase (Zymo Research, Irvine, CA) for 25 min at 30°C and 100 rpm shaking. Lysis and RNA purification was then performed using the RNeasy kit (Qiagen, Cat #74104). RNA quality was analyzed to ensure RNA Quality Number >7. Protein-expressing strain RNA libraries were prepared using a 3' DGE method adapted from Soumillon, Cacchiarelli, & Semrau, 2014 and sequenced on an Illumina HiSeq2500 to generate paired reads of 17bp (read1) + 46bp (read2).	
SRR9943249	WARN(5,6,7)	SRX6691797	SAMN12547417	SRP217973	Illumina HiSeq 2500 sequencing: GSM4025658: Y11430-G16C Komagataella phaffii RNA-Seq				Y11430-G16C		GSE135665	PRJNA559571	460519	Komagataella phaffii	RNA-Seq	TRANSCRIPTOMIC	cDNA	Illumina HiSeq 2500	141504326	GSM4025658	Comparative genome-scale analysis of Pichia pastoris variants informs selection of an optimal base strain [protein expression]	Illumina HiSeq 2500 sequencing: GSM4025658: Y11430-G16C Komagataella phaffii RNA-Seq	Cells were first digested in digestion buffer (50 mM EDTA, 500 mM sorbitol, pH 7.4) supplemented with 0.1% (v/v) 2-Mercaptoethanol and Zymolyase (Zymo Research, Irvine, CA) for 25 min at 30°C and 100 rpm shaking. Lysis and RNA purification was then performed using the RNeasy kit (Qiagen, Cat #74104). RNA quality was analyzed to ensure RNA Quality Number >7. Protein-expressing strain RNA libraries were prepared using a 3' DGE method adapted from Soumillon, Cacchiarelli, & Semrau, 2014 and sequenced on an Illumina HiSeq2500 to generate paired reads of 17bp (read1) + 46bp (read2).	
SRR9943250	WARN(3,4,5,6,7)	SRX6691798	SAMN12547410	SRP217973	Illumina HiSeq 2500 sequencing: GSM4025659: Y11430-H22A Komagataella phaffii RNA-Seq				Y11430-H22A		GSE135665	PRJNA559571	460519	Komagataella phaffii	RNA-Seq	TRANSCRIPTOMIC	cDNA	Illumina HiSeq 2500	147781486	GSM4025659	Comparative genome-scale analysis of Pichia pastoris variants informs selection of an optimal base strain [protein expression]	Illumina HiSeq 2500 sequencing: GSM4025659: Y11430-H22A Komagataella phaffii RNA-Seq	Cells were first digested in digestion buffer (50 mM EDTA, 500 mM sorbitol, pH 7.4) supplemented with 0.1% (v/v) 2-Mercaptoethanol and Zymolyase (Zymo Research, Irvine, CA) for 25 min at 30°C and 100 rpm shaking. Lysis and RNA purification was then performed using the RNeasy kit (Qiagen, Cat #74104). RNA quality was analyzed to ensure RNA Quality Number >7. Protein-expressing strain RNA libraries were prepared using a 3' DGE method adapted from Soumillon, Cacchiarelli, & Semrau, 2014 and sequenced on an Illumina HiSeq2500 to generate paired reads of 17bp (read1) + 46bp (read2).	
SRR9943257	WARN(1,3,4,5,6,7)	SRX6691805	SAMN12547400	SRP217973	Illumina HiSeq 2500 sequencing: GSM4025666: Y11430-H8B Komagataella phaffii RNA-Seq				Y11430-H8B		GSE135665	PRJNA559571	460519	Komagataella phaffii	RNA-Seq	TRANSCRIPTOMIC	cDNA	Illumina HiSeq 2500	96022286	GSM4025666	Comparative genome-scale analysis of Pichia pastoris variants informs selection of an optimal base strain [protein expression]	Illumina HiSeq 2500 sequencing: GSM4025666: Y11430-H8B Komagataella phaffii RNA-Seq	Cells were first digested in digestion buffer (50 mM EDTA, 500 mM sorbitol, pH 7.4) supplemented with 0.1% (v/v) 2-Mercaptoethanol and Zymolyase (Zymo Research, Irvine, CA) for 25 min at 30°C and 100 rpm shaking. Lysis and RNA purification was then performed using the RNeasy kit (Qiagen, Cat #74104). RNA quality was analyzed to ensure RNA Quality Number >7. Protein-expressing strain RNA libraries were prepared using a 3' DGE method adapted from Soumillon, Cacchiarelli, & Semrau, 2014 and sequenced on an Illumina HiSeq2500 to generate paired reads of 17bp (read1) + 46bp (read2).	
SRR9943259	FAIL(6)	SRX6691807	SAMN12547398	SRP217973	Illumina HiSeq 2500 sequencing: GSM4025668: X33-G12A Komagataella phaffii RNA-Seq				X33-G12A		GSE135665	PRJNA559571	460519	Komagataella phaffii	RNA-Seq	TRANSCRIPTOMIC	cDNA	Illumina HiSeq 2500	109767454	GSM4025668	Comparative genome-scale analysis of Pichia pastoris variants informs selection of an optimal base strain [protein expression]	Illumina HiSeq 2500 sequencing: GSM4025668: X33-G12A Komagataella phaffii RNA-Seq	Cells were first digested in digestion buffer (50 mM EDTA, 500 mM sorbitol, pH 7.4) supplemented with 0.1% (v/v) 2-Mercaptoethanol and Zymolyase (Zymo Research, Irvine, CA) for 25 min at 30°C and 100 rpm shaking. Lysis and RNA purification was then performed using the RNeasy kit (Qiagen, Cat #74104). RNA quality was analyzed to ensure RNA Quality Number >7. Protein-expressing strain RNA libraries were prepared using a 3' DGE method adapted from Soumillon, Cacchiarelli, & Semrau, 2014 and sequenced on an Illumina HiSeq2500 to generate paired reads of 17bp (read1) + 46bp (read2).	
SRR9943260	FAIL(6)	SRX6691808	SAMN12547397	SRP217973	Illumina HiSeq 2500 sequencing: GSM4025669: X33-G12B Komagataella phaffii RNA-Seq				X33-G12B		GSE135665	PRJNA559571	460519	Komagataella phaffii	RNA-Seq	TRANSCRIPTOMIC	cDNA	Illumina HiSeq 2500	101052340	GSM4025669	Comparative genome-scale analysis of Pichia pastoris variants informs selection of an optimal base strain [protein expression]	Illumina HiSeq 2500 sequencing: GSM4025669: X33-G12B Komagataella phaffii RNA-Seq	Cells were first digested in digestion buffer (50 mM EDTA, 500 mM sorbitol, pH 7.4) supplemented with 0.1% (v/v) 2-Mercaptoethanol and Zymolyase (Zymo Research, Irvine, CA) for 25 min at 30°C and 100 rpm shaking. Lysis and RNA purification was then performed using the RNeasy kit (Qiagen, Cat #74104). RNA quality was analyzed to ensure RNA Quality Number >7. Protein-expressing strain RNA libraries were prepared using a 3' DGE method adapted from Soumillon, Cacchiarelli, & Semrau, 2014 and sequenced on an Illumina HiSeq2500 to generate paired reads of 17bp (read1) + 46bp (read2).	
SRR9943266	WARN(5,6,7)	SRX6691814	SAMN12547491	SRP217973	Illumina HiSeq 2500 sequencing: GSM4025675: X33-G16B Komagataella phaffii RNA-Seq				X33-G16B		GSE135665	PRJNA559571	460519	Komagataella phaffii	RNA-Seq	TRANSCRIPTOMIC	cDNA	Illumina HiSeq 2500	154441596	GSM4025675	Comparative genome-scale analysis of Pichia pastoris variants informs selection of an optimal base strain [protein expression]	Illumina HiSeq 2500 sequencing: GSM4025675: X33-G16B Komagataella phaffii RNA-Seq	Cells were first digested in digestion buffer (50 mM EDTA, 500 mM sorbitol, pH 7.4) supplemented with 0.1% (v/v) 2-Mercaptoethanol and Zymolyase (Zymo Research, Irvine, CA) for 25 min at 30°C and 100 rpm shaking. Lysis and RNA purification was then performed using the RNeasy kit (Qiagen, Cat #74104). RNA quality was analyzed to ensure RNA Quality Number >7. Protein-expressing strain RNA libraries were prepared using a 3' DGE method adapted from Soumillon, Cacchiarelli, & Semrau, 2014 and sequenced on an Illumina HiSeq2500 to generate paired reads of 17bp (read1) + 46bp (read2).	
SRR9943268	WARN(1,5,6,7)	SRX6691816	SAMN12547489	SRP217973	Illumina HiSeq 2500 sequencing: GSM4025677: X33-H12A Komagataella phaffii RNA-Seq				X33-H12A		GSE135665	PRJNA559571	460519	Komagataella phaffii	RNA-Seq	TRANSCRIPTOMIC	cDNA	Illumina HiSeq 2500	113120164	GSM4025677	Comparative genome-scale analysis of Pichia pastoris variants informs selection of an optimal base strain [protein expression]	Illumina HiSeq 2500 sequencing: GSM4025677: X33-H12A Komagataella phaffii RNA-Seq	Cells were first digested in digestion buffer (50 mM EDTA, 500 mM sorbitol, pH 7.4) supplemented with 0.1% (v/v) 2-Mercaptoethanol and Zymolyase (Zymo Research, Irvine, CA) for 25 min at 30°C and 100 rpm shaking. Lysis and RNA purification was then performed using the RNeasy kit (Qiagen, Cat #74104). RNA quality was analyzed to ensure RNA Quality Number >7. Protein-expressing strain RNA libraries were prepared using a 3' DGE method adapted from Soumillon, Cacchiarelli, & Semrau, 2014 and sequenced on an Illumina HiSeq2500 to generate paired reads of 17bp (read1) + 46bp (read2).	
SRR9943269	WARN(3,4,5,6,7)	SRX6691817	SAMN12547488	SRP217973	Illumina HiSeq 2500 sequencing: GSM4025678: X33-H12B Komagataella phaffii RNA-Seq				X33-H12B		GSE135665	PRJNA559571	460519	Komagataella phaffii	RNA-Seq	TRANSCRIPTOMIC	cDNA	Illumina HiSeq 2500	125282058	GSM4025678	Comparative genome-scale analysis of Pichia pastoris variants informs selection of an optimal base strain [protein expression]	Illumina HiSeq 2500 sequencing: GSM4025678: X33-H12B Komagataella phaffii RNA-Seq	Cells were first digested in digestion buffer (50 mM EDTA, 500 mM sorbitol, pH 7.4) supplemented with 0.1% (v/v) 2-Mercaptoethanol and Zymolyase (Zymo Research, Irvine, CA) for 25 min at 30°C and 100 rpm shaking. Lysis and RNA purification was then performed using the RNeasy kit (Qiagen, Cat #74104). RNA quality was analyzed to ensure RNA Quality Number >7. Protein-expressing strain RNA libraries were prepared using a 3' DGE method adapted from Soumillon, Cacchiarelli, & Semrau, 2014 and sequenced on an Illumina HiSeq2500 to generate paired reads of 17bp (read1) + 46bp (read2).	
SRR9943270	WARN(1,5,6,7)	SRX6691818	SAMN12547487	SRP217973	Illumina HiSeq 2500 sequencing: GSM4025679: X33-H12C Komagataella phaffii RNA-Seq				X33-H12C		GSE135665	PRJNA559571	460519	Komagataella phaffii	RNA-Seq	TRANSCRIPTOMIC	cDNA	Illumina HiSeq 2500	57116360	GSM4025679	Comparative genome-scale analysis of Pichia pastoris variants informs selection of an optimal base strain [protein expression]	Illumina HiSeq 2500 sequencing: GSM4025679: X33-H12C Komagataella phaffii RNA-Seq	Cells were first digested in digestion buffer (50 mM EDTA, 500 mM sorbitol, pH 7.4) supplemented with 0.1% (v/v) 2-Mercaptoethanol and Zymolyase (Zymo Research, Irvine, CA) for 25 min at 30°C and 100 rpm shaking. Lysis and RNA purification was then performed using the RNeasy kit (Qiagen, Cat #74104). RNA quality was analyzed to ensure RNA Quality Number >7. Protein-expressing strain RNA libraries were prepared using a 3' DGE method adapted from Soumillon, Cacchiarelli, & Semrau, 2014 and sequenced on an Illumina HiSeq2500 to generate paired reads of 17bp (read1) + 46bp (read2).	
SRR9943276	WARN(1,5,6,7)	SRX6691824	SAMN12547481	SRP217973	Illumina HiSeq 2500 sequencing: GSM4025685: X33-H14C Komagataella phaffii RNA-Seq				X33-H14C		GSE135665	PRJNA559571	460519	Komagataella phaffii	RNA-Seq	TRANSCRIPTOMIC	cDNA	Illumina HiSeq 2500	44388850	GSM4025685	Comparative genome-scale analysis of Pichia pastoris variants informs selection of an optimal base strain [protein expression]	Illumina HiSeq 2500 sequencing: GSM4025685: X33-H14C Komagataella phaffii RNA-Seq	Cells were first digested in digestion buffer (50 mM EDTA, 500 mM sorbitol, pH 7.4) supplemented with 0.1% (v/v) 2-Mercaptoethanol and Zymolyase (Zymo Research, Irvine, CA) for 25 min at 30°C and 100 rpm shaking. Lysis and RNA purification was then performed using the RNeasy kit (Qiagen, Cat #74104). RNA quality was analyzed to ensure RNA Quality Number >7. Protein-expressing strain RNA libraries were prepared using a 3' DGE method adapted from Soumillon, Cacchiarelli, & Semrau, 2014 and sequenced on an Illumina HiSeq2500 to generate paired reads of 17bp (read1) + 46bp (read2).	
SRR9943285	PASS	SRX6691833	SAMN12547479	SRP217974	NextSeq 500 sequencing: GSM4025512: GS115.0G_A Komagataella phaffii RNA-Seq				GS115.0G_A		GSE135664	PRJNA559572	460519	Komagataella phaffii	RNA-Seq	TRANSCRIPTOMIC	cDNA	NextSeq 500	236669640	GSM4025512	Comparative genome-scale analysis of Pichia pastoris variants informs selection of an optimal base strain [non-expressing]	NextSeq 500 sequencing: GSM4025512: GS115.0G_A Komagataella phaffii RNA-Seq	Cells were first digested in digestion buffer (50 mM EDTA, 500 mM sorbitol, pH 7.4) supplemented with 0.1% (v/v) 2-Mercaptoethanol and Zymolyase (Zymo Research, Irvine, CA) for 25 min at 30°C and 100 rpm shaking. Lysis and RNA purification was then performed using the RNeasy kit (Qiagen, Cat #74104). RNA quality was analyzed to ensure RNA Quality Number >7. Non-expressing strain RNA libraries were prepared using the KAPA HyperPrep kit (Roche, Basel, SUI) and sequenced on the Illumina NextSeq platform to generate 40-nucleotide paired-end reads.	
SRR9943287	PASS	SRX6691835	SAMN12547480	SRP217974	NextSeq 500 sequencing: GSM4025514: GS115.0G_C Komagataella phaffii RNA-Seq				GS115.0G_C		GSE135664	PRJNA559572	460519	Komagataella phaffii	RNA-Seq	TRANSCRIPTOMIC	cDNA	NextSeq 500	317131760	GSM4025514	Comparative genome-scale analysis of Pichia pastoris variants informs selection of an optimal base strain [non-expressing]	NextSeq 500 sequencing: GSM4025514: GS115.0G_C Komagataella phaffii RNA-Seq	Cells were first digested in digestion buffer (50 mM EDTA, 500 mM sorbitol, pH 7.4) supplemented with 0.1% (v/v) 2-Mercaptoethanol and Zymolyase (Zymo Research, Irvine, CA) for 25 min at 30°C and 100 rpm shaking. Lysis and RNA purification was then performed using the RNeasy kit (Qiagen, Cat #74104). RNA quality was analyzed to ensure RNA Quality Number >7. Non-expressing strain RNA libraries were prepared using the KAPA HyperPrep kit (Roche, Basel, SUI) and sequenced on the Illumina NextSeq platform to generate 40-nucleotide paired-end reads.	
SRR9943290	PASS	SRX6691838	SAMN12547514	SRP217974	NextSeq 500 sequencing: GSM4025517: GS115.24M_A Komagataella phaffii RNA-Seq				GS115.24M_A		GSE135664	PRJNA559572	460519	Komagataella phaffii	RNA-Seq	TRANSCRIPTOMIC	cDNA	NextSeq 500	206058280	GSM4025517	Comparative genome-scale analysis of Pichia pastoris variants informs selection of an optimal base strain [non-expressing]	NextSeq 500 sequencing: GSM4025517: GS115.24M_A Komagataella phaffii RNA-Seq	Cells were first digested in digestion buffer (50 mM EDTA, 500 mM sorbitol, pH 7.4) supplemented with 0.1% (v/v) 2-Mercaptoethanol and Zymolyase (Zymo Research, Irvine, CA) for 25 min at 30°C and 100 rpm shaking. Lysis and RNA purification was then performed using the RNeasy kit (Qiagen, Cat #74104). RNA quality was analyzed to ensure RNA Quality Number >7. Non-expressing strain RNA libraries were prepared using the KAPA HyperPrep kit (Roche, Basel, SUI) and sequenced on the Illumina NextSeq platform to generate 40-nucleotide paired-end reads.	
SRR9943291	PASS	SRX6691839	SAMN12547513	SRP217974	NextSeq 500 sequencing: GSM4025518: GS115.24M_B Komagataella phaffii RNA-Seq				GS115.24M_B		GSE135664	PRJNA559572	460519	Komagataella phaffii	RNA-Seq	TRANSCRIPTOMIC	cDNA	NextSeq 500	284437000	GSM4025518	Comparative genome-scale analysis of Pichia pastoris variants informs selection of an optimal base strain [non-expressing]	NextSeq 500 sequencing: GSM4025518: GS115.24M_B Komagataella phaffii RNA-Seq	Cells were first digested in digestion buffer (50 mM EDTA, 500 mM sorbitol, pH 7.4) supplemented with 0.1% (v/v) 2-Mercaptoethanol and Zymolyase (Zymo Research, Irvine, CA) for 25 min at 30°C and 100 rpm shaking. Lysis and RNA purification was then performed using the RNeasy kit (Qiagen, Cat #74104). RNA quality was analyzed to ensure RNA Quality Number >7. Non-expressing strain RNA libraries were prepared using the KAPA HyperPrep kit (Roche, Basel, SUI) and sequenced on the Illumina NextSeq platform to generate 40-nucleotide paired-end reads.	
SRR9943294	PASS	SRX6691842	SAMN12547510	SRP217974	NextSeq 500 sequencing: GSM4025521: X33.0G_B Komagataella phaffii RNA-Seq				X33.0G_B		GSE135664	PRJNA559572	460519	Komagataella phaffii	RNA-Seq	TRANSCRIPTOMIC	cDNA	NextSeq 500	231846280	GSM4025521	Comparative genome-scale analysis of Pichia pastoris variants informs selection of an optimal base strain [non-expressing]	NextSeq 500 sequencing: GSM4025521: X33.0G_B Komagataella phaffii RNA-Seq	Cells were first digested in digestion buffer (50 mM EDTA, 500 mM sorbitol, pH 7.4) supplemented with 0.1% (v/v) 2-Mercaptoethanol and Zymolyase (Zymo Research, Irvine, CA) for 25 min at 30°C and 100 rpm shaking. Lysis and RNA purification was then performed using the RNeasy kit (Qiagen, Cat #74104). RNA quality was analyzed to ensure RNA Quality Number >7. Non-expressing strain RNA libraries were prepared using the KAPA HyperPrep kit (Roche, Basel, SUI) and sequenced on the Illumina NextSeq platform to generate 40-nucleotide paired-end reads.	
SRR9943296	PASS	SRX6691844	SAMN12547508	SRP217974	Illumina HiSeq 2000 sequencing: GSM4025523: X33.24G_A Komagataella phaffii RNA-Seq				X33.24G_A		GSE135664	PRJNA559572	460519	Komagataella phaffii	RNA-Seq	TRANSCRIPTOMIC	cDNA	Illumina HiSeq 2000	251646080	GSM4025523	Comparative genome-scale analysis of Pichia pastoris variants informs selection of an optimal base strain [non-expressing]	Illumina HiSeq 2000 sequencing: GSM4025523: X33.24G_A Komagataella phaffii RNA-Seq	Cells were first digested in digestion buffer (50 mM EDTA, 500 mM sorbitol, pH 7.4) supplemented with 0.1% (v/v) 2-Mercaptoethanol and Zymolyase (Zymo Research, Irvine, CA) for 25 min at 30°C and 100 rpm shaking. Lysis and RNA purification was then performed using the RNeasy kit (Qiagen, Cat #74104). RNA quality was analyzed to ensure RNA Quality Number >7. Non-expressing strain RNA libraries were prepared using the KAPA HyperPrep kit (Roche, Basel, SUI) and sequenced on the Illumina NextSeq platform to generate 40-nucleotide paired-end reads.	
SRR9943297	PASS	SRX6691845	SAMN12547507	SRP217974	Illumina HiSeq 2000 sequencing: GSM4025524: X33.24G_B Komagataella phaffii RNA-Seq				X33.24G_B		GSE135664	PRJNA559572	460519	Komagataella phaffii	RNA-Seq	TRANSCRIPTOMIC	cDNA	Illumina HiSeq 2000	274474200	GSM4025524	Comparative genome-scale analysis of Pichia pastoris variants informs selection of an optimal base strain [non-expressing]	Illumina HiSeq 2000 sequencing: GSM4025524: X33.24G_B Komagataella phaffii RNA-Seq	Cells were first digested in digestion buffer (50 mM EDTA, 500 mM sorbitol, pH 7.4) supplemented with 0.1% (v/v) 2-Mercaptoethanol and Zymolyase (Zymo Research, Irvine, CA) for 25 min at 30°C and 100 rpm shaking. Lysis and RNA purification was then performed using the RNeasy kit (Qiagen, Cat #74104). RNA quality was analyzed to ensure RNA Quality Number >7. Non-expressing strain RNA libraries were prepared using the KAPA HyperPrep kit (Roche, Basel, SUI) and sequenced on the Illumina NextSeq platform to generate 40-nucleotide paired-end reads.	
SRR9943300	WARN(6)	SRX6691848	SAMN12547504	SRP217974	Illumina HiSeq 2000 sequencing: GSM4025527: X33.24M_B Komagataella phaffii RNA-Seq				X33.24M_B		GSE135664	PRJNA559572	460519	Komagataella phaffii	RNA-Seq	TRANSCRIPTOMIC	cDNA	Illumina HiSeq 2000	211357080	GSM4025527	Comparative genome-scale analysis of Pichia pastoris variants informs selection of an optimal base strain [non-expressing]	Illumina HiSeq 2000 sequencing: GSM4025527: X33.24M_B Komagataella phaffii RNA-Seq	Cells were first digested in digestion buffer (50 mM EDTA, 500 mM sorbitol, pH 7.4) supplemented with 0.1% (v/v) 2-Mercaptoethanol and Zymolyase (Zymo Research, Irvine, CA) for 25 min at 30°C and 100 rpm shaking. Lysis and RNA purification was then performed using the RNeasy kit (Qiagen, Cat #74104). RNA quality was analyzed to ensure RNA Quality Number >7. Non-expressing strain RNA libraries were prepared using the KAPA HyperPrep kit (Roche, Basel, SUI) and sequenced on the Illumina NextSeq platform to generate 40-nucleotide paired-end reads.	
SRR9943304	PASS	SRX6691852	SAMN12547469	SRP217974	NextSeq 500 sequencing: GSM4025531: Y11430.0G_C Komagataella phaffii RNA-Seq				Y11430.0G_C		GSE135664	PRJNA559572	460519	Komagataella phaffii	RNA-Seq	TRANSCRIPTOMIC	cDNA	NextSeq 500	223559320	GSM4025531	Comparative genome-scale analysis of Pichia pastoris variants informs selection of an optimal base strain [non-expressing]	NextSeq 500 sequencing: GSM4025531: Y11430.0G_C Komagataella phaffii RNA-Seq	Cells were first digested in digestion buffer (50 mM EDTA, 500 mM sorbitol, pH 7.4) supplemented with 0.1% (v/v) 2-Mercaptoethanol and Zymolyase (Zymo Research, Irvine, CA) for 25 min at 30°C and 100 rpm shaking. Lysis and RNA purification was then performed using the RNeasy kit (Qiagen, Cat #74104). RNA quality was analyzed to ensure RNA Quality Number >7. Non-expressing strain RNA libraries were prepared using the KAPA HyperPrep kit (Roche, Basel, SUI) and sequenced on the Illumina NextSeq platform to generate 40-nucleotide paired-end reads.	
SRR9943308	PASS	SRX6691856	SAMN12547465	SRP217974	NextSeq 500 sequencing: GSM4025535: Y11430.24G_B Komagataella phaffii RNA-Seq				Y11430.24G_B		GSE135664	PRJNA559572	460519	Komagataella phaffii	RNA-Seq	TRANSCRIPTOMIC	cDNA	NextSeq 500	171070640	GSM4025535	Comparative genome-scale analysis of Pichia pastoris variants informs selection of an optimal base strain [non-expressing]	NextSeq 500 sequencing: GSM4025535: Y11430.24G_B Komagataella phaffii RNA-Seq	Cells were first digested in digestion buffer (50 mM EDTA, 500 mM sorbitol, pH 7.4) supplemented with 0.1% (v/v) 2-Mercaptoethanol and Zymolyase (Zymo Research, Irvine, CA) for 25 min at 30°C and 100 rpm shaking. Lysis and RNA purification was then performed using the RNeasy kit (Qiagen, Cat #74104). RNA quality was analyzed to ensure RNA Quality Number >7. Non-expressing strain RNA libraries were prepared using the KAPA HyperPrep kit (Roche, Basel, SUI) and sequenced on the Illumina NextSeq platform to generate 40-nucleotide paired-end reads.	
SRR9943309	PASS	SRX6691857	SAMN12547464	SRP217974	NextSeq 500 sequencing: GSM4025536: Y11430.24G_C Komagataella phaffii RNA-Seq				Y11430.24G_C		GSE135664	PRJNA559572	460519	Komagataella phaffii	RNA-Seq	TRANSCRIPTOMIC	cDNA	NextSeq 500	159427800	GSM4025536	Comparative genome-scale analysis of Pichia pastoris variants informs selection of an optimal base strain [non-expressing]	NextSeq 500 sequencing: GSM4025536: Y11430.24G_C Komagataella phaffii RNA-Seq	Cells were first digested in digestion buffer (50 mM EDTA, 500 mM sorbitol, pH 7.4) supplemented with 0.1% (v/v) 2-Mercaptoethanol and Zymolyase (Zymo Research, Irvine, CA) for 25 min at 30°C and 100 rpm shaking. Lysis and RNA purification was then performed using the RNeasy kit (Qiagen, Cat #74104). RNA quality was analyzed to ensure RNA Quality Number >7. Non-expressing strain RNA libraries were prepared using the KAPA HyperPrep kit (Roche, Basel, SUI) and sequenced on the Illumina NextSeq platform to generate 40-nucleotide paired-end reads.	
SRR9943311	PASS	SRX6691859	SAMN12547462	SRP217974	NextSeq 500 sequencing: GSM4025538: Y11430.24M_A Komagataella phaffii RNA-Seq				Y11430.24M_A		GSE135664	PRJNA559572	460519	Komagataella phaffii	RNA-Seq	TRANSCRIPTOMIC	cDNA	NextSeq 500	186547120	GSM4025538	Comparative genome-scale analysis of Pichia pastoris variants informs selection of an optimal base strain [non-expressing]	NextSeq 500 sequencing: GSM4025538: Y11430.24M_A Komagataella phaffii RNA-Seq	Cells were first digested in digestion buffer (50 mM EDTA, 500 mM sorbitol, pH 7.4) supplemented with 0.1% (v/v) 2-Mercaptoethanol and Zymolyase (Zymo Research, Irvine, CA) for 25 min at 30°C and 100 rpm shaking. Lysis and RNA purification was then performed using the RNeasy kit (Qiagen, Cat #74104). RNA quality was analyzed to ensure RNA Quality Number >7. Non-expressing strain RNA libraries were prepared using the KAPA HyperPrep kit (Roche, Basel, SUI) and sequenced on the Illumina NextSeq platform to generate 40-nucleotide paired-end reads.	
SRR9943312	PASS	SRX6691860	SAMN12547461	SRP217974	NextSeq 500 sequencing: GSM4025539: Y11430.24M_B Komagataella phaffii RNA-Seq				Y11430.24M_B		GSE135664	PRJNA559572	460519	Komagataella phaffii	RNA-Seq	TRANSCRIPTOMIC	cDNA	NextSeq 500	202300040	GSM4025539	Comparative genome-scale analysis of Pichia pastoris variants informs selection of an optimal base strain [non-expressing]	NextSeq 500 sequencing: GSM4025539: Y11430.24M_B Komagataella phaffii RNA-Seq	Cells were first digested in digestion buffer (50 mM EDTA, 500 mM sorbitol, pH 7.4) supplemented with 0.1% (v/v) 2-Mercaptoethanol and Zymolyase (Zymo Research, Irvine, CA) for 25 min at 30°C and 100 rpm shaking. Lysis and RNA purification was then performed using the RNeasy kit (Qiagen, Cat #74104). RNA quality was analyzed to ensure RNA Quality Number >7. Non-expressing strain RNA libraries were prepared using the KAPA HyperPrep kit (Roche, Basel, SUI) and sequenced on the Illumina NextSeq platform to generate 40-nucleotide paired-end reads.	
SRR9943316	PASS	SRX6691864	SAMN12547457	SRP217974	NextSeq 500 sequencing: GSM4025543: Y11430.24M_F Komagataella phaffii RNA-Seq				Y11430.24M_F		GSE135664	PRJNA559572	460519	Komagataella phaffii	RNA-Seq	TRANSCRIPTOMIC	cDNA	NextSeq 500	189021200	GSM4025543	Comparative genome-scale analysis of Pichia pastoris variants informs selection of an optimal base strain [non-expressing]	NextSeq 500 sequencing: GSM4025543: Y11430.24M_F Komagataella phaffii RNA-Seq	Cells were first digested in digestion buffer (50 mM EDTA, 500 mM sorbitol, pH 7.4) supplemented with 0.1% (v/v) 2-Mercaptoethanol and Zymolyase (Zymo Research, Irvine, CA) for 25 min at 30°C and 100 rpm shaking. Lysis and RNA purification was then performed using the RNeasy kit (Qiagen, Cat #74104). RNA quality was analyzed to ensure RNA Quality Number >7. Non-expressing strain RNA libraries were prepared using the KAPA HyperPrep kit (Roche, Basel, SUI) and sequenced on the Illumina NextSeq platform to generate 40-nucleotide paired-end reads.	
SRR9943318	PASS	SRX6691866	SAMN12547455	SRP217974	NextSeq 500 sequencing: GSM4025545: Y12729.0G_A Komagataella phaffii RNA-Seq				Y12729.0G_A		GSE135664	PRJNA559572	460519	Komagataella phaffii	RNA-Seq	TRANSCRIPTOMIC	cDNA	NextSeq 500	228039400	GSM4025545	Comparative genome-scale analysis of Pichia pastoris variants informs selection of an optimal base strain [non-expressing]	NextSeq 500 sequencing: GSM4025545: Y12729.0G_A Komagataella phaffii RNA-Seq	Cells were first digested in digestion buffer (50 mM EDTA, 500 mM sorbitol, pH 7.4) supplemented with 0.1% (v/v) 2-Mercaptoethanol and Zymolyase (Zymo Research, Irvine, CA) for 25 min at 30°C and 100 rpm shaking. Lysis and RNA purification was then performed using the RNeasy kit (Qiagen, Cat #74104). RNA quality was analyzed to ensure RNA Quality Number >7. Non-expressing strain RNA libraries were prepared using the KAPA HyperPrep kit (Roche, Basel, SUI) and sequenced on the Illumina NextSeq platform to generate 40-nucleotide paired-end reads.	
SRR9943321	WARN(6)	SRX6691869	SAMN12547452	SRP217974	NextSeq 500 sequencing: GSM4025548: Y12729.24G_A Komagataella phaffii RNA-Seq				Y12729.24G_A		GSE135664	PRJNA559572	460519	Komagataella phaffii	RNA-Seq	TRANSCRIPTOMIC	cDNA	NextSeq 500	205172800	GSM4025548	Comparative genome-scale analysis of Pichia pastoris variants informs selection of an optimal base strain [non-expressing]	NextSeq 500 sequencing: GSM4025548: Y12729.24G_A Komagataella phaffii RNA-Seq	Cells were first digested in digestion buffer (50 mM EDTA, 500 mM sorbitol, pH 7.4) supplemented with 0.1% (v/v) 2-Mercaptoethanol and Zymolyase (Zymo Research, Irvine, CA) for 25 min at 30°C and 100 rpm shaking. Lysis and RNA purification was then performed using the RNeasy kit (Qiagen, Cat #74104). RNA quality was analyzed to ensure RNA Quality Number >7. Non-expressing strain RNA libraries were prepared using the KAPA HyperPrep kit (Roche, Basel, SUI) and sequenced on the Illumina NextSeq platform to generate 40-nucleotide paired-end reads.	
SRR9943323	WARN(1,5,7)	SRX6691871	SAMN12547500	SRP217974	NextSeq 500 sequencing: GSM4025550: Y12729.24G_D Komagataella phaffii RNA-Seq				Y12729.24G_D		GSE135664	PRJNA559572	460519	Komagataella phaffii	RNA-Seq	TRANSCRIPTOMIC	cDNA	NextSeq 500	36425800	GSM4025550	Comparative genome-scale analysis of Pichia pastoris variants informs selection of an optimal base strain [non-expressing]	NextSeq 500 sequencing: GSM4025550: Y12729.24G_D Komagataella phaffii RNA-Seq	Cells were first digested in digestion buffer (50 mM EDTA, 500 mM sorbitol, pH 7.4) supplemented with 0.1% (v/v) 2-Mercaptoethanol and Zymolyase (Zymo Research, Irvine, CA) for 25 min at 30°C and 100 rpm shaking. Lysis and RNA purification was then performed using the RNeasy kit (Qiagen, Cat #74104). RNA quality was analyzed to ensure RNA Quality Number >7. Non-expressing strain RNA libraries were prepared using the KAPA HyperPrep kit (Roche, Basel, SUI) and sequenced on the Illumina NextSeq platform to generate 40-nucleotide paired-end reads.	
SRR9943324	WARN(5,7)	SRX6691872	SAMN12547499	SRP217974	NextSeq 500 sequencing: GSM4025551: Y12729.24M_A Komagataella phaffii RNA-Seq				Y12729.24M_A		GSE135664	PRJNA559572	460519	Komagataella phaffii	RNA-Seq	TRANSCRIPTOMIC	cDNA	NextSeq 500	146188520	GSM4025551	Comparative genome-scale analysis of Pichia pastoris variants informs selection of an optimal base strain [non-expressing]	NextSeq 500 sequencing: GSM4025551: Y12729.24M_A Komagataella phaffii RNA-Seq	Cells were first digested in digestion buffer (50 mM EDTA, 500 mM sorbitol, pH 7.4) supplemented with 0.1% (v/v) 2-Mercaptoethanol and Zymolyase (Zymo Research, Irvine, CA) for 25 min at 30°C and 100 rpm shaking. Lysis and RNA purification was then performed using the RNeasy kit (Qiagen, Cat #74104). RNA quality was analyzed to ensure RNA Quality Number >7. Non-expressing strain RNA libraries were prepared using the KAPA HyperPrep kit (Roche, Basel, SUI) and sequenced on the Illumina NextSeq platform to generate 40-nucleotide paired-end reads.	
SRR9943326	PASS	SRX6691874	SAMN12547497	SRP217974	NextSeq 500 sequencing: GSM4025553: Y12729.24M_C Komagataella phaffii RNA-Seq				Y12729.24M_C		GSE135664	PRJNA559572	460519	Komagataella phaffii	RNA-Seq	TRANSCRIPTOMIC	cDNA	NextSeq 500	179009200	GSM4025553	Comparative genome-scale analysis of Pichia pastoris variants informs selection of an optimal base strain [non-expressing]	NextSeq 500 sequencing: GSM4025553: Y12729.24M_C Komagataella phaffii RNA-Seq	Cells were first digested in digestion buffer (50 mM EDTA, 500 mM sorbitol, pH 7.4) supplemented with 0.1% (v/v) 2-Mercaptoethanol and Zymolyase (Zymo Research, Irvine, CA) for 25 min at 30°C and 100 rpm shaking. Lysis and RNA purification was then performed using the RNeasy kit (Qiagen, Cat #74104). RNA quality was analyzed to ensure RNA Quality Number >7. Non-expressing strain RNA libraries were prepared using the KAPA HyperPrep kit (Roche, Basel, SUI) and sequenced on the Illumina NextSeq platform to generate 40-nucleotide paired-end reads.	
SRR9943328	PASS	SRX6691876	SAMN12547495	SRP217974	NextSeq 500 sequencing: GSM4025555: Y17741.0G_B Komagataella phaffii RNA-Seq				Y17741.0G_B		GSE135664	PRJNA559572	460519	Komagataella phaffii	RNA-Seq	TRANSCRIPTOMIC	cDNA	NextSeq 500	195186920	GSM4025555	Comparative genome-scale analysis of Pichia pastoris variants informs selection of an optimal base strain [non-expressing]	NextSeq 500 sequencing: GSM4025555: Y17741.0G_B Komagataella phaffii RNA-Seq	Cells were first digested in digestion buffer (50 mM EDTA, 500 mM sorbitol, pH 7.4) supplemented with 0.1% (v/v) 2-Mercaptoethanol and Zymolyase (Zymo Research, Irvine, CA) for 25 min at 30°C and 100 rpm shaking. Lysis and RNA purification was then performed using the RNeasy kit (Qiagen, Cat #74104). RNA quality was analyzed to ensure RNA Quality Number >7. Non-expressing strain RNA libraries were prepared using the KAPA HyperPrep kit (Roche, Basel, SUI) and sequenced on the Illumina NextSeq platform to generate 40-nucleotide paired-end reads.	
SRR9943330	WARN(7)	SRX6691878	SAMN12547493	SRP217974	NextSeq 500 sequencing: GSM4025557: Y17741.24G_B Komagataella phaffii RNA-Seq				Y17741.24G_B		GSE135664	PRJNA559572	460519	Komagataella phaffii	RNA-Seq	TRANSCRIPTOMIC	cDNA	NextSeq 500	148528560	GSM4025557	Comparative genome-scale analysis of Pichia pastoris variants informs selection of an optimal base strain [non-expressing]	NextSeq 500 sequencing: GSM4025557: Y17741.24G_B Komagataella phaffii RNA-Seq	Cells were first digested in digestion buffer (50 mM EDTA, 500 mM sorbitol, pH 7.4) supplemented with 0.1% (v/v) 2-Mercaptoethanol and Zymolyase (Zymo Research, Irvine, CA) for 25 min at 30°C and 100 rpm shaking. Lysis and RNA purification was then performed using the RNeasy kit (Qiagen, Cat #74104). RNA quality was analyzed to ensure RNA Quality Number >7. Non-expressing strain RNA libraries were prepared using the KAPA HyperPrep kit (Roche, Basel, SUI) and sequenced on the Illumina NextSeq platform to generate 40-nucleotide paired-end reads.	
SRR9943331	WARN(1,5,7)	SRX6691879	SAMN12547568	SRP217974	NextSeq 500 sequencing: GSM4025558: Y17741.24G_D Komagataella phaffii RNA-Seq				Y17741.24G_D		GSE135664	PRJNA559572	460519	Komagataella phaffii	RNA-Seq	TRANSCRIPTOMIC	cDNA	NextSeq 500	40211520	GSM4025558	Comparative genome-scale analysis of Pichia pastoris variants informs selection of an optimal base strain [non-expressing]	NextSeq 500 sequencing: GSM4025558: Y17741.24G_D Komagataella phaffii RNA-Seq	Cells were first digested in digestion buffer (50 mM EDTA, 500 mM sorbitol, pH 7.4) supplemented with 0.1% (v/v) 2-Mercaptoethanol and Zymolyase (Zymo Research, Irvine, CA) for 25 min at 30°C and 100 rpm shaking. Lysis and RNA purification was then performed using the RNeasy kit (Qiagen, Cat #74104). RNA quality was analyzed to ensure RNA Quality Number >7. Non-expressing strain RNA libraries were prepared using the KAPA HyperPrep kit (Roche, Basel, SUI) and sequenced on the Illumina NextSeq platform to generate 40-nucleotide paired-end reads.	
SRR9943332	PASS	SRX6691880	SAMN12547567	SRP217974	NextSeq 500 sequencing: GSM4025559: Y17741.24M_A Komagataella phaffii RNA-Seq				Y17741.24M_A		GSE135664	PRJNA559572	460519	Komagataella phaffii	RNA-Seq	TRANSCRIPTOMIC	cDNA	NextSeq 500	179417080	GSM4025559	Comparative genome-scale analysis of Pichia pastoris variants informs selection of an optimal base strain [non-expressing]	NextSeq 500 sequencing: GSM4025559: Y17741.24M_A Komagataella phaffii RNA-Seq	Cells were first digested in digestion buffer (50 mM EDTA, 500 mM sorbitol, pH 7.4) supplemented with 0.1% (v/v) 2-Mercaptoethanol and Zymolyase (Zymo Research, Irvine, CA) for 25 min at 30°C and 100 rpm shaking. Lysis and RNA purification was then performed using the RNeasy kit (Qiagen, Cat #74104). RNA quality was analyzed to ensure RNA Quality Number >7. Non-expressing strain RNA libraries were prepared using the KAPA HyperPrep kit (Roche, Basel, SUI) and sequenced on the Illumina NextSeq platform to generate 40-nucleotide paired-end reads.	
SRR9943333	PASS	SRX6691881	SAMN12547554	SRP217974	NextSeq 500 sequencing: GSM4025560: Y17741.24M_B Komagataella phaffii RNA-Seq				Y17741.24M_B		GSE135664	PRJNA559572	460519	Komagataella phaffii	RNA-Seq	TRANSCRIPTOMIC	cDNA	NextSeq 500	222520280	GSM4025560	Comparative genome-scale analysis of Pichia pastoris variants informs selection of an optimal base strain [non-expressing]	NextSeq 500 sequencing: GSM4025560: Y17741.24M_B Komagataella phaffii RNA-Seq	Cells were first digested in digestion buffer (50 mM EDTA, 500 mM sorbitol, pH 7.4) supplemented with 0.1% (v/v) 2-Mercaptoethanol and Zymolyase (Zymo Research, Irvine, CA) for 25 min at 30°C and 100 rpm shaking. Lysis and RNA purification was then performed using the RNeasy kit (Qiagen, Cat #74104). RNA quality was analyzed to ensure RNA Quality Number >7. Non-expressing strain RNA libraries were prepared using the KAPA HyperPrep kit (Roche, Basel, SUI) and sequenced on the Illumina NextSeq platform to generate 40-nucleotide paired-end reads.	
SRR9943336	PASS	SRX6691884	SAMN12547551	SRP217974	NextSeq 500 sequencing: GSM4025563: Y48123.0G_A Komagataella phaffii RNA-Seq				Y48123.0G_A		GSE135664	PRJNA559572	460519	Komagataella phaffii	RNA-Seq	TRANSCRIPTOMIC	cDNA	NextSeq 500	251650000	GSM4025563	Comparative genome-scale analysis of Pichia pastoris variants informs selection of an optimal base strain [non-expressing]	NextSeq 500 sequencing: GSM4025563: Y48123.0G_A Komagataella phaffii RNA-Seq	Cells were first digested in digestion buffer (50 mM EDTA, 500 mM sorbitol, pH 7.4) supplemented with 0.1% (v/v) 2-Mercaptoethanol and Zymolyase (Zymo Research, Irvine, CA) for 25 min at 30°C and 100 rpm shaking. Lysis and RNA purification was then performed using the RNeasy kit (Qiagen, Cat #74104). RNA quality was analyzed to ensure RNA Quality Number >7. Non-expressing strain RNA libraries were prepared using the KAPA HyperPrep kit (Roche, Basel, SUI) and sequenced on the Illumina NextSeq platform to generate 40-nucleotide paired-end reads.	
SRR9943342	WARN(7)	SRX6691890	SAMN12547545	SRP217974	NextSeq 500 sequencing: GSM4025569: Y48123.24M_C Komagataella phaffii RNA-Seq				Y48123.24M_C		GSE135664	PRJNA559572	460519	Komagataella phaffii	RNA-Seq	TRANSCRIPTOMIC	cDNA	NextSeq 500	164124960	GSM4025569	Comparative genome-scale analysis of Pichia pastoris variants informs selection of an optimal base strain [non-expressing]	NextSeq 500 sequencing: GSM4025569: Y48123.24M_C Komagataella phaffii RNA-Seq	Cells were first digested in digestion buffer (50 mM EDTA, 500 mM sorbitol, pH 7.4) supplemented with 0.1% (v/v) 2-Mercaptoethanol and Zymolyase (Zymo Research, Irvine, CA) for 25 min at 30°C and 100 rpm shaking. Lysis and RNA purification was then performed using the RNeasy kit (Qiagen, Cat #74104). RNA quality was analyzed to ensure RNA Quality Number >7. Non-expressing strain RNA libraries were prepared using the KAPA HyperPrep kit (Roche, Basel, SUI) and sequenced on the Illumina NextSeq platform to generate 40-nucleotide paired-end reads.	
SRR9943343	PASS	SRX6691891	SAMN12547544	SRP217974	NextSeq 500 sequencing: GSM4025570: Y48123.24M_D Komagataella phaffii RNA-Seq				Y48123.24M_D		GSE135664	PRJNA559572	460519	Komagataella phaffii	RNA-Seq	TRANSCRIPTOMIC	cDNA	NextSeq 500	153646640	GSM4025570	Comparative genome-scale analysis of Pichia pastoris variants informs selection of an optimal base strain [non-expressing]	NextSeq 500 sequencing: GSM4025570: Y48123.24M_D Komagataella phaffii RNA-Seq	Cells were first digested in digestion buffer (50 mM EDTA, 500 mM sorbitol, pH 7.4) supplemented with 0.1% (v/v) 2-Mercaptoethanol and Zymolyase (Zymo Research, Irvine, CA) for 25 min at 30°C and 100 rpm shaking. Lysis and RNA purification was then performed using the RNeasy kit (Qiagen, Cat #74104). RNA quality was analyzed to ensure RNA Quality Number >7. Non-expressing strain RNA libraries were prepared using the KAPA HyperPrep kit (Roche, Basel, SUI) and sequenced on the Illumina NextSeq platform to generate 40-nucleotide paired-end reads.	
SRR9943345	PASS	SRX6691893	SAMN12547572	SRP217974	NextSeq 500 sequencing: GSM4025572: Y48124.0G_B Komagataella phaffii RNA-Seq				Y48124.0G_B		GSE135664	PRJNA559572	460519	Komagataella phaffii	RNA-Seq	TRANSCRIPTOMIC	cDNA	NextSeq 500	225102640	GSM4025572	Comparative genome-scale analysis of Pichia pastoris variants informs selection of an optimal base strain [non-expressing]	NextSeq 500 sequencing: GSM4025572: Y48124.0G_B Komagataella phaffii RNA-Seq	Cells were first digested in digestion buffer (50 mM EDTA, 500 mM sorbitol, pH 7.4) supplemented with 0.1% (v/v) 2-Mercaptoethanol and Zymolyase (Zymo Research, Irvine, CA) for 25 min at 30°C and 100 rpm shaking. Lysis and RNA purification was then performed using the RNeasy kit (Qiagen, Cat #74104). RNA quality was analyzed to ensure RNA Quality Number >7. Non-expressing strain RNA libraries were prepared using the KAPA HyperPrep kit (Roche, Basel, SUI) and sequenced on the Illumina NextSeq platform to generate 40-nucleotide paired-end reads.	
SRR9943349	WARN(1,5,7)	SRX6691897	SAMN12547566	SRP217974	NextSeq 500 sequencing: GSM4025576: Y48124.24G_D Komagataella phaffii RNA-Seq				Y48124.24G_D		GSE135664	PRJNA559572	460519	Komagataella phaffii	RNA-Seq	TRANSCRIPTOMIC	cDNA	NextSeq 500	76295640	GSM4025576	Comparative genome-scale analysis of Pichia pastoris variants informs selection of an optimal base strain [non-expressing]	NextSeq 500 sequencing: GSM4025576: Y48124.24G_D Komagataella phaffii RNA-Seq	Cells were first digested in digestion buffer (50 mM EDTA, 500 mM sorbitol, pH 7.4) supplemented with 0.1% (v/v) 2-Mercaptoethanol and Zymolyase (Zymo Research, Irvine, CA) for 25 min at 30°C and 100 rpm shaking. Lysis and RNA purification was then performed using the RNeasy kit (Qiagen, Cat #74104). RNA quality was analyzed to ensure RNA Quality Number >7. Non-expressing strain RNA libraries were prepared using the KAPA HyperPrep kit (Roche, Basel, SUI) and sequenced on the Illumina NextSeq platform to generate 40-nucleotide paired-end reads.	
SRR9943357	PASS	SRX6691905	SAMN12547558	SRP217974	NextSeq 500 sequencing: GSM4025584: Y7556.24G_C Komagataella phaffii RNA-Seq				Y7556.24G_C		GSE135664	PRJNA559572	460519	Komagataella phaffii	RNA-Seq	TRANSCRIPTOMIC	cDNA	NextSeq 500	203118840	GSM4025584	Comparative genome-scale analysis of Pichia pastoris variants informs selection of an optimal base strain [non-expressing]	NextSeq 500 sequencing: GSM4025584: Y7556.24G_C Komagataella phaffii RNA-Seq	Cells were first digested in digestion buffer (50 mM EDTA, 500 mM sorbitol, pH 7.4) supplemented with 0.1% (v/v) 2-Mercaptoethanol and Zymolyase (Zymo Research, Irvine, CA) for 25 min at 30°C and 100 rpm shaking. Lysis and RNA purification was then performed using the RNeasy kit (Qiagen, Cat #74104). RNA quality was analyzed to ensure RNA Quality Number >7. Non-expressing strain RNA libraries were prepared using the KAPA HyperPrep kit (Roche, Basel, SUI) and sequenced on the Illumina NextSeq platform to generate 40-nucleotide paired-end reads.	
SRR9943359	PASS	SRX6691907	SAMN12547556	SRP217974	NextSeq 500 sequencing: GSM4025586: Y7556.24M_B Komagataella phaffii RNA-Seq				Y7556.24M_B		GSE135664	PRJNA559572	460519	Komagataella phaffii	RNA-Seq	TRANSCRIPTOMIC	cDNA	NextSeq 500	227184560	GSM4025586	Comparative genome-scale analysis of Pichia pastoris variants informs selection of an optimal base strain [non-expressing]	NextSeq 500 sequencing: GSM4025586: Y7556.24M_B Komagataella phaffii RNA-Seq	Cells were first digested in digestion buffer (50 mM EDTA, 500 mM sorbitol, pH 7.4) supplemented with 0.1% (v/v) 2-Mercaptoethanol and Zymolyase (Zymo Research, Irvine, CA) for 25 min at 30°C and 100 rpm shaking. Lysis and RNA purification was then performed using the RNeasy kit (Qiagen, Cat #74104). RNA quality was analyzed to ensure RNA Quality Number >7. Non-expressing strain RNA libraries were prepared using the KAPA HyperPrep kit (Roche, Basel, SUI) and sequenced on the Illumina NextSeq platform to generate 40-nucleotide paired-end reads.	
SRR9943364	PASS	SRX6691912	SAMN12547539	SRP217974	NextSeq 500 sequencing: GSM4025591: YB378.24G_A Komagataella phaffii RNA-Seq				YB378.24G_A		GSE135664	PRJNA559572	460519	Komagataella phaffii	RNA-Seq	TRANSCRIPTOMIC	cDNA	NextSeq 500	210665200	GSM4025591	Comparative genome-scale analysis of Pichia pastoris variants informs selection of an optimal base strain [non-expressing]	NextSeq 500 sequencing: GSM4025591: YB378.24G_A Komagataella phaffii RNA-Seq	Cells were first digested in digestion buffer (50 mM EDTA, 500 mM sorbitol, pH 7.4) supplemented with 0.1% (v/v) 2-Mercaptoethanol and Zymolyase (Zymo Research, Irvine, CA) for 25 min at 30°C and 100 rpm shaking. Lysis and RNA purification was then performed using the RNeasy kit (Qiagen, Cat #74104). RNA quality was analyzed to ensure RNA Quality Number >7. Non-expressing strain RNA libraries were prepared using the KAPA HyperPrep kit (Roche, Basel, SUI) and sequenced on the Illumina NextSeq platform to generate 40-nucleotide paired-end reads.	
SRR9943367	PASS	SRX6691915	SAMN12547536	SRP217974	NextSeq 500 sequencing: GSM4025594: YB378.24M_A Komagataella phaffii RNA-Seq				YB378.24M_A		GSE135664	PRJNA559572	460519	Komagataella phaffii	RNA-Seq	TRANSCRIPTOMIC	cDNA	NextSeq 500	196543560	GSM4025594	Comparative genome-scale analysis of Pichia pastoris variants informs selection of an optimal base strain [non-expressing]	NextSeq 500 sequencing: GSM4025594: YB378.24M_A Komagataella phaffii RNA-Seq	Cells were first digested in digestion buffer (50 mM EDTA, 500 mM sorbitol, pH 7.4) supplemented with 0.1% (v/v) 2-Mercaptoethanol and Zymolyase (Zymo Research, Irvine, CA) for 25 min at 30°C and 100 rpm shaking. Lysis and RNA purification was then performed using the RNeasy kit (Qiagen, Cat #74104). RNA quality was analyzed to ensure RNA Quality Number >7. Non-expressing strain RNA libraries were prepared using the KAPA HyperPrep kit (Roche, Basel, SUI) and sequenced on the Illumina NextSeq platform to generate 40-nucleotide paired-end reads.	
SRR9943368	PASS	SRX6691916	SAMN12547535	SRP217974	NextSeq 500 sequencing: GSM4025595: YB378.24M_B Komagataella phaffii RNA-Seq				YB378.24M_B		GSE135664	PRJNA559572	460519	Komagataella phaffii	RNA-Seq	TRANSCRIPTOMIC	cDNA	NextSeq 500	254656040	GSM4025595	Comparative genome-scale analysis of Pichia pastoris variants informs selection of an optimal base strain [non-expressing]	NextSeq 500 sequencing: GSM4025595: YB378.24M_B Komagataella phaffii RNA-Seq	Cells were first digested in digestion buffer (50 mM EDTA, 500 mM sorbitol, pH 7.4) supplemented with 0.1% (v/v) 2-Mercaptoethanol and Zymolyase (Zymo Research, Irvine, CA) for 25 min at 30°C and 100 rpm shaking. Lysis and RNA purification was then performed using the RNeasy kit (Qiagen, Cat #74104). RNA quality was analyzed to ensure RNA Quality Number >7. Non-expressing strain RNA libraries were prepared using the KAPA HyperPrep kit (Roche, Basel, SUI) and sequenced on the Illumina NextSeq platform to generate 40-nucleotide paired-end reads.	
SRR9943372	PASS	SRX6691920	SAMN12547531	SRP217974	NextSeq 500 sequencing: GSM4025599: YB4289.24G_A Komagataella phaffii RNA-Seq				YB4289.24G_A		GSE135664	PRJNA559572	460519	Komagataella phaffii	RNA-Seq	TRANSCRIPTOMIC	cDNA	NextSeq 500	201286400	GSM4025599	Comparative genome-scale analysis of Pichia pastoris variants informs selection of an optimal base strain [non-expressing]	NextSeq 500 sequencing: GSM4025599: YB4289.24G_A Komagataella phaffii RNA-Seq	Cells were first digested in digestion buffer (50 mM EDTA, 500 mM sorbitol, pH 7.4) supplemented with 0.1% (v/v) 2-Mercaptoethanol and Zymolyase (Zymo Research, Irvine, CA) for 25 min at 30°C and 100 rpm shaking. Lysis and RNA purification was then performed using the RNeasy kit (Qiagen, Cat #74104). RNA quality was analyzed to ensure RNA Quality Number >7. Non-expressing strain RNA libraries were prepared using the KAPA HyperPrep kit (Roche, Basel, SUI) and sequenced on the Illumina NextSeq platform to generate 40-nucleotide paired-end reads.	
SRR9943373	PASS	SRX6691921	SAMN12547530	SRP217974	NextSeq 500 sequencing: GSM4025600: YB4289.24G_B Komagataella phaffii RNA-Seq				YB4289.24G_B		GSE135664	PRJNA559572	460519	Komagataella phaffii	RNA-Seq	TRANSCRIPTOMIC	cDNA	NextSeq 500	171285160	GSM4025600	Comparative genome-scale analysis of Pichia pastoris variants informs selection of an optimal base strain [non-expressing]	NextSeq 500 sequencing: GSM4025600: YB4289.24G_B Komagataella phaffii RNA-Seq	Cells were first digested in digestion buffer (50 mM EDTA, 500 mM sorbitol, pH 7.4) supplemented with 0.1% (v/v) 2-Mercaptoethanol and Zymolyase (Zymo Research, Irvine, CA) for 25 min at 30°C and 100 rpm shaking. Lysis and RNA purification was then performed using the RNeasy kit (Qiagen, Cat #74104). RNA quality was analyzed to ensure RNA Quality Number >7. Non-expressing strain RNA libraries were prepared using the KAPA HyperPrep kit (Roche, Basel, SUI) and sequenced on the Illumina NextSeq platform to generate 40-nucleotide paired-end reads.	
SRR9943375	PASS	SRX6691923	SAMN12547528	SRP217974	NextSeq 500 sequencing: GSM4025602: YB4289.24M_A Komagataella phaffii RNA-Seq				YB4289.24M_A		GSE135664	PRJNA559572	460519	Komagataella phaffii	RNA-Seq	TRANSCRIPTOMIC	cDNA	NextSeq 500	219989160	GSM4025602	Comparative genome-scale analysis of Pichia pastoris variants informs selection of an optimal base strain [non-expressing]	NextSeq 500 sequencing: GSM4025602: YB4289.24M_A Komagataella phaffii RNA-Seq	Cells were first digested in digestion buffer (50 mM EDTA, 500 mM sorbitol, pH 7.4) supplemented with 0.1% (v/v) 2-Mercaptoethanol and Zymolyase (Zymo Research, Irvine, CA) for 25 min at 30°C and 100 rpm shaking. Lysis and RNA purification was then performed using the RNeasy kit (Qiagen, Cat #74104). RNA quality was analyzed to ensure RNA Quality Number >7. Non-expressing strain RNA libraries were prepared using the KAPA HyperPrep kit (Roche, Basel, SUI) and sequenced on the Illumina NextSeq platform to generate 40-nucleotide paired-end reads.	
SRR9943377	WARN(1,5,7)	SRX6691925	SAMN12547526	SRP217974	NextSeq 500 sequencing: GSM4025604: YB4289.24M_C Komagataella phaffii RNA-Seq				YB4289.24M_C		GSE135664	PRJNA559572	460519	Komagataella phaffii	RNA-Seq	TRANSCRIPTOMIC	cDNA	NextSeq 500	25844880	GSM4025604	Comparative genome-scale analysis of Pichia pastoris variants informs selection of an optimal base strain [non-expressing]	NextSeq 500 sequencing: GSM4025604: YB4289.24M_C Komagataella phaffii RNA-Seq	Cells were first digested in digestion buffer (50 mM EDTA, 500 mM sorbitol, pH 7.4) supplemented with 0.1% (v/v) 2-Mercaptoethanol and Zymolyase (Zymo Research, Irvine, CA) for 25 min at 30°C and 100 rpm shaking. Lysis and RNA purification was then performed using the RNeasy kit (Qiagen, Cat #74104). RNA quality was analyzed to ensure RNA Quality Number >7. Non-expressing strain RNA libraries were prepared using the KAPA HyperPrep kit (Roche, Basel, SUI) and sequenced on the Illumina NextSeq platform to generate 40-nucleotide paired-end reads.	
SRR9943381	PASS	SRX6691929	SAMN12547522	SRP217974	NextSeq 500 sequencing: GSM4025608: YB4290.24G_A Komagataella phaffii RNA-Seq				YB4290.24G_A		GSE135664	PRJNA559572	460519	Komagataella phaffii	RNA-Seq	TRANSCRIPTOMIC	cDNA	NextSeq 500	174876320	GSM4025608	Comparative genome-scale analysis of Pichia pastoris variants informs selection of an optimal base strain [non-expressing]	NextSeq 500 sequencing: GSM4025608: YB4290.24G_A Komagataella phaffii RNA-Seq	Cells were first digested in digestion buffer (50 mM EDTA, 500 mM sorbitol, pH 7.4) supplemented with 0.1% (v/v) 2-Mercaptoethanol and Zymolyase (Zymo Research, Irvine, CA) for 25 min at 30°C and 100 rpm shaking. Lysis and RNA purification was then performed using the RNeasy kit (Qiagen, Cat #74104). RNA quality was analyzed to ensure RNA Quality Number >7. Non-expressing strain RNA libraries were prepared using the KAPA HyperPrep kit (Roche, Basel, SUI) and sequenced on the Illumina NextSeq platform to generate 40-nucleotide paired-end reads.	
SRR14237551	FAIL(7)	SRX10600437	SAMN18740767	SRP314811	Illumina MiSeq sequencing: GSM5240794: exp020821 engRBD rep 4 Komagataella phaffii RNA-Seq				exp020821 engRBD rep 4		GSE172054	PRJNA721898	460519	Komagataella phaffii	RNA-Seq	TRANSCRIPTOMIC	cDNA	Illumina MiSeq	33932232	GSM5240794	Engineered SARS-CoV-2 receptor binding domain improves manufacturability in yeast and immunogenicity in mice	Illumina MiSeq sequencing: GSM5240794: exp020821 engRBD rep 4 Komagataella phaffii RNA-Seq	RNA was extracted and purified according to the Qiagen RNeasy kit (cat #74104) and RNA quality was analyzed to ensure RNA Quality Number >6.5. 3'DGE Nextera	
SRR15713835	WARN(1,5,6,7)	SRX12009399	SAMN21216918	SRP335592	NextSeq 500 sequencing: GSM5556941: Mit1Sorb rep1 Komagataella phaffii RNA-Seq				Mit1Sorb rep1		GSE183408	PRJNA760524	460519	Komagataella phaffii	RNA-Seq	TRANSCRIPTOMIC	cDNA	NextSeq 500	36916110	GSM5556941	Scalable, methanol-free manufacturing of the SARS-CoV-2 receptor binding domain in engineered Komagataella phaffii	NextSeq 500 sequencing: GSM5556941: Mit1Sorb rep1 Komagataella phaffii RNA-Seq	RNA was extracted and purified according to the Qiagen RNeasy kit (cat #74104) and RNA quality was analyzed to ensure RNA Quality Number >6.5. 3'DGE Nextera	
SRR10303419	PASS	SRX7016037	SAMN13051731	SRP226114	Illumina HiSeq 4000 sequencing: GSM4128505: RNAseq_3A1.3L_s1 Komagataella phaffii RNA-Seq				RNAseq_3A1.3L_s1		GSE139060	PRJNA578165	460519	Komagataella phaffii	RNA-Seq	TRANSCRIPTOMIC	cDNA	Illumina HiSeq 4000	2458787800	GSM4128505	De novo methylaton of the unmethylated K. phaffii genome by human DNA methyltransferases (DNMTs) [RNA-seq]	Illumina HiSeq 4000 sequencing: GSM4128505: RNAseq_3A1.3L_s1 Komagataella phaffii RNA-Seq	Spheroblasts were lysed and RNA purified using RNEasy plus mini kit (Qiagen) Library construction was done by Beijing Genomics Institute (BGI)	
SRR10303421	PASS	SRX7016039	SAMN13051729	SRP226114	Illumina HiSeq 4000 sequencing: GSM4128507: RNAseq_3A1.3L_s3 Komagataella phaffii RNA-Seq				RNAseq_3A1.3L_s3		GSE139060	PRJNA578165	460519	Komagataella phaffii	RNA-Seq	TRANSCRIPTOMIC	cDNA	Illumina HiSeq 4000	2462496600	GSM4128507	De novo methylaton of the unmethylated K. phaffii genome by human DNA methyltransferases (DNMTs) [RNA-seq]	Illumina HiSeq 4000 sequencing: GSM4128507: RNAseq_3A1.3L_s3 Komagataella phaffii RNA-Seq	Spheroblasts were lysed and RNA purified using RNEasy plus mini kit (Qiagen) Library construction was done by Beijing Genomics Institute (BGI)	
SRR10303424	PASS	SRX7016042	SAMN13051759	SRP226114	Illumina HiSeq 4000 sequencing: GSM4128510: RNAseq_3A1_s3 Komagataella phaffii RNA-Seq				RNAseq_3A1_s3		GSE139060	PRJNA578165	460519	Komagataella phaffii	RNA-Seq	TRANSCRIPTOMIC	cDNA	Illumina HiSeq 4000	2448088800	GSM4128510	De novo methylaton of the unmethylated K. phaffii genome by human DNA methyltransferases (DNMTs) [RNA-seq]	Illumina HiSeq 4000 sequencing: GSM4128510: RNAseq_3A1_s3 Komagataella phaffii RNA-Seq	Spheroblasts were lysed and RNA purified using RNEasy plus mini kit (Qiagen) Library construction was done by Beijing Genomics Institute (BGI)	
SRR10303428	PASS	SRX7016046	SAMN13051755	SRP226114	Illumina HiSeq 4000 sequencing: GSM4128514: RNAseq_3A2_s1 Komagataella phaffii RNA-Seq				RNAseq_3A2_s1		GSE139060	PRJNA578165	460519	Komagataella phaffii	RNA-Seq	TRANSCRIPTOMIC	cDNA	Illumina HiSeq 4000	2004060000	GSM4128514	De novo methylaton of the unmethylated K. phaffii genome by human DNA methyltransferases (DNMTs) [RNA-seq]	Illumina HiSeq 4000 sequencing: GSM4128514: RNAseq_3A2_s1 Komagataella phaffii RNA-Seq	Spheroblasts were lysed and RNA purified using RNEasy plus mini kit (Qiagen) Library construction was done by Beijing Genomics Institute (BGI)	
SRR10303430	PASS	SRX7016048	SAMN13051753	SRP226114	Illumina HiSeq 4000 sequencing: GSM4128516: RNAseq_3A2_s3 Komagataella phaffii RNA-Seq				RNAseq_3A2_s3		GSE139060	PRJNA578165	460519	Komagataella phaffii	RNA-Seq	TRANSCRIPTOMIC	cDNA	Illumina HiSeq 4000	2445172400	GSM4128516	De novo methylaton of the unmethylated K. phaffii genome by human DNA methyltransferases (DNMTs) [RNA-seq]	Illumina HiSeq 4000 sequencing: GSM4128516: RNAseq_3A2_s3 Komagataella phaffii RNA-Seq	Spheroblasts were lysed and RNA purified using RNEasy plus mini kit (Qiagen) Library construction was done by Beijing Genomics Institute (BGI)	
SRR10303432	PASS	SRX7016050	SAMN13051751	SRP226114	Illumina HiSeq 4000 sequencing: GSM4128518: RNAseq_3B1_s2 Komagataella phaffii RNA-Seq				RNAseq_3B1_s2		GSE139060	PRJNA578165	460519	Komagataella phaffii	RNA-Seq	TRANSCRIPTOMIC	cDNA	Illumina HiSeq 4000	2445741400	GSM4128518	De novo methylaton of the unmethylated K. phaffii genome by human DNA methyltransferases (DNMTs) [RNA-seq]	Illumina HiSeq 4000 sequencing: GSM4128518: RNAseq_3B1_s2 Komagataella phaffii RNA-Seq	Spheroblasts were lysed and RNA purified using RNEasy plus mini kit (Qiagen) Library construction was done by Beijing Genomics Institute (BGI)	
SRR10303435	PASS	SRX7016053	SAMN13051768	SRP226114	Illumina HiSeq 4000 sequencing: GSM4128521: RNAseq_3L_s2 Komagataella phaffii RNA-Seq				RNAseq_3L_s2		GSE139060	PRJNA578165	460519	Komagataella phaffii	RNA-Seq	TRANSCRIPTOMIC	cDNA	Illumina HiSeq 4000	2462759800	GSM4128521	De novo methylaton of the unmethylated K. phaffii genome by human DNA methyltransferases (DNMTs) [RNA-seq]	Illumina HiSeq 4000 sequencing: GSM4128521: RNAseq_3L_s2 Komagataella phaffii RNA-Seq	Spheroblasts were lysed and RNA purified using RNEasy plus mini kit (Qiagen) Library construction was done by Beijing Genomics Institute (BGI)	
SRR10303438	PASS	SRX7016056	SAMN13051765	SRP226114	Illumina HiSeq 4000 sequencing: GSM4128524: RNAseq_Control_s2 Komagataella phaffii RNA-Seq				RNAseq_Control_s2		GSE139060	PRJNA578165	460519	Komagataella phaffii	RNA-Seq	TRANSCRIPTOMIC	cDNA	Illumina HiSeq 4000	2431446600	GSM4128524	De novo methylaton of the unmethylated K. phaffii genome by human DNA methyltransferases (DNMTs) [RNA-seq]	Illumina HiSeq 4000 sequencing: GSM4128524: RNAseq_Control_s2 Komagataella phaffii RNA-Seq	Spheroblasts were lysed and RNA purified using RNEasy plus mini kit (Qiagen) Library construction was done by Beijing Genomics Institute (BGI)	
SRR10303444	PASS	SRX7016062	SAMN13051747	SRP226114	Illumina HiSeq 4000 sequencing: GSM4128530: RNAseq_3B1.3L-d2_s2 Komagataella phaffii RNA-Seq				RNAseq_3B1.3L-d2_s2		GSE139060	PRJNA578165	460519	Komagataella phaffii	RNA-Seq	TRANSCRIPTOMIC	cDNA	Illumina HiSeq 4000	2450164000	GSM4128530	De novo methylaton of the unmethylated K. phaffii genome by human DNA methyltransferases (DNMTs) [RNA-seq]	Illumina HiSeq 4000 sequencing: GSM4128530: RNAseq_3B1.3L-d2_s2 Komagataella phaffii RNA-Seq	Spheroblasts were lysed and RNA purified using RNEasy plus mini kit (Qiagen) Library construction was done by Beijing Genomics Institute (BGI)	
SRR10303446	PASS	SRX7016064	SAMN13051745	SRP226114	Illumina HiSeq 4000 sequencing: GSM4128532: RNAseq_3B1.3L-d3_s1 Komagataella phaffii RNA-Seq				RNAseq_3B1.3L-d3_s1		GSE139060	PRJNA578165	460519	Komagataella phaffii	RNA-Seq	TRANSCRIPTOMIC	cDNA	Illumina HiSeq 4000	2599638000	GSM4128532	De novo methylaton of the unmethylated K. phaffii genome by human DNA methyltransferases (DNMTs) [RNA-seq]	Illumina HiSeq 4000 sequencing: GSM4128532: RNAseq_3B1.3L-d3_s1 Komagataella phaffii RNA-Seq	Spheroblasts were lysed and RNA purified using RNEasy plus mini kit (Qiagen) Library construction was done by Beijing Genomics Institute (BGI)	
SRR10303447	PASS	SRX7016065	SAMN13051744	SRP226114	Illumina HiSeq 4000 sequencing: GSM4128533: RNAseq_3B1.3L-d3_s2 Komagataella phaffii RNA-Seq				RNAseq_3B1.3L-d3_s2		GSE139060	PRJNA578165	460519	Komagataella phaffii	RNA-Seq	TRANSCRIPTOMIC	cDNA	Illumina HiSeq 4000	2594774800	GSM4128533	De novo methylaton of the unmethylated K. phaffii genome by human DNA methyltransferases (DNMTs) [RNA-seq]	Illumina HiSeq 4000 sequencing: GSM4128533: RNAseq_3B1.3L-d3_s2 Komagataella phaffii RNA-Seq	Spheroblasts were lysed and RNA purified using RNEasy plus mini kit (Qiagen) Library construction was done by Beijing Genomics Institute (BGI)	
SRR10740038	PASS	SRX7415644	SAMN13633026	SRP238206	Illumina NovaSeq 6000 sequencing: GSM4225310: B_10 Komagataella phaffii RNA-Seq				B_10		GSE142326	PRJNA596645	460519	Komagataella phaffii	RNA-Seq	TRANSCRIPTOMIC	cDNA	Illumina NovaSeq 6000	13769969100	GSM4225310	Transcriptomic analysis of Pichia pastoris (Komagataella phaffii) GS115 during heterologous protein production using a high-cell-density fed-batch cultivation strategy	Illumina NovaSeq 6000 sequencing: GSM4225310: B_10 Komagataella phaffii RNA-Seq	Retinas were removed, flash frozen on dry ice, and RNA was harvested using Trizol reagent. Illumina TruSeq RNA Sample Prep Kit (Cat#FC-122-1001) was used with 1 ug of total RNA for the construction of sequencing libraries. RNA libraries were prepared for sequencing using standard Illumina protocols	
SRR10740039	PASS	SRX7415645	SAMN13633025	SRP238206	Illumina NovaSeq 6000 sequencing: GSM4225311: G_3 Komagataella phaffii RNA-Seq				G_3		GSE142326	PRJNA596645	460519	Komagataella phaffii	RNA-Seq	TRANSCRIPTOMIC	cDNA	Illumina NovaSeq 6000	11379445800	GSM4225311	Transcriptomic analysis of Pichia pastoris (Komagataella phaffii) GS115 during heterologous protein production using a high-cell-density fed-batch cultivation strategy	Illumina NovaSeq 6000 sequencing: GSM4225311: G_3 Komagataella phaffii RNA-Seq	Retinas were removed, flash frozen on dry ice, and RNA was harvested using Trizol reagent. Illumina TruSeq RNA Sample Prep Kit (Cat#FC-122-1001) was used with 1 ug of total RNA for the construction of sequencing libraries. RNA libraries were prepared for sequencing using standard Illumina protocols	
SRR10740040	PASS	SRX7415646	SAMN13633024	SRP238206	Illumina NovaSeq 6000 sequencing: GSM4225312: GM_2 Komagataella phaffii RNA-Seq				GM_2		GSE142326	PRJNA596645	460519	Komagataella phaffii	RNA-Seq	TRANSCRIPTOMIC	cDNA	Illumina NovaSeq 6000	14205759000	GSM4225312	Transcriptomic analysis of Pichia pastoris (Komagataella phaffii) GS115 during heterologous protein production using a high-cell-density fed-batch cultivation strategy	Illumina NovaSeq 6000 sequencing: GSM4225312: GM_2 Komagataella phaffii RNA-Seq	Retinas were removed, flash frozen on dry ice, and RNA was harvested using Trizol reagent. Illumina TruSeq RNA Sample Prep Kit (Cat#FC-122-1001) was used with 1 ug of total RNA for the construction of sequencing libraries. RNA libraries were prepared for sequencing using standard Illumina protocols	
SRR10740045	PASS	SRX7415651	SAMN13633019	SRP238206	Illumina NovaSeq 6000 sequencing: GSM4225317: M_60 Komagataella phaffii RNA-Seq				M_60		GSE142326	PRJNA596645	460519	Komagataella phaffii	RNA-Seq	TRANSCRIPTOMIC	cDNA	Illumina NovaSeq 6000	11979584100	GSM4225317	Transcriptomic analysis of Pichia pastoris (Komagataella phaffii) GS115 during heterologous protein production using a high-cell-density fed-batch cultivation strategy	Illumina NovaSeq 6000 sequencing: GSM4225317: M_60 Komagataella phaffii RNA-Seq	Retinas were removed, flash frozen on dry ice, and RNA was harvested using Trizol reagent. Illumina TruSeq RNA Sample Prep Kit (Cat#FC-122-1001) was used with 1 ug of total RNA for the construction of sequencing libraries. RNA libraries were prepared for sequencing using standard Illumina protocols	
SRR10740047	PASS	SRX7415653	SAMN13633083	SRP238206	Illumina NovaSeq 6000 sequencing: GSM4225319: M_84 Komagataella phaffii RNA-Seq				M_84		GSE142326	PRJNA596645	460519	Komagataella phaffii	RNA-Seq	TRANSCRIPTOMIC	cDNA	Illumina NovaSeq 6000	14169221400	GSM4225319	Transcriptomic analysis of Pichia pastoris (Komagataella phaffii) GS115 during heterologous protein production using a high-cell-density fed-batch cultivation strategy	Illumina NovaSeq 6000 sequencing: GSM4225319: M_84 Komagataella phaffii RNA-Seq	Retinas were removed, flash frozen on dry ice, and RNA was harvested using Trizol reagent. Illumina TruSeq RNA Sample Prep Kit (Cat#FC-122-1001) was used with 1 ug of total RNA for the construction of sequencing libraries. RNA libraries were prepared for sequencing using standard Illumina protocols	
SRR10740048	PASS	SRX7415654	SAMN13633082	SRP238206	Illumina NovaSeq 6000 sequencing: GSM4225320: M_96 Komagataella phaffii RNA-Seq				M_96		GSE142326	PRJNA596645	460519	Komagataella phaffii	RNA-Seq	TRANSCRIPTOMIC	cDNA	Illumina NovaSeq 6000	10273174200	GSM4225320	Transcriptomic analysis of Pichia pastoris (Komagataella phaffii) GS115 during heterologous protein production using a high-cell-density fed-batch cultivation strategy	Illumina NovaSeq 6000 sequencing: GSM4225320: M_96 Komagataella phaffii RNA-Seq	Retinas were removed, flash frozen on dry ice, and RNA was harvested using Trizol reagent. Illumina TruSeq RNA Sample Prep Kit (Cat#FC-122-1001) was used with 1 ug of total RNA for the construction of sequencing libraries. RNA libraries were prepared for sequencing using standard Illumina protocols	
SRR12747687	PASS	SRX9220112	SAMN16306619	SRP285907	Illumina HiSeq 2500 sequencing: RNA extracted from Komagataella phaffii cultivated in mineral medium supplemented with sugarcane bagasse hydrolysate: 10%, biological replication 1				Biological triplicate in condition containing Hidrolysate 10%		PRJNA666642	PRJNA666642	460519	Komagataella phaffii	RNA-Seq	TRANSCRIPTOMIC	RANDOM	Illumina HiSeq 2500	2496444270	HID2	Global gene expression of Pichia pastoris (Komagataella phaffii) with and without lignocellulose hydrolysate derived inhibitors	Illumina HiSeq 2500 sequencing: RNA extracted from Komagataella phaffii cultivated in mineral medium supplemented with sugarcane bagasse hydrolysate: 10%, biological replication 1		
SRR12747691	PASS	SRX9220108	SAMN16306617	SRP285907	Illumina HiSeq 2500 sequencing: RNA extracted from Komagataella phaffii cultivated in mineral medium supplemented with acetic acid: 2g/L, biological replication 3				Biological triplicate in condition containing Acetic acid 2g/L		PRJNA666642	PRJNA666642	460519	Komagataella phaffii	RNA-Seq	TRANSCRIPTOMIC	RANDOM	Illumina HiSeq 2500	2487130252	AA2	Global gene expression of Pichia pastoris (Komagataella phaffii) with and without lignocellulose hydrolysate derived inhibitors	Illumina HiSeq 2500 sequencing: RNA extracted from Komagataella phaffii cultivated in mineral medium supplemented with acetic acid: 2g/L, biological replication 3		
SRR12747692	PASS	SRX9220107	SAMN16306617	SRP285907	Illumina HiSeq 2500 sequencing: RNA extracted from Komagataella phaffii cultivated in mineral medium supplemented with acetic acid: 2g/L, biological replication 2				Biological triplicate in condition containing Acetic acid 2g/L		PRJNA666642	PRJNA666642	460519	Komagataella phaffii	RNA-Seq	TRANSCRIPTOMIC	RANDOM	Illumina HiSeq 2500	2606066842	AA2	Global gene expression of Pichia pastoris (Komagataella phaffii) with and without lignocellulose hydrolysate derived inhibitors	Illumina HiSeq 2500 sequencing: RNA extracted from Komagataella phaffii cultivated in mineral medium supplemented with acetic acid: 2g/L, biological replication 2		
SRR12747693	PASS	SRX9220106	SAMN16306617	SRP285907	Illumina HiSeq 2500 sequencing: RNA extracted from Komagataella phaffii cultivated in mineral medium supplemented with acetic acid: 2g/L, biological replication 1				Biological triplicate in condition containing Acetic acid 2g/L		PRJNA666642	PRJNA666642	460519	Komagataella phaffii	RNA-Seq	TRANSCRIPTOMIC	RANDOM	Illumina HiSeq 2500	2604191878	AA2	Global gene expression of Pichia pastoris (Komagataella phaffii) with and without lignocellulose hydrolysate derived inhibitors	Illumina HiSeq 2500 sequencing: RNA extracted from Komagataella phaffii cultivated in mineral medium supplemented with acetic acid: 2g/L, biological replication 1		
SRR12747694	PASS	SRX9220105	SAMN16306622	SRP285907	Illumina HiSeq 2500 sequencing: RNA extracted from Komagataella phaffii cultivated in mineral medium supplemented with furaldehydes: 1,5 g/L furfural and 0,25 g/L HMF, biological replication 3				Biological triplicate in condition containing 1,5 g/L furfural and 0,25 g/L HMF		PRJNA666642	PRJNA666642	460519	Komagataella phaffii	RNA-Seq	TRANSCRIPTOMIC	RANDOM	Illumina HiSeq 2500	2665636036	FF50	Global gene expression of Pichia pastoris (Komagataella phaffii) with and without lignocellulose hydrolysate derived inhibitors	Illumina HiSeq 2500 sequencing: RNA extracted from Komagataella phaffii cultivated in mineral medium supplemented with furaldehydes: 1,5 g/L furfural and 0,25 g/L HMF, biological replication 3		
SRR12747695	PASS	SRX9220104	SAMN16306616	SRP285907	Illumina HiSeq 2500 sequencing: RNA extracted from Komagataella phaffii cultivated in mineral medium: control, biological replication 3				Biological triplicate in control condition containing NO inhibitors		PRJNA666642	PRJNA666642	460519	Komagataella phaffii	RNA-Seq	TRANSCRIPTOMIC	RANDOM	Illumina HiSeq 2500	2461597048	Control	Global gene expression of Pichia pastoris (Komagataella phaffii) with and without lignocellulose hydrolysate derived inhibitors	Illumina HiSeq 2500 sequencing: RNA extracted from Komagataella phaffii cultivated in mineral medium: control, biological replication 3		
SRR12747696	PASS	SRX9220103	SAMN16306622	SRP285907	Illumina HiSeq 2500 sequencing: RNA extracted from Komagataella phaffii cultivated in mineral medium supplemented with furaldehydes: 1,5 g/L furfural and 0,25 g/L HMF, biological replication 2				Biological triplicate in condition containing 1,5 g/L furfural and 0,25 g/L HMF		PRJNA666642	PRJNA666642	460519	Komagataella phaffii	RNA-Seq	TRANSCRIPTOMIC	RANDOM	Illumina HiSeq 2500	2986823308	FF50	Global gene expression of Pichia pastoris (Komagataella phaffii) with and without lignocellulose hydrolysate derived inhibitors	Illumina HiSeq 2500 sequencing: RNA extracted from Komagataella phaffii cultivated in mineral medium supplemented with furaldehydes: 1,5 g/L furfural and 0,25 g/L HMF, biological replication 2		
SRR12747698	PASS	SRX9220101	SAMN16306621	SRP285907	Illumina HiSeq 2500 sequencing: RNA extracted from Komagataella phaffii cultivated in mineral medium supplemented with furaldehydes: 0,9 g/L furfural and 0,15 g/L HMF, biological replication 3				Biological triplicate in condition containing 0,9 g/L furfural and 0,15 g/L HMF		PRJNA666642	PRJNA666642	460519	Komagataella phaffii	RNA-Seq	TRANSCRIPTOMIC	RANDOM	Illumina HiSeq 2500	2784183574	FF30	Global gene expression of Pichia pastoris (Komagataella phaffii) with and without lignocellulose hydrolysate derived inhibitors	Illumina HiSeq 2500 sequencing: RNA extracted from Komagataella phaffii cultivated in mineral medium supplemented with furaldehydes: 0,9 g/L furfural and 0,15 g/L HMF, biological replication 3		
SRR12747706	PASS	SRX9220093	SAMN16306616	SRP285907	Illumina HiSeq 2500 sequencing: RNA extracted from Komagataella phaffii cultivated in mineral medium: control, biological replication 2				Biological triplicate in control condition containing NO inhibitors		PRJNA666642	PRJNA666642	460519	Komagataella phaffii	RNA-Seq	TRANSCRIPTOMIC	RANDOM	Illumina HiSeq 2500	2481026418	Control	Global gene expression of Pichia pastoris (Komagataella phaffii) with and without lignocellulose hydrolysate derived inhibitors	Illumina HiSeq 2500 sequencing: RNA extracted from Komagataella phaffii cultivated in mineral medium: control, biological replication 2		
SRR12747707	PASS	SRX9220092	SAMN16306616	SRP285907	Illumina HiSeq 2500 sequencing: RNA extracted from Komagataella phaffii cultivated in mineral medium: control, biological replication 1				Biological triplicate in control condition containing NO inhibitors		PRJNA666642	PRJNA666642	460519	Komagataella phaffii	RNA-Seq	TRANSCRIPTOMIC	RANDOM	Illumina HiSeq 2500	2786119542	Control	Global gene expression of Pichia pastoris (Komagataella phaffii) with and without lignocellulose hydrolysate derived inhibitors	Illumina HiSeq 2500 sequencing: RNA extracted from Komagataella phaffii cultivated in mineral medium: control, biological replication 1		
SRR12802790	PASS	SRX9271614	SAMN16407050	SRP286906	NextSeq 500 sequencing: GSM4826588: WT-B Komagataella phaffii RNA-Seq				WT-B		GSE159325	PRJNA668364	460519	Komagataella phaffii	RNA-Seq	TRANSCRIPTOMIC	cDNA	NextSeq 500	2027598560	GSM4826588	Host-informed molecular engineering improves antigen quality and enables integrated manufacturing of a trivalent subunit vaccine [RNA-seq]	NextSeq 500 sequencing: GSM4826588: WT-B Komagataella phaffii RNA-Seq	Cells were first digested in digestion buffer (50 mM EDTA, 500 mM sorbitol, pH 7.4) supplemented with 0.1% (v/v) 2-Mercaptoethanol and Zymolyase (Zymo Research, Irvine, CA) for 25 min at 30°C and 100 rpm shaking. Lysis and RNA purification was then performed using the RNeasy kit (Qiagen, Cat #74104). RNA quality was analyzed to ensure RNA Quality Number >7. KAPA HyperPrep kit (Roche, Basel, SUI)	
SRR12802794	PASS	SRX9271618	SAMN16407044	SRP286906	NextSeq 500 sequencing: GSM4826592: P6-14A Komagataella phaffii RNA-Seq				P6-14A		GSE159325	PRJNA668364	460519	Komagataella phaffii	RNA-Seq	TRANSCRIPTOMIC	cDNA	NextSeq 500	2098221920	GSM4826592	Host-informed molecular engineering improves antigen quality and enables integrated manufacturing of a trivalent subunit vaccine [RNA-seq]	NextSeq 500 sequencing: GSM4826592: P6-14A Komagataella phaffii RNA-Seq	Cells were first digested in digestion buffer (50 mM EDTA, 500 mM sorbitol, pH 7.4) supplemented with 0.1% (v/v) 2-Mercaptoethanol and Zymolyase (Zymo Research, Irvine, CA) for 25 min at 30°C and 100 rpm shaking. Lysis and RNA purification was then performed using the RNeasy kit (Qiagen, Cat #74104). RNA quality was analyzed to ensure RNA Quality Number >7. KAPA HyperPrep kit (Roche, Basel, SUI)	
SRR12802795	PASS	SRX9271619	SAMN16407043	SRP286906	NextSeq 500 sequencing: GSM4826593: P6-14B Komagataella phaffii RNA-Seq				P6-14B		GSE159325	PRJNA668364	460519	Komagataella phaffii	RNA-Seq	TRANSCRIPTOMIC	cDNA	NextSeq 500	1530810240	GSM4826593	Host-informed molecular engineering improves antigen quality and enables integrated manufacturing of a trivalent subunit vaccine [RNA-seq]	NextSeq 500 sequencing: GSM4826593: P6-14B Komagataella phaffii RNA-Seq	Cells were first digested in digestion buffer (50 mM EDTA, 500 mM sorbitol, pH 7.4) supplemented with 0.1% (v/v) 2-Mercaptoethanol and Zymolyase (Zymo Research, Irvine, CA) for 25 min at 30°C and 100 rpm shaking. Lysis and RNA purification was then performed using the RNeasy kit (Qiagen, Cat #74104). RNA quality was analyzed to ensure RNA Quality Number >7. KAPA HyperPrep kit (Roche, Basel, SUI)	
SRR12802803	PASS	SRX9271627	SAMN16407055	SRP286906	NextSeq 500 sequencing: GSM4826601: P6-A3A Komagataella phaffii RNA-Seq				P6-A3A		GSE159325	PRJNA668364	460519	Komagataella phaffii	RNA-Seq	TRANSCRIPTOMIC	cDNA	NextSeq 500	1727478000	GSM4826601	Host-informed molecular engineering improves antigen quality and enables integrated manufacturing of a trivalent subunit vaccine [RNA-seq]	NextSeq 500 sequencing: GSM4826601: P6-A3A Komagataella phaffii RNA-Seq	Cells were first digested in digestion buffer (50 mM EDTA, 500 mM sorbitol, pH 7.4) supplemented with 0.1% (v/v) 2-Mercaptoethanol and Zymolyase (Zymo Research, Irvine, CA) for 25 min at 30°C and 100 rpm shaking. Lysis and RNA purification was then performed using the RNeasy kit (Qiagen, Cat #74104). RNA quality was analyzed to ensure RNA Quality Number >7. KAPA HyperPrep kit (Roche, Basel, SUI)	
SRR12802805	WARN(2,3,4,6)	SRX9271629	SAMN16407053	SRP286906	NextSeq 500 sequencing: GSM4826603: P6-A3C Komagataella phaffii RNA-Seq				P6-A3C		GSE159325	PRJNA668364	460519	Komagataella phaffii	RNA-Seq	TRANSCRIPTOMIC	cDNA	NextSeq 500	799995840	GSM4826603	Host-informed molecular engineering improves antigen quality and enables integrated manufacturing of a trivalent subunit vaccine [RNA-seq]	NextSeq 500 sequencing: GSM4826603: P6-A3C Komagataella phaffii RNA-Seq	Cells were first digested in digestion buffer (50 mM EDTA, 500 mM sorbitol, pH 7.4) supplemented with 0.1% (v/v) 2-Mercaptoethanol and Zymolyase (Zymo Research, Irvine, CA) for 25 min at 30°C and 100 rpm shaking. Lysis and RNA purification was then performed using the RNeasy kit (Qiagen, Cat #74104). RNA quality was analyzed to ensure RNA Quality Number >7. KAPA HyperPrep kit (Roche, Basel, SUI)	
SRR12804260	PASS	SRX9273048	SAMN16408343	SRP286925	NextSeq 500 sequencing: GSM4826875: RNA.P6 rep3 Komagataella phaffii RNA-Seq				RNA.P6 rep3		GSE159336	PRJNA668384	460519	Komagataella phaffii	RNA-Seq	TRANSCRIPTOMIC	cDNA	NextSeq 500	1851342900	GSM4826875	Host-informed molecular engineering improves antigen quality and enables integrated manufacturing of a trivalent subunit vaccine [Ribo-seq]	NextSeq 500 sequencing: GSM4826875: RNA.P6 rep3 Komagataella phaffii RNA-Seq	KAPA HyperPrep kit (Roche, Basel, SUI) Cell samples from cultures expressing P[4] or P[6] were transferred to a shake-flask containing 500 mL of pre-warmed fresh BMMY media to achieve an OD600 = 0.5. Cell harvest, cell lysis, and recovery of ribosome footprints were performed as described previously (Taggart et al., Cell Syst. 2018). Samples were split following lysis for total RNA-Seq and ribosome profiling (Ribo-Seq).	
SRR12808429	FAIL(3,4,6)	SRX9277210	SAMN16414991	SRP287050	Illumina NovaSeq 6000 sequencing: RNA-Seq of Komagataella phaffii: GS115 24h sample replicate 1				Microbe sample from Komagataella phaffii		PRJNA668560	PRJNA668560	460519	Komagataella phaffii	RNA-Seq	TRANSCRIPTOMIC	cDNA	Illumina NovaSeq 6000	18807242700	GS115_24h_rep1	Transcriptome analysis of Pichia pastoris delta-FLD adaptation strain with high methanol utilization and tolerance	Illumina NovaSeq 6000 sequencing: RNA-Seq of Komagataella phaffii: GS115 24h sample replicate 1		
SRR12808433	FAIL(3,4,6)	SRX9277206	SAMN16415014	SRP287050	Illumina NovaSeq 6000 sequencing: RNA-Seq of Komagataella phaffii: FLDV6 45h sample replicate 3				Microbe sample from Komagataella phaffii		PRJNA668560	PRJNA668560	460519	Komagataella phaffii	RNA-Seq	TRANSCRIPTOMIC	cDNA	Illumina NovaSeq 6000	18753430200	FLDV6_45h_rep3	Transcriptome analysis of Pichia pastoris delta-FLD adaptation strain with high methanol utilization and tolerance	Illumina NovaSeq 6000 sequencing: RNA-Seq of Komagataella phaffii: FLDV6 45h sample replicate 3		
SRR12808439	PASS	SRX9277200	SAMN16415008	SRP287050	Illumina NovaSeq 6000 sequencing: RNA-Seq of Komagataella phaffii: FLDV6 6h sample replicate 3				Microbe sample from Komagataella phaffii		PRJNA668560	PRJNA668560	460519	Komagataella phaffii	RNA-Seq	TRANSCRIPTOMIC	cDNA	Illumina NovaSeq 6000	5541456300	FLDV6_6h_rep3	Transcriptome analysis of Pichia pastoris delta-FLD adaptation strain with high methanol utilization and tolerance	Illumina NovaSeq 6000 sequencing: RNA-Seq of Komagataella phaffii: FLDV6 6h sample replicate 3		
SRR12808443	PASS	SRX9277196	SAMN16414987	SRP287050	Illumina NovaSeq 6000 sequencing: RNA-Seq of Komagataella phaffii: GS115 0h sample replicate 3				Microbe sample from Komagataella phaffii		PRJNA668560	PRJNA668560	460519	Komagataella phaffii	RNA-Seq	TRANSCRIPTOMIC	cDNA	Illumina NovaSeq 6000	6227328900	GS115_0h_rep3	Transcriptome analysis of Pichia pastoris delta-FLD adaptation strain with high methanol utilization and tolerance	Illumina NovaSeq 6000 sequencing: RNA-Seq of Komagataella phaffii: GS115 0h sample replicate 3		
SRR12808444	PASS	SRX9277195	SAMN16415004	SRP287050	Illumina NovaSeq 6000 sequencing: RNA-Seq of Komagataella phaffii: FLD 45h sample replicate 2				Microbe sample from Komagataella phaffii		PRJNA668560	PRJNA668560	460519	Komagataella phaffii	RNA-Seq	TRANSCRIPTOMIC	cDNA	Illumina NovaSeq 6000	7704353100	FLD_45h_rep2	Transcriptome analysis of Pichia pastoris delta-FLD adaptation strain with high methanol utilization and tolerance	Illumina NovaSeq 6000 sequencing: RNA-Seq of Komagataella phaffii: FLD 45h sample replicate 2		
SRR12808451	PASS	SRX9277188	SAMN16414997	SRP287050	Illumina NovaSeq 6000 sequencing: RNA-Seq of Komagataella phaffii: FLD 6h sample replicate 1				Microbe sample from Komagataella phaffii		PRJNA668560	PRJNA668560	460519	Komagataella phaffii	RNA-Seq	TRANSCRIPTOMIC	cDNA	Illumina NovaSeq 6000	7401802200	FLD_6h_rep1	Transcriptome analysis of Pichia pastoris delta-FLD adaptation strain with high methanol utilization and tolerance	Illumina NovaSeq 6000 sequencing: RNA-Seq of Komagataella phaffii: FLD 6h sample replicate 1		
SRR12808452	PASS	SRX9277187	SAMN16414996	SRP287050	Illumina NovaSeq 6000 sequencing: RNA-Seq of Komagataella phaffii: GS115 45h sample replicate 3				Microbe sample from Komagataella phaffii		PRJNA668560	PRJNA668560	460519	Komagataella phaffii	RNA-Seq	TRANSCRIPTOMIC	cDNA	Illumina NovaSeq 6000	6467722200	GS115_45h_rep3	Transcriptome analysis of Pichia pastoris delta-FLD adaptation strain with high methanol utilization and tolerance	Illumina NovaSeq 6000 sequencing: RNA-Seq of Komagataella phaffii: GS115 45h sample replicate 3		
SRR12808454	PASS	SRX9277185	SAMN16414986	SRP287050	Illumina NovaSeq 6000 sequencing: RNA-Seq of Komagataella phaffii: GS115 0h sample replicate 2				Microbe sample from Komagataella phaffii		PRJNA668560	PRJNA668560	460519	Komagataella phaffii	RNA-Seq	TRANSCRIPTOMIC	cDNA	Illumina NovaSeq 6000	7053219300	GS115_0h_rep2	Transcriptome analysis of Pichia pastoris delta-FLD adaptation strain with high methanol utilization and tolerance	Illumina NovaSeq 6000 sequencing: RNA-Seq of Komagataella phaffii: GS115 0h sample replicate 2		
SRR12516570	PASS	SRX9007100	SAMN15903086	SRP278754	Illumina HiSeq 2500 sequencing: RNA-seq of K. phaffii JSA_1				not applicable		PRJNA659283	PRJNA659283	460519	Komagataella phaffii	RNA-Seq	TRANSCRIPTOMIC	PCR	Illumina HiSeq 2500	6948277080	JSA_1	RNA-seq Reads of K. phaffii induced by ammonium formate	Illumina HiSeq 2500 sequencing: RNA-seq of K. phaffii JSA_1		
SRR25660906	PASS	SRX21386788	SAMN37015730	SRP455504	Illumina HiSeq 2000 sequencing: RNA-seq of Aspergillus terreus				not applicable		PRJNA1006195	PRJNA1006195	460519	Komagataella phaffii	RNA-Seq	TRANSCRIPTOMIC	RANDOM	Illumina HiSeq 2000	16041293700	Komagataella phaffii	RNA-seq analysis of Komagataella phaffii	Illumina HiSeq 2000 sequencing: RNA-seq of Aspergillus terreus		
SRR25660908	PASS	SRX21386786	SAMN37015730	SRP455504	Illumina HiSeq 2000 sequencing: RNA-seq of Aspergillus terreus				not applicable		PRJNA1006195	PRJNA1006195	460519	Komagataella phaffii	RNA-Seq	TRANSCRIPTOMIC	RANDOM	Illumina HiSeq 2000	16086801300	Komagataella phaffii	RNA-seq analysis of Komagataella phaffii	Illumina HiSeq 2000 sequencing: RNA-seq of Aspergillus terreus		
SRR30142516	PASS	SRX25610820	SAMN43044183	SRP524418	Illumina NovaSeq 6000 sequencing: RNA-seq of Komagataella phaffi GS115				Kp_LK00711		PRJNA1144800	PRJNA1144800	460519	Komagataella phaffii	RNA-Seq	TRANSCRIPTOMIC	cDNA	Illumina NovaSeq 6000	10556166286	I1G_A_1	Characterizing heterologous protein burden in Komagataella phaffii	Illumina NovaSeq 6000 sequencing: RNA-seq of Komagataella phaffi GS115		
SRR30142518	PASS	SRX25610818	SAMN43044181	SRP524418	Illumina NovaSeq 6000 sequencing: RNA-seq of Komagataella phaffi GS115				GS115, Wild type		PRJNA1144800	PRJNA1144800	460519	Komagataella phaffii	RNA-Seq	TRANSCRIPTOMIC	cDNA	Illumina NovaSeq 6000	11185015450	GS115_C_1	Characterizing heterologous protein burden in Komagataella phaffii	Illumina NovaSeq 6000 sequencing: RNA-seq of Komagataella phaffi GS115		
SRR30142519	PASS	SRX25610817	SAMN43044206	SRP524418	Illumina NovaSeq 6000 sequencing: RNA-seq of Komagataella phaffi GS115				Kp_LK00892		PRJNA1144800	PRJNA1144800	460519	Komagataella phaffii	RNA-Seq	TRANSCRIPTOMIC	cDNA	Illumina NovaSeq 6000	10171834744	M6G_C_2	Characterizing heterologous protein burden in Komagataella phaffii	Illumina NovaSeq 6000 sequencing: RNA-seq of Komagataella phaffi GS115		
SRR30142520	PASS	SRX25610816	SAMN43044205	SRP524418	Illumina NovaSeq 6000 sequencing: RNA-seq of Komagataella phaffi GS115				Kp_LK00891		PRJNA1144800	PRJNA1144800	460519	Komagataella phaffii	RNA-Seq	TRANSCRIPTOMIC	cDNA	Illumina NovaSeq 6000	11603404438	M6G_C_1	Characterizing heterologous protein burden in Komagataella phaffii	Illumina NovaSeq 6000 sequencing: RNA-seq of Komagataella phaffi GS115		
SRR30142526	PASS	SRX25610810	SAMN43044200	SRP524418	Illumina NovaSeq 6000 sequencing: RNA-seq of Komagataella phaffi GS115				Kp_LK00862		PRJNA1144800	PRJNA1144800	460519	Komagataella phaffii	RNA-Seq	TRANSCRIPTOMIC	cDNA	Illumina NovaSeq 6000	11554723850	M1G_C_2	Characterizing heterologous protein burden in Komagataella phaffii	Illumina NovaSeq 6000 sequencing: RNA-seq of Komagataella phaffi GS115		
SRR30142530	PASS	SRX25610806	SAMN43044196	SRP524418	Illumina NovaSeq 6000 sequencing: RNA-seq of Komagataella phaffi GS115				Kp_LK00842		PRJNA1144800	PRJNA1144800	460519	Komagataella phaffii	RNA-Seq	TRANSCRIPTOMIC	cDNA	Illumina NovaSeq 6000	8923999132	M1G_A_2	Characterizing heterologous protein burden in Komagataella phaffii	Illumina NovaSeq 6000 sequencing: RNA-seq of Komagataella phaffi GS115		
SRR30142538	PASS	SRX25610798	SAMN43044207	SRP524418	Illumina NovaSeq 6000 sequencing: RNA-seq of Komagataella phaffi GS115				Kp_LK01011		PRJNA1144800	PRJNA1144800	460519	Komagataella phaffii	RNA-Seq	TRANSCRIPTOMIC	cDNA	Illumina NovaSeq 6000	12558847878	I1S_A_1	Characterizing heterologous protein burden in Komagataella phaffii	Illumina NovaSeq 6000 sequencing: RNA-seq of Komagataella phaffi GS115		
SRR30142539	PASS	SRX25610797	SAMN43044194	SRP524418	Illumina NovaSeq 6000 sequencing: RNA-seq of Komagataella phaffi GS115				Kp_LK00762		PRJNA1144800	PRJNA1144800	460519	Komagataella phaffii	RNA-Seq	TRANSCRIPTOMIC	cDNA	Illumina NovaSeq 6000	13804279570	I6G_C_2	Characterizing heterologous protein burden in Komagataella phaffii	Illumina NovaSeq 6000 sequencing: RNA-seq of Komagataella phaffi GS115		
SRR30142540	PASS	SRX25610796	SAMN43044193	SRP524418	Illumina NovaSeq 6000 sequencing: RNA-seq of Komagataella phaffi GS115				Kp_LK00761		PRJNA1144800	PRJNA1144800	460519	Komagataella phaffii	RNA-Seq	TRANSCRIPTOMIC	cDNA	Illumina NovaSeq 6000	7339991616	I6G_C_1	Characterizing heterologous protein burden in Komagataella phaffii	Illumina NovaSeq 6000 sequencing: RNA-seq of Komagataella phaffi GS115		
SRR30142544	PASS	SRX25610792	SAMN43044189	SRP524418	Illumina NovaSeq 6000 sequencing: RNA-seq of Komagataella phaffi GS115				Kp_LK00741		PRJNA1144800	PRJNA1144800	460519	Komagataella phaffii	RNA-Seq	TRANSCRIPTOMIC	cDNA	Illumina NovaSeq 6000	11898570178	I6G_A_1	Characterizing heterologous protein burden in Komagataella phaffii	Illumina NovaSeq 6000 sequencing: RNA-seq of Komagataella phaffi GS115		
SRR15669385	PASS	SRX11966058	SAMN20981853	SRP334724	MGISEQ-2000RS sequencing: RNA-Seq of Komagataella phaffii				Microbe sample from Komagataella phaffii		PRJNA757827	PRJNA757827	460519	Komagataella phaffii	RNA-Seq	TRANSCRIPTOMIC	PCR	MGISEQ-2000RS	6402775500	KO_FGH_M	Transcriptome of the methanol dissimilation pathway in Pichia pastoris	MGISEQ-2000RS sequencing: RNA-Seq of Komagataella phaffii		
SRR15669387	PASS	SRX11966057	SAMN20981853	SRP334724	MGISEQ-2000RS sequencing: RNA-Seq of Komagataella phaffii				Microbe sample from Komagataella phaffii		PRJNA757827	PRJNA757827	460519	Komagataella phaffii	RNA-Seq	TRANSCRIPTOMIC	PCR	MGISEQ-2000RS	6441899400	KO_FGH_M	Transcriptome of the methanol dissimilation pathway in Pichia pastoris	MGISEQ-2000RS sequencing: RNA-Seq of Komagataella phaffii		
SRR15669388	PASS	SRX11966056	SAMN20981852	SRP334724	MGISEQ-2000RS sequencing: RNA-Seq of Komagataella phaffii				Microbe sample from Komagataella phaffii		PRJNA757827	PRJNA757827	460519	Komagataella phaffii	RNA-Seq	TRANSCRIPTOMIC	PCR	MGISEQ-2000RS	6383590500	KO_FLD_M	Transcriptome of the methanol dissimilation pathway in Pichia pastoris	MGISEQ-2000RS sequencing: RNA-Seq of Komagataella phaffii		
SRR15669390	PASS	SRX11966052	SAMN20981854	SRP334724	MGISEQ-2000RS sequencing: RNA-Seq of Komagataella phaffii				Microbe sample from Komagataella phaffii		PRJNA757827	PRJNA757827	460519	Komagataella phaffii	RNA-Seq	TRANSCRIPTOMIC	PCR	MGISEQ-2000RS	6405467100	KO_FDH_M	Transcriptome of the methanol dissimilation pathway in Pichia pastoris	MGISEQ-2000RS sequencing: RNA-Seq of Komagataella phaffii		
SRR15669393	PASS	SRX11966055	SAMN20981852	SRP334724	MGISEQ-2000RS sequencing: RNA-Seq of Komagataella phaffii				Microbe sample from Komagataella phaffii		PRJNA757827	PRJNA757827	460519	Komagataella phaffii	RNA-Seq	TRANSCRIPTOMIC	PCR	MGISEQ-2000RS	6403008600	KO_FLD_M	Transcriptome of the methanol dissimilation pathway in Pichia pastoris	MGISEQ-2000RS sequencing: RNA-Seq of Komagataella phaffii		
SRR25915870	PASS	SRX21635734	SAMN37283801	SRP458584	Illumina NovaSeq 6000 sequencing: RNA-Seq of K. phaffii: CBS2612				Retentostat cultivation of a CBS2612 flo8 knockout strain, producing secreted VHH under the control a pG1-3 promoter (CBS2612 delta_flo8 pG1-3 VHH). Short chemostat phase before retentostat initiation. Sample taken during the chemostat phase (mu=0.025) preceding the retentostat. Replicate 2		PRJNA1013119	PRJNA1013119	460519	Komagataella phaffii	RNA-Seq	TRANSCRIPTOMIC	Inverse rRNA	Illumina NovaSeq 6000	11613855300	C024_SS_0.025	Transcriptomic analysis of recombinant Komagataella phaffii at near-zero growth rates	Illumina NovaSeq 6000 sequencing: RNA-Seq of K. phaffii: CBS2612		
SRR25915871	PASS	SRX21635733	SAMN37283800	SRP458584	Illumina NovaSeq 6000 sequencing: RNA-Seq of K. phaffii: CBS2612				Retentostat cultivation of a CBS2612 flo8 knockout strain, producing secreted VHH under the control a pG1-3 promoter (CBS2612 delta_flo8 pG1-3 VHH). Short chemostat phase before retentostat initiation. Sample taken ~28 days after initiation. Replicate 1		PRJNA1013119	PRJNA1013119	460519	Komagataella phaffii	RNA-Seq	TRANSCRIPTOMIC	Inverse rRNA	Illumina NovaSeq 6000	8281773300	C023_R10	Transcriptomic analysis of recombinant Komagataella phaffii at near-zero growth rates	Illumina NovaSeq 6000 sequencing: RNA-Seq of K. phaffii: CBS2612		
SRR25915873	PASS	SRX21635731	SAMN37283819	SRP458584	Illumina NovaSeq 6000 sequencing: RNA-Seq of K. phaffii: CBS2612				Chemostat cultivation of a CBS2612 flo8 knockout strain, producing secreted VHH under the control a pG1-3 promoter (CBS2612 delta_flo8 pG1-3 VHH). Sample taken at steady state at mu = 0.1. Replicate 2		PRJNA1013119	PRJNA1013119	460519	Komagataella phaffii	RNA-Seq	TRANSCRIPTOMIC	Inverse rRNA	Illumina NovaSeq 6000	10184132700	C035_SS	Transcriptomic analysis of recombinant Komagataella phaffii at near-zero growth rates	Illumina NovaSeq 6000 sequencing: RNA-Seq of K. phaffii: CBS2612		
SRR25915874	PASS	SRX21635730	SAMN37283818	SRP458584	Illumina NovaSeq 6000 sequencing: RNA-Seq of K. phaffii: CBS2612				Chemostat cultivation of a CBS2612 flo8 knockout strain, producing secreted VHH under the control a pG1-3 promoter (CBS2612 delta_flo8 pG1-3 VHH). Sample taken at steady state at mu = 0.1. Replicate 1		PRJNA1013119	PRJNA1013119	460519	Komagataella phaffii	RNA-Seq	TRANSCRIPTOMIC	Inverse rRNA	Illumina NovaSeq 6000	10209977700	C034_SS	Transcriptomic analysis of recombinant Komagataella phaffii at near-zero growth rates	Illumina NovaSeq 6000 sequencing: RNA-Seq of K. phaffii: CBS2612		
SRR25915876	PASS	SRX21635728	SAMN37283799	SRP458584	Illumina NovaSeq 6000 sequencing: RNA-Seq of K. phaffii: CBS2612				Retentostat cultivation of a CBS2612 flo8 knockout strain, producing secreted VHH under the control a pG1-3 promoter (CBS2612 delta_flo8 pG1-3 VHH). Short chemostat phase before retentostat initiation. Sample taken ~14 days after initiation. Replicate 1		PRJNA1013119	PRJNA1013119	460519	Komagataella phaffii	RNA-Seq	TRANSCRIPTOMIC	Inverse rRNA	Illumina NovaSeq 6000	10305444900	C023_R6	Transcriptomic analysis of recombinant Komagataella phaffii at near-zero growth rates	Illumina NovaSeq 6000 sequencing: RNA-Seq of K. phaffii: CBS2612		
SRR25915879	PASS	SRX21635725	SAMN37283814	SRP458584	Illumina NovaSeq 6000 sequencing: RNA-Seq of K. phaffii: CBS2612				Retentostat cultivation of a CBS2612 flo8 knockout strain, producing secreted VHH under the control a pG1-3 promoter (CBS2612 delta_flo8 pG1-3 VHH). Short chemostat phase before retentostat initiation. Sample taken during the chemostat phase (mu=0.025) preceding the retentostat. Replicate 3		PRJNA1013119	PRJNA1013119	460519	Komagataella phaffii	RNA-Seq	TRANSCRIPTOMIC	Inverse rRNA	Illumina NovaSeq 6000	8659938600	C030_SS_0.025	Transcriptomic analysis of recombinant Komagataella phaffii at near-zero growth rates	Illumina NovaSeq 6000 sequencing: RNA-Seq of K. phaffii: CBS2612		
SRR26855643	PASS	SRX22550825	SAMN38286236	SRP472421	Illumina NovaSeq 6000 sequencing: K.phaffii induced by methanol						PRJNA1041482	PRJNA1041482	460519	Komagataella phaffii	RNA-Seq	TRANSCRIPTOMIC	PolyA	Illumina NovaSeq 6000	7081372521	D3_M2	RNA-seq of K. phaffii without D3 sequence in AOX1 promoter	Illumina NovaSeq 6000 sequencing: K.phaffii induced by methanol		
SRR26855645	PASS	SRX22550823	SAMN38286234	SRP472421	Illumina NovaSeq 6000 sequencing: K.phaffii induced by methanol						PRJNA1041482	PRJNA1041482	460519	Komagataella phaffii	RNA-Seq	TRANSCRIPTOMIC	PolyA	Illumina NovaSeq 6000	6041531381	WT_M3	RNA-seq of K. phaffii without D3 sequence in AOX1 promoter	Illumina NovaSeq 6000 sequencing: K.phaffii induced by methanol		
SRR26855647	PASS	SRX22550821	SAMN38286232	SRP472421	Illumina NovaSeq 6000 sequencing: K.phaffii induced by methanol						PRJNA1041482	PRJNA1041482	460519	Komagataella phaffii	RNA-Seq	TRANSCRIPTOMIC	PolyA	Illumina NovaSeq 6000	6673063096	WT_M1	RNA-seq of K. phaffii without D3 sequence in AOX1 promoter	Illumina NovaSeq 6000 sequencing: K.phaffii induced by methanol		
SRR27441410	WARN(1,5,7)	SRX23113695	SAMN39274389	SRP482147	NextSeq 500 sequencing: GSM8003809: ∆6 trastuzumab rep3 Komagataella phaffii RNA-Seq				∆6 trastuzumab rep3		GSE252605	PRJNA1061507	460519	Komagataella phaffii	RNA-Seq	TRANSCRIPTOMIC	cDNA	NextSeq 500	225179600	GSM8003809	CRISPR-Cas9 knockout screen informs efficient reduction of the Komagataella phaffii secretome	NextSeq 500 sequencing: GSM8003809: ∆6 trastuzumab rep3 Komagataella phaffii RNA-Seq	RNA was extracted and purified according to the Qiagen RNeasy kit (cat #74104) and RNA quality was analyzed to ensure RNA Quality Number >6.5. Sequencing libraries were prepared using the Nextera XT kit according to the manufacturer's instructions.	
SRR27441412	PASS	SRX23113693	SAMN39274391	SRP482147	NextSeq 500 sequencing: GSM8003807: ∆6 trastuzumab rep1 Komagataella phaffii RNA-Seq				∆6 trastuzumab rep1		GSE252605	PRJNA1061507	460519	Komagataella phaffii	RNA-Seq	TRANSCRIPTOMIC	cDNA	NextSeq 500	886432500	GSM8003807	CRISPR-Cas9 knockout screen informs efficient reduction of the Komagataella phaffii secretome	NextSeq 500 sequencing: GSM8003807: ∆6 trastuzumab rep1 Komagataella phaffii RNA-Seq	RNA was extracted and purified according to the Qiagen RNeasy kit (cat #74104) and RNA quality was analyzed to ensure RNA Quality Number >6.5. Sequencing libraries were prepared using the Nextera XT kit according to the manufacturer's instructions.	
SRR27441415	PASS	SRX23113690	SAMN39274394	SRP482147	NextSeq 500 sequencing: GSM8003804: ∆6 HSA rep1 Komagataella phaffii RNA-Seq				∆6 HSA rep1		GSE252605	PRJNA1061507	460519	Komagataella phaffii	RNA-Seq	TRANSCRIPTOMIC	cDNA	NextSeq 500	522647600	GSM8003804	CRISPR-Cas9 knockout screen informs efficient reduction of the Komagataella phaffii secretome	NextSeq 500 sequencing: GSM8003804: ∆6 HSA rep1 Komagataella phaffii RNA-Seq	RNA was extracted and purified according to the Qiagen RNeasy kit (cat #74104) and RNA quality was analyzed to ensure RNA Quality Number >6.5. Sequencing libraries were prepared using the Nextera XT kit according to the manufacturer's instructions.	
SRR27441419	PASS	SRX23113686	SAMN39274398	SRP482147	NextSeq 500 sequencing: GSM8003800: Base HSA rep3 Komagataella phaffii RNA-Seq				Base HSA rep3		GSE252605	PRJNA1061507	460519	Komagataella phaffii	RNA-Seq	TRANSCRIPTOMIC	cDNA	NextSeq 500	726981000	GSM8003800	CRISPR-Cas9 knockout screen informs efficient reduction of the Komagataella phaffii secretome	NextSeq 500 sequencing: GSM8003800: Base HSA rep3 Komagataella phaffii RNA-Seq	RNA was extracted and purified according to the Qiagen RNeasy kit (cat #74104) and RNA quality was analyzed to ensure RNA Quality Number >6.5. Sequencing libraries were prepared using the Nextera XT kit according to the manufacturer's instructions.	
SRR28415819	PASS	SRX24020210	SAMN40573323	SRP497117	NextSeq 500 sequencing: RNA-seq of K. phaffii strain AH7_1				Keywords: GSC:MIxS MIGS:6.0		PRJNA1090687	PRJNA1090687	460519	Komagataella phaffii	RNA-Seq	TRANSCRIPTOMIC	PolyA	NextSeq 500	17857451700	AH7	Targeted gene regulation using dMAD7 in the methylotrophic yeast Komagataella phaffii	NextSeq 500 sequencing: RNA-seq of K. phaffii strain AH7_1		
SRR28415823	PASS	SRX24020206	SAMN40573326	SRP497117	NextSeq 500 sequencing: RNA-seq of K. phaffii strain TV1213_4				Keywords: GSC:MIxS MIGS:6.0		PRJNA1090687	PRJNA1090687	460519	Komagataella phaffii	RNA-Seq	TRANSCRIPTOMIC	PolyA	NextSeq 500	13188871800	TV1213	Targeted gene regulation using dMAD7 in the methylotrophic yeast Komagataella phaffii	NextSeq 500 sequencing: RNA-seq of K. phaffii strain TV1213_4		
SRR28415824	PASS	SRX24020205	SAMN40573326	SRP497117	NextSeq 500 sequencing: RNA-seq of K. phaffii strain TV1213_3				Keywords: GSC:MIxS MIGS:6.0		PRJNA1090687	PRJNA1090687	460519	Komagataella phaffii	RNA-Seq	TRANSCRIPTOMIC	PolyA	NextSeq 500	16192467300	TV1213	Targeted gene regulation using dMAD7 in the methylotrophic yeast Komagataella phaffii	NextSeq 500 sequencing: RNA-seq of K. phaffii strain TV1213_3		
SRR28415828	PASS	SRX24020201	SAMN40573325	SRP497117	NextSeq 500 sequencing: RNA-seq of K. phaffii strain AH11_4				Keywords: GSC:MIxS MIGS:6.0		PRJNA1090687	PRJNA1090687	460519	Komagataella phaffii	RNA-Seq	TRANSCRIPTOMIC	PolyA	NextSeq 500	15810481200	AH11	Targeted gene regulation using dMAD7 in the methylotrophic yeast Komagataella phaffii	NextSeq 500 sequencing: RNA-seq of K. phaffii strain AH11_4		
SRR28415830	PASS	SRX24020199	SAMN40573325	SRP497117	NextSeq 500 sequencing: RNA-seq of K. phaffii strain AH11_2				Keywords: GSC:MIxS MIGS:6.0		PRJNA1090687	PRJNA1090687	460519	Komagataella phaffii	RNA-Seq	TRANSCRIPTOMIC	PolyA	NextSeq 500	16058823900	AH11	Targeted gene regulation using dMAD7 in the methylotrophic yeast Komagataella phaffii	NextSeq 500 sequencing: RNA-seq of K. phaffii strain AH11_2		
SRR30142525	PASS	SRX25610811	SAMN43044180	SRP524418	Illumina NovaSeq 6000 sequencing: RNA-seq of Komagataella phaffi GS115				GS115, Wild type		PRJNA1144800	PRJNA1144800	460519	Komagataella phaffii	RNA-Seq	TRANSCRIPTOMIC	cDNA	Illumina NovaSeq 6000	11144103510	GS115_B_2	Characterizing heterologous protein burden in Komagataella phaffii	Illumina NovaSeq 6000 sequencing: RNA-seq of Komagataella phaffi GS115		
SRR30142542	PASS	SRX25610794	SAMN43044191	SRP524418	Illumina NovaSeq 6000 sequencing: RNA-seq of Komagataella phaffi GS115				Kp_LK00751		PRJNA1144800	PRJNA1144800	460519	Komagataella phaffii	RNA-Seq	TRANSCRIPTOMIC	cDNA	Illumina NovaSeq 6000	10611904312	I6G_B_1	Characterizing heterologous protein burden in Komagataella phaffii	Illumina NovaSeq 6000 sequencing: RNA-seq of Komagataella phaffi GS115		
SRR14237546	WARN(1,5,6,7)	SRX10600432	SAMN18740772	SRP314811	Illumina MiSeq sequencing: GSM5240789: exp020821 P8 rep 3 Komagataella phaffii RNA-Seq				exp020821 P8 rep 3		GSE172054	PRJNA721898	460519	Komagataella phaffii	RNA-Seq	TRANSCRIPTOMIC	cDNA	Illumina MiSeq	56012688	GSM5240789	Engineered SARS-CoV-2 receptor binding domain improves manufacturability in yeast and immunogenicity in mice	Illumina MiSeq sequencing: GSM5240789: exp020821 P8 rep 3 Komagataella phaffii RNA-Seq	RNA was extracted and purified according to the Qiagen RNeasy kit (cat #74104) and RNA quality was analyzed to ensure RNA Quality Number >6.5. 3'DGE Nextera	
SRR14237547	WARN(1,5,6,7)	SRX10600433	SAMN18740771	SRP314811	Illumina MiSeq sequencing: GSM5240790: exp020821 P8 rep 4 Komagataella phaffii RNA-Seq				exp020821 P8 rep 4		GSE172054	PRJNA721898	460519	Komagataella phaffii	RNA-Seq	TRANSCRIPTOMIC	cDNA	Illumina MiSeq	52137936	GSM5240790	Engineered SARS-CoV-2 receptor binding domain improves manufacturability in yeast and immunogenicity in mice	Illumina MiSeq sequencing: GSM5240790: exp020821 P8 rep 4 Komagataella phaffii RNA-Seq	RNA was extracted and purified according to the Qiagen RNeasy kit (cat #74104) and RNA quality was analyzed to ensure RNA Quality Number >6.5. 3'DGE Nextera	
SRR14237548	FAIL(5,7)	SRX10600434	SAMN18740770	SRP314811	Illumina MiSeq sequencing: GSM5240791: exp020821 engRBD rep 1 Komagataella phaffii RNA-Seq				exp020821 engRBD rep 1		GSE172054	PRJNA721898	460519	Komagataella phaffii	RNA-Seq	TRANSCRIPTOMIC	cDNA	Illumina MiSeq	32475312	GSM5240791	Engineered SARS-CoV-2 receptor binding domain improves manufacturability in yeast and immunogenicity in mice	Illumina MiSeq sequencing: GSM5240791: exp020821 engRBD rep 1 Komagataella phaffii RNA-Seq	RNA was extracted and purified according to the Qiagen RNeasy kit (cat #74104) and RNA quality was analyzed to ensure RNA Quality Number >6.5. 3'DGE Nextera	
SRR14237550	FAIL(7)	SRX10600436	SAMN18740768	SRP314811	Illumina MiSeq sequencing: GSM5240793: exp020821 engRBD rep 3 Komagataella phaffii RNA-Seq				exp020821 engRBD rep 3		GSE172054	PRJNA721898	460519	Komagataella phaffii	RNA-Seq	TRANSCRIPTOMIC	cDNA	Illumina MiSeq	36951768	GSM5240793	Engineered SARS-CoV-2 receptor binding domain improves manufacturability in yeast and immunogenicity in mice	Illumina MiSeq sequencing: GSM5240793: exp020821 engRBD rep 3 Komagataella phaffii RNA-Seq	RNA was extracted and purified according to the Qiagen RNeasy kit (cat #74104) and RNA quality was analyzed to ensure RNA Quality Number >6.5. 3'DGE Nextera	
SRR14237554	FAIL(1,5,6,7)	SRX10600440	SAMN18740764	SRP314811	Illumina MiSeq sequencing: GSM5240797: exp020821 RBD rep 3 Komagataella phaffii RNA-Seq				exp020821 RBD rep 3		GSE172054	PRJNA721898	460519	Komagataella phaffii	RNA-Seq	TRANSCRIPTOMIC	cDNA	Illumina MiSeq	15095016	GSM5240797	Engineered SARS-CoV-2 receptor binding domain improves manufacturability in yeast and immunogenicity in mice	Illumina MiSeq sequencing: GSM5240797: exp020821 RBD rep 3 Komagataella phaffii RNA-Seq	RNA was extracted and purified according to the Qiagen RNeasy kit (cat #74104) and RNA quality was analyzed to ensure RNA Quality Number >6.5. 3'DGE Nextera	
SRR14237561	FAIL(3,4,6,7)	SRX10600447	SAMN18740785	SRP314811	Illumina MiSeq sequencing: GSM5240804: exp031020 RBD rep 6 Komagataella phaffii RNA-Seq				exp031020 RBD rep 6		GSE172054	PRJNA721898	460519	Komagataella phaffii	RNA-Seq	TRANSCRIPTOMIC	cDNA	Illumina MiSeq	72177768	GSM5240804	Engineered SARS-CoV-2 receptor binding domain improves manufacturability in yeast and immunogenicity in mice	Illumina MiSeq sequencing: GSM5240804: exp031020 RBD rep 6 Komagataella phaffii RNA-Seq	RNA was extracted and purified according to the Qiagen RNeasy kit (cat #74104) and RNA quality was analyzed to ensure RNA Quality Number >6.5. 3'DGE Nextera	
SRR14237562	FAIL(3,4,5,6,7)	SRX10600448	SAMN18740784	SRP314811	Illumina MiSeq sequencing: GSM5240805: exp031020 RBD rep 7 Komagataella phaffii RNA-Seq				exp031020 RBD rep 7		GSE172054	PRJNA721898	460519	Komagataella phaffii	RNA-Seq	TRANSCRIPTOMIC	cDNA	Illumina MiSeq	41144112	GSM5240805	Engineered SARS-CoV-2 receptor binding domain improves manufacturability in yeast and immunogenicity in mice	Illumina MiSeq sequencing: GSM5240805: exp031020 RBD rep 7 Komagataella phaffii RNA-Seq	RNA was extracted and purified according to the Qiagen RNeasy kit (cat #74104) and RNA quality was analyzed to ensure RNA Quality Number >6.5. 3'DGE Nextera	
SRR14237567	FAIL(3,4,6,7)	SRX10600453	SAMN18740781	SRP314811	Illumina MiSeq sequencing: GSM5240810: exp031020 RBD rep 12 Komagataella phaffii RNA-Seq				exp031020 RBD rep 12		GSE172054	PRJNA721898	460519	Komagataella phaffii	RNA-Seq	TRANSCRIPTOMIC	cDNA	Illumina MiSeq	68431968	GSM5240810	Engineered SARS-CoV-2 receptor binding domain improves manufacturability in yeast and immunogenicity in mice	Illumina MiSeq sequencing: GSM5240810: exp031020 RBD rep 12 Komagataella phaffii RNA-Seq	RNA was extracted and purified according to the Qiagen RNeasy kit (cat #74104) and RNA quality was analyzed to ensure RNA Quality Number >6.5. 3'DGE Nextera	
SRR14237569	FAIL(6,7)	SRX10600455	SAMN18740779	SRP314811	Illumina MiSeq sequencing: GSM5240812: exp031020 P8 rep 1 Komagataella phaffii RNA-Seq				exp031020 P8 rep 1		GSE172054	PRJNA721898	460519	Komagataella phaffii	RNA-Seq	TRANSCRIPTOMIC	cDNA	Illumina MiSeq	60725520	GSM5240812	Engineered SARS-CoV-2 receptor binding domain improves manufacturability in yeast and immunogenicity in mice	Illumina MiSeq sequencing: GSM5240812: exp031020 P8 rep 1 Komagataella phaffii RNA-Seq	RNA was extracted and purified according to the Qiagen RNeasy kit (cat #74104) and RNA quality was analyzed to ensure RNA Quality Number >6.5. 3'DGE Nextera	
SRR14237570	FAIL(6,7)	SRX10600456	SAMN18740778	SRP314811	Illumina MiSeq sequencing: GSM5240813: exp031020 P8 rep 2 Komagataella phaffii RNA-Seq				exp031020 P8 rep 2		GSE172054	PRJNA721898	460519	Komagataella phaffii	RNA-Seq	TRANSCRIPTOMIC	cDNA	Illumina MiSeq	61383888	GSM5240813	Engineered SARS-CoV-2 receptor binding domain improves manufacturability in yeast and immunogenicity in mice	Illumina MiSeq sequencing: GSM5240813: exp031020 P8 rep 2 Komagataella phaffii RNA-Seq	RNA was extracted and purified according to the Qiagen RNeasy kit (cat #74104) and RNA quality was analyzed to ensure RNA Quality Number >6.5. 3'DGE Nextera	
SRR15713833	WARN(1,5,6,7)	SRX12009397	SAMN21216916	SRP335592	NextSeq 500 sequencing: GSM5556939: BaseMeoh_2 Komagataella phaffii RNA-Seq				BaseMeoh_2		GSE183408	PRJNA760524	460519	Komagataella phaffii	RNA-Seq	TRANSCRIPTOMIC	cDNA	NextSeq 500	60600606	GSM5556939	Scalable, methanol-free manufacturing of the SARS-CoV-2 receptor binding domain in engineered Komagataella phaffii	NextSeq 500 sequencing: GSM5556939: BaseMeoh_2 Komagataella phaffii RNA-Seq	RNA was extracted and purified according to the Qiagen RNeasy kit (cat #74104) and RNA quality was analyzed to ensure RNA Quality Number >6.5. 3'DGE Nextera	
SRR6849408	PASS	SRX3804672	SAMN08724678	SRP135907	Illumina HiSeq 2500 sequencing: GSM3045851: YPD-wt, rep 3 Komagataella phaffii RNA-Seq				YPD-wt, rep 3		GSE111973	PRJNA438709	460519	Komagataella phaffii	RNA-Seq	TRANSCRIPTOMIC	cDNA	Illumina HiSeq 2500	1432005900	GSM3045851	RNA-seq differential expression analysis of Komagataella phaffii CBS2612 under mating conditions	Illumina HiSeq 2500 sequencing: GSM3045851: YPD-wt, rep 3 Komagataella phaffii RNA-Seq	Cells were disrupted mechanically and RNA was extracted using TRI reagent (Sigma-Aldrich) according to the manufacturer's protocol. RNA libraries were prepared for sequencing using standard Illumina protocols (PolyA RNA (NEB)).	
SRR6849414	PASS	SRX3804678	SAMN08724672	SRP135907	Illumina HiSeq 2500 sequencing: GSM3045857: YPD-a, rep 3 Komagataella phaffii RNA-Seq				YPD-a, rep 3		GSE111973	PRJNA438709	460519	Komagataella phaffii	RNA-Seq	TRANSCRIPTOMIC	cDNA	Illumina HiSeq 2500	1407780200	GSM3045857	RNA-seq differential expression analysis of Komagataella phaffii CBS2612 under mating conditions	Illumina HiSeq 2500 sequencing: GSM3045857: YPD-a, rep 3 Komagataella phaffii RNA-Seq	Cells were disrupted mechanically and RNA was extracted using TRI reagent (Sigma-Aldrich) according to the manufacturer's protocol. RNA libraries were prepared for sequencing using standard Illumina protocols (PolyA RNA (NEB)).	
SRR6849416	PASS	SRX3804680	SAMN08724670	SRP135907	Illumina HiSeq 2500 sequencing: GSM3045859: AM-wt, rep 2 Komagataella phaffii RNA-Seq				AM-wt, rep 2		GSE111973	PRJNA438709	460519	Komagataella phaffii	RNA-Seq	TRANSCRIPTOMIC	cDNA	Illumina HiSeq 2500	1559887400	GSM3045859	RNA-seq differential expression analysis of Komagataella phaffii CBS2612 under mating conditions	Illumina HiSeq 2500 sequencing: GSM3045859: AM-wt, rep 2 Komagataella phaffii RNA-Seq	Cells were disrupted mechanically and RNA was extracted using TRI reagent (Sigma-Aldrich) according to the manufacturer's protocol. RNA libraries were prepared for sequencing using standard Illumina protocols (PolyA RNA (NEB)).	
SRR6849420	PASS	SRX3804684	SAMN08724666	SRP135907	Illumina HiSeq 2500 sequencing: GSM3045863: AM-alpha, rep 3 Komagataella phaffii RNA-Seq				AM-alpha, rep 3		GSE111973	PRJNA438709	460519	Komagataella phaffii	RNA-Seq	TRANSCRIPTOMIC	cDNA	Illumina HiSeq 2500	1573732000	GSM3045863	RNA-seq differential expression analysis of Komagataella phaffii CBS2612 under mating conditions	Illumina HiSeq 2500 sequencing: GSM3045863: AM-alpha, rep 3 Komagataella phaffii RNA-Seq	Cells were disrupted mechanically and RNA was extracted using TRI reagent (Sigma-Aldrich) according to the manufacturer's protocol. RNA libraries were prepared for sequencing using standard Illumina protocols (PolyA RNA (NEB)).	
SRR6849421	PASS	SRX3804685	SAMN08724665	SRP135907	Illumina HiSeq 2500 sequencing: GSM3045864: AM-a, rep 1 Komagataella phaffii RNA-Seq				AM-a, rep 1		GSE111973	PRJNA438709	460519	Komagataella phaffii	RNA-Seq	TRANSCRIPTOMIC	cDNA	Illumina HiSeq 2500	1530163700	GSM3045864	RNA-seq differential expression analysis of Komagataella phaffii CBS2612 under mating conditions	Illumina HiSeq 2500 sequencing: GSM3045864: AM-a, rep 1 Komagataella phaffii RNA-Seq	Cells were disrupted mechanically and RNA was extracted using TRI reagent (Sigma-Aldrich) according to the manufacturer's protocol. RNA libraries were prepared for sequencing using standard Illumina protocols (PolyA RNA (NEB)).	
SRR6849422	PASS	SRX3804686	SAMN08724664	SRP135907	Illumina HiSeq 2500 sequencing: GSM3045865: AM-a, rep 2 Komagataella phaffii RNA-Seq				AM-a, rep 2		GSE111973	PRJNA438709	460519	Komagataella phaffii	RNA-Seq	TRANSCRIPTOMIC	cDNA	Illumina HiSeq 2500	1439671700	GSM3045865	RNA-seq differential expression analysis of Komagataella phaffii CBS2612 under mating conditions	Illumina HiSeq 2500 sequencing: GSM3045865: AM-a, rep 2 Komagataella phaffii RNA-Seq	Cells were disrupted mechanically and RNA was extracted using TRI reagent (Sigma-Aldrich) according to the manufacturer's protocol. RNA libraries were prepared for sequencing using standard Illumina protocols (PolyA RNA (NEB)).	
SRR9943206	WARN(3,4,5,6,7)	SRX6691754	SAMN12547449	SRP217973	Illumina HiSeq 2500 sequencing: GSM4025615: Y48124-G13B Komagataella phaffii RNA-Seq				Y48124-G13B		GSE135665	PRJNA559571	460519	Komagataella phaffii	RNA-Seq	TRANSCRIPTOMIC	cDNA	Illumina HiSeq 2500	127747520	GSM4025615	Comparative genome-scale analysis of Pichia pastoris variants informs selection of an optimal base strain [protein expression]	Illumina HiSeq 2500 sequencing: GSM4025615: Y48124-G13B Komagataella phaffii RNA-Seq	Cells were first digested in digestion buffer (50 mM EDTA, 500 mM sorbitol, pH 7.4) supplemented with 0.1% (v/v) 2-Mercaptoethanol and Zymolyase (Zymo Research, Irvine, CA) for 25 min at 30°C and 100 rpm shaking. Lysis and RNA purification was then performed using the RNeasy kit (Qiagen, Cat #74104). RNA quality was analyzed to ensure RNA Quality Number >7. Protein-expressing strain RNA libraries were prepared using a 3' DGE method adapted from Soumillon, Cacchiarelli, & Semrau, 2014 and sequenced on an Illumina HiSeq2500 to generate paired reads of 17bp (read1) + 46bp (read2).	
SRR9943207	WARN(3,4,5,6,7)	SRX6691755	SAMN12547448	SRP217973	Illumina HiSeq 2500 sequencing: GSM4025616: Y48124-G13C Komagataella phaffii RNA-Seq				Y48124-G13C		GSE135665	PRJNA559571	460519	Komagataella phaffii	RNA-Seq	TRANSCRIPTOMIC	cDNA	Illumina HiSeq 2500	126293736	GSM4025616	Comparative genome-scale analysis of Pichia pastoris variants informs selection of an optimal base strain [protein expression]	Illumina HiSeq 2500 sequencing: GSM4025616: Y48124-G13C Komagataella phaffii RNA-Seq	Cells were first digested in digestion buffer (50 mM EDTA, 500 mM sorbitol, pH 7.4) supplemented with 0.1% (v/v) 2-Mercaptoethanol and Zymolyase (Zymo Research, Irvine, CA) for 25 min at 30°C and 100 rpm shaking. Lysis and RNA purification was then performed using the RNeasy kit (Qiagen, Cat #74104). RNA quality was analyzed to ensure RNA Quality Number >7. Protein-expressing strain RNA libraries were prepared using a 3' DGE method adapted from Soumillon, Cacchiarelli, & Semrau, 2014 and sequenced on an Illumina HiSeq2500 to generate paired reads of 17bp (read1) + 46bp (read2).	
SRR9943210	FAIL(6)	SRX6691758	SAMN12547447	SRP217973	Illumina HiSeq 2500 sequencing: GSM4025619: Y48124-G14C Komagataella phaffii RNA-Seq				Y48124-G14C		GSE135665	PRJNA559571	460519	Komagataella phaffii	RNA-Seq	TRANSCRIPTOMIC	cDNA	Illumina HiSeq 2500	130442016	GSM4025619	Comparative genome-scale analysis of Pichia pastoris variants informs selection of an optimal base strain [protein expression]	Illumina HiSeq 2500 sequencing: GSM4025619: Y48124-G14C Komagataella phaffii RNA-Seq	Cells were first digested in digestion buffer (50 mM EDTA, 500 mM sorbitol, pH 7.4) supplemented with 0.1% (v/v) 2-Mercaptoethanol and Zymolyase (Zymo Research, Irvine, CA) for 25 min at 30°C and 100 rpm shaking. Lysis and RNA purification was then performed using the RNeasy kit (Qiagen, Cat #74104). RNA quality was analyzed to ensure RNA Quality Number >7. Protein-expressing strain RNA libraries were prepared using a 3' DGE method adapted from Soumillon, Cacchiarelli, & Semrau, 2014 and sequenced on an Illumina HiSeq2500 to generate paired reads of 17bp (read1) + 46bp (read2).	
SRR9943212	WARN(1,5,6,7)	SRX6691760	SAMN12547445	SRP217973	Illumina HiSeq 2500 sequencing: GSM4025621: Y48124-G16B Komagataella phaffii RNA-Seq				Y48124-G16B		GSE135665	PRJNA559571	460519	Komagataella phaffii	RNA-Seq	TRANSCRIPTOMIC	cDNA	Illumina HiSeq 2500	88180942	GSM4025621	Comparative genome-scale analysis of Pichia pastoris variants informs selection of an optimal base strain [protein expression]	Illumina HiSeq 2500 sequencing: GSM4025621: Y48124-G16B Komagataella phaffii RNA-Seq	Cells were first digested in digestion buffer (50 mM EDTA, 500 mM sorbitol, pH 7.4) supplemented with 0.1% (v/v) 2-Mercaptoethanol and Zymolyase (Zymo Research, Irvine, CA) for 25 min at 30°C and 100 rpm shaking. Lysis and RNA purification was then performed using the RNeasy kit (Qiagen, Cat #74104). RNA quality was analyzed to ensure RNA Quality Number >7. Protein-expressing strain RNA libraries were prepared using a 3' DGE method adapted from Soumillon, Cacchiarelli, & Semrau, 2014 and sequenced on an Illumina HiSeq2500 to generate paired reads of 17bp (read1) + 46bp (read2).	
SRR9943217	WARN(1,5,6,7)	SRX6691765	SAMN12547435	SRP217973	Illumina HiSeq 2500 sequencing: GSM4025626: Y48124-H12A Komagataella phaffii RNA-Seq				Y48124-H12A		GSE135665	PRJNA559571	460519	Komagataella phaffii	RNA-Seq	TRANSCRIPTOMIC	cDNA	Illumina HiSeq 2500	48159608	GSM4025626	Comparative genome-scale analysis of Pichia pastoris variants informs selection of an optimal base strain [protein expression]	Illumina HiSeq 2500 sequencing: GSM4025626: Y48124-H12A Komagataella phaffii RNA-Seq	Cells were first digested in digestion buffer (50 mM EDTA, 500 mM sorbitol, pH 7.4) supplemented with 0.1% (v/v) 2-Mercaptoethanol and Zymolyase (Zymo Research, Irvine, CA) for 25 min at 30°C and 100 rpm shaking. Lysis and RNA purification was then performed using the RNeasy kit (Qiagen, Cat #74104). RNA quality was analyzed to ensure RNA Quality Number >7. Protein-expressing strain RNA libraries were prepared using a 3' DGE method adapted from Soumillon, Cacchiarelli, & Semrau, 2014 and sequenced on an Illumina HiSeq2500 to generate paired reads of 17bp (read1) + 46bp (read2).	
SRR9943218	WARN(1,5,6,7)	SRX6691766	SAMN12547434	SRP217973	Illumina HiSeq 2500 sequencing: GSM4025627: Y48124-H12B Komagataella phaffii RNA-Seq				Y48124-H12B		GSE135665	PRJNA559571	460519	Komagataella phaffii	RNA-Seq	TRANSCRIPTOMIC	cDNA	Illumina HiSeq 2500	108208054	GSM4025627	Comparative genome-scale analysis of Pichia pastoris variants informs selection of an optimal base strain [protein expression]	Illumina HiSeq 2500 sequencing: GSM4025627: Y48124-H12B Komagataella phaffii RNA-Seq	Cells were first digested in digestion buffer (50 mM EDTA, 500 mM sorbitol, pH 7.4) supplemented with 0.1% (v/v) 2-Mercaptoethanol and Zymolyase (Zymo Research, Irvine, CA) for 25 min at 30°C and 100 rpm shaking. Lysis and RNA purification was then performed using the RNeasy kit (Qiagen, Cat #74104). RNA quality was analyzed to ensure RNA Quality Number >7. Protein-expressing strain RNA libraries were prepared using a 3' DGE method adapted from Soumillon, Cacchiarelli, & Semrau, 2014 and sequenced on an Illumina HiSeq2500 to generate paired reads of 17bp (read1) + 46bp (read2).	
SRR9943220	WARN(1,5,6,7)	SRX6691768	SAMN12547439	SRP217973	Illumina HiSeq 2500 sequencing: GSM4025629: Y48124-H13A Komagataella phaffii RNA-Seq				Y48124-H13A		GSE135665	PRJNA559571	460519	Komagataella phaffii	RNA-Seq	TRANSCRIPTOMIC	cDNA	Illumina HiSeq 2500	47447712	GSM4025629	Comparative genome-scale analysis of Pichia pastoris variants informs selection of an optimal base strain [protein expression]	Illumina HiSeq 2500 sequencing: GSM4025629: Y48124-H13A Komagataella phaffii RNA-Seq	Cells were first digested in digestion buffer (50 mM EDTA, 500 mM sorbitol, pH 7.4) supplemented with 0.1% (v/v) 2-Mercaptoethanol and Zymolyase (Zymo Research, Irvine, CA) for 25 min at 30°C and 100 rpm shaking. Lysis and RNA purification was then performed using the RNeasy kit (Qiagen, Cat #74104). RNA quality was analyzed to ensure RNA Quality Number >7. Protein-expressing strain RNA libraries were prepared using a 3' DGE method adapted from Soumillon, Cacchiarelli, & Semrau, 2014 and sequenced on an Illumina HiSeq2500 to generate paired reads of 17bp (read1) + 46bp (read2).	
SRR9943221	WARN(1,5,6,7)	SRX6691769	SAMN12547438	SRP217973	Illumina HiSeq 2500 sequencing: GSM4025630: Y48124-H13B Komagataella phaffii RNA-Seq				Y48124-H13B		GSE135665	PRJNA559571	460519	Komagataella phaffii	RNA-Seq	TRANSCRIPTOMIC	cDNA	Illumina HiSeq 2500	31438700	GSM4025630	Comparative genome-scale analysis of Pichia pastoris variants informs selection of an optimal base strain [protein expression]	Illumina HiSeq 2500 sequencing: GSM4025630: Y48124-H13B Komagataella phaffii RNA-Seq	Cells were first digested in digestion buffer (50 mM EDTA, 500 mM sorbitol, pH 7.4) supplemented with 0.1% (v/v) 2-Mercaptoethanol and Zymolyase (Zymo Research, Irvine, CA) for 25 min at 30°C and 100 rpm shaking. Lysis and RNA purification was then performed using the RNeasy kit (Qiagen, Cat #74104). RNA quality was analyzed to ensure RNA Quality Number >7. Protein-expressing strain RNA libraries were prepared using a 3' DGE method adapted from Soumillon, Cacchiarelli, & Semrau, 2014 and sequenced on an Illumina HiSeq2500 to generate paired reads of 17bp (read1) + 46bp (read2).	
SRR9943228	WARN(5,6,7)	SRX6691776	SAMN12547477	SRP217973	Illumina HiSeq 2500 sequencing: GSM4025637: GS115-G13C Komagataella phaffii RNA-Seq				GS115-G13C		GSE135665	PRJNA559571	460519	Komagataella phaffii	RNA-Seq	TRANSCRIPTOMIC	cDNA	Illumina HiSeq 2500	191670776	GSM4025637	Comparative genome-scale analysis of Pichia pastoris variants informs selection of an optimal base strain [protein expression]	Illumina HiSeq 2500 sequencing: GSM4025637: GS115-G13C Komagataella phaffii RNA-Seq	Cells were first digested in digestion buffer (50 mM EDTA, 500 mM sorbitol, pH 7.4) supplemented with 0.1% (v/v) 2-Mercaptoethanol and Zymolyase (Zymo Research, Irvine, CA) for 25 min at 30°C and 100 rpm shaking. Lysis and RNA purification was then performed using the RNeasy kit (Qiagen, Cat #74104). RNA quality was analyzed to ensure RNA Quality Number >7. Protein-expressing strain RNA libraries were prepared using a 3' DGE method adapted from Soumillon, Cacchiarelli, & Semrau, 2014 and sequenced on an Illumina HiSeq2500 to generate paired reads of 17bp (read1) + 46bp (read2).	
SRR9943229	WARN(6)	SRX6691777	SAMN12547476	SRP217973	Illumina HiSeq 2500 sequencing: GSM4025638: GS115-G14A Komagataella phaffii RNA-Seq				GS115-G14A		GSE135665	PRJNA559571	460519	Komagataella phaffii	RNA-Seq	TRANSCRIPTOMIC	cDNA	Illumina HiSeq 2500	2216959374	GSM4025638	Comparative genome-scale analysis of Pichia pastoris variants informs selection of an optimal base strain [protein expression]	Illumina HiSeq 2500 sequencing: GSM4025638: GS115-G14A Komagataella phaffii RNA-Seq	Cells were first digested in digestion buffer (50 mM EDTA, 500 mM sorbitol, pH 7.4) supplemented with 0.1% (v/v) 2-Mercaptoethanol and Zymolyase (Zymo Research, Irvine, CA) for 25 min at 30°C and 100 rpm shaking. Lysis and RNA purification was then performed using the RNeasy kit (Qiagen, Cat #74104). RNA quality was analyzed to ensure RNA Quality Number >7. Protein-expressing strain RNA libraries were prepared using a 3' DGE method adapted from Soumillon, Cacchiarelli, & Semrau, 2014 and sequenced on an Illumina HiSeq2500 to generate paired reads of 17bp (read1) + 46bp (read2).	
SRR9943231	WARN(6)	SRX6691779	SAMN12547474	SRP217973	Illumina HiSeq 2500 sequencing: GSM4025640: GS115-G14C Komagataella phaffii RNA-Seq				GS115-G14C		GSE135665	PRJNA559571	460519	Komagataella phaffii	RNA-Seq	TRANSCRIPTOMIC	cDNA	Illumina HiSeq 2500	323204464	GSM4025640	Comparative genome-scale analysis of Pichia pastoris variants informs selection of an optimal base strain [protein expression]	Illumina HiSeq 2500 sequencing: GSM4025640: GS115-G14C Komagataella phaffii RNA-Seq	Cells were first digested in digestion buffer (50 mM EDTA, 500 mM sorbitol, pH 7.4) supplemented with 0.1% (v/v) 2-Mercaptoethanol and Zymolyase (Zymo Research, Irvine, CA) for 25 min at 30°C and 100 rpm shaking. Lysis and RNA purification was then performed using the RNeasy kit (Qiagen, Cat #74104). RNA quality was analyzed to ensure RNA Quality Number >7. Protein-expressing strain RNA libraries were prepared using a 3' DGE method adapted from Soumillon, Cacchiarelli, & Semrau, 2014 and sequenced on an Illumina HiSeq2500 to generate paired reads of 17bp (read1) + 46bp (read2).	
SRR9943233	WARN(1,5,6,7)	SRX6691781	SAMN12547472	SRP217973	Illumina HiSeq 2500 sequencing: GSM4025642: GS115-H12B Komagataella phaffii RNA-Seq				GS115-H12B		GSE135665	PRJNA559571	460519	Komagataella phaffii	RNA-Seq	TRANSCRIPTOMIC	cDNA	Illumina HiSeq 2500	105590332	GSM4025642	Comparative genome-scale analysis of Pichia pastoris variants informs selection of an optimal base strain [protein expression]	Illumina HiSeq 2500 sequencing: GSM4025642: GS115-H12B Komagataella phaffii RNA-Seq	Cells were first digested in digestion buffer (50 mM EDTA, 500 mM sorbitol, pH 7.4) supplemented with 0.1% (v/v) 2-Mercaptoethanol and Zymolyase (Zymo Research, Irvine, CA) for 25 min at 30°C and 100 rpm shaking. Lysis and RNA purification was then performed using the RNeasy kit (Qiagen, Cat #74104). RNA quality was analyzed to ensure RNA Quality Number >7. Protein-expressing strain RNA libraries were prepared using a 3' DGE method adapted from Soumillon, Cacchiarelli, & Semrau, 2014 and sequenced on an Illumina HiSeq2500 to generate paired reads of 17bp (read1) + 46bp (read2).	
SRR9943235	WARN(6,7)	SRX6691783	SAMN12547427	SRP217973	Illumina HiSeq 2500 sequencing: GSM4025644: GS115-H13A Komagataella phaffii RNA-Seq				GS115-H13A		GSE135665	PRJNA559571	460519	Komagataella phaffii	RNA-Seq	TRANSCRIPTOMIC	cDNA	Illumina HiSeq 2500	243819734	GSM4025644	Comparative genome-scale analysis of Pichia pastoris variants informs selection of an optimal base strain [protein expression]	Illumina HiSeq 2500 sequencing: GSM4025644: GS115-H13A Komagataella phaffii RNA-Seq	Cells were first digested in digestion buffer (50 mM EDTA, 500 mM sorbitol, pH 7.4) supplemented with 0.1% (v/v) 2-Mercaptoethanol and Zymolyase (Zymo Research, Irvine, CA) for 25 min at 30°C and 100 rpm shaking. Lysis and RNA purification was then performed using the RNeasy kit (Qiagen, Cat #74104). RNA quality was analyzed to ensure RNA Quality Number >7. Protein-expressing strain RNA libraries were prepared using a 3' DGE method adapted from Soumillon, Cacchiarelli, & Semrau, 2014 and sequenced on an Illumina HiSeq2500 to generate paired reads of 17bp (read1) + 46bp (read2).	
SRR9943237	WARN(5,6,7)	SRX6691785	SAMN12547425	SRP217973	Illumina HiSeq 2500 sequencing: GSM4025646: GS115-H13C Komagataella phaffii RNA-Seq				GS115-H13C		GSE135665	PRJNA559571	460519	Komagataella phaffii	RNA-Seq	TRANSCRIPTOMIC	cDNA	Illumina HiSeq 2500	185086106	GSM4025646	Comparative genome-scale analysis of Pichia pastoris variants informs selection of an optimal base strain [protein expression]	Illumina HiSeq 2500 sequencing: GSM4025646: GS115-H13C Komagataella phaffii RNA-Seq	Cells were first digested in digestion buffer (50 mM EDTA, 500 mM sorbitol, pH 7.4) supplemented with 0.1% (v/v) 2-Mercaptoethanol and Zymolyase (Zymo Research, Irvine, CA) for 25 min at 30°C and 100 rpm shaking. Lysis and RNA purification was then performed using the RNeasy kit (Qiagen, Cat #74104). RNA quality was analyzed to ensure RNA Quality Number >7. Protein-expressing strain RNA libraries were prepared using a 3' DGE method adapted from Soumillon, Cacchiarelli, & Semrau, 2014 and sequenced on an Illumina HiSeq2500 to generate paired reads of 17bp (read1) + 46bp (read2).	
SRR9943238	WARN(6,7)	SRX6691786	SAMN12547424	SRP217973	Illumina HiSeq 2500 sequencing: GSM4025647: GS115-H14A Komagataella phaffii RNA-Seq				GS115-H14A		GSE135665	PRJNA559571	460519	Komagataella phaffii	RNA-Seq	TRANSCRIPTOMIC	cDNA	Illumina HiSeq 2500	228093300	GSM4025647	Comparative genome-scale analysis of Pichia pastoris variants informs selection of an optimal base strain [protein expression]	Illumina HiSeq 2500 sequencing: GSM4025647: GS115-H14A Komagataella phaffii RNA-Seq	Cells were first digested in digestion buffer (50 mM EDTA, 500 mM sorbitol, pH 7.4) supplemented with 0.1% (v/v) 2-Mercaptoethanol and Zymolyase (Zymo Research, Irvine, CA) for 25 min at 30°C and 100 rpm shaking. Lysis and RNA purification was then performed using the RNeasy kit (Qiagen, Cat #74104). RNA quality was analyzed to ensure RNA Quality Number >7. Protein-expressing strain RNA libraries were prepared using a 3' DGE method adapted from Soumillon, Cacchiarelli, & Semrau, 2014 and sequenced on an Illumina HiSeq2500 to generate paired reads of 17bp (read1) + 46bp (read2).	
SRR9943242	WARN(3,4,5,6,7)	SRX6691790	SAMN12547419	SRP217973	Illumina HiSeq 2500 sequencing: GSM4025651: Y11430-G12B Komagataella phaffii RNA-Seq				Y11430-G12B		GSE135665	PRJNA559571	460519	Komagataella phaffii	RNA-Seq	TRANSCRIPTOMIC	cDNA	Illumina HiSeq 2500	138064492	GSM4025651	Comparative genome-scale analysis of Pichia pastoris variants informs selection of an optimal base strain [protein expression]	Illumina HiSeq 2500 sequencing: GSM4025651: Y11430-G12B Komagataella phaffii RNA-Seq	Cells were first digested in digestion buffer (50 mM EDTA, 500 mM sorbitol, pH 7.4) supplemented with 0.1% (v/v) 2-Mercaptoethanol and Zymolyase (Zymo Research, Irvine, CA) for 25 min at 30°C and 100 rpm shaking. Lysis and RNA purification was then performed using the RNeasy kit (Qiagen, Cat #74104). RNA quality was analyzed to ensure RNA Quality Number >7. Protein-expressing strain RNA libraries were prepared using a 3' DGE method adapted from Soumillon, Cacchiarelli, & Semrau, 2014 and sequenced on an Illumina HiSeq2500 to generate paired reads of 17bp (read1) + 46bp (read2).	
SRR9943244	FAIL(6)	SRX6691792	SAMN12547416	SRP217973	Illumina HiSeq 2500 sequencing: GSM4025653: Y11430-G13A Komagataella phaffii RNA-Seq				Y11430-G13A		GSE135665	PRJNA559571	460519	Komagataella phaffii	RNA-Seq	TRANSCRIPTOMIC	cDNA	Illumina HiSeq 2500	100513358	GSM4025653	Comparative genome-scale analysis of Pichia pastoris variants informs selection of an optimal base strain [protein expression]	Illumina HiSeq 2500 sequencing: GSM4025653: Y11430-G13A Komagataella phaffii RNA-Seq	Cells were first digested in digestion buffer (50 mM EDTA, 500 mM sorbitol, pH 7.4) supplemented with 0.1% (v/v) 2-Mercaptoethanol and Zymolyase (Zymo Research, Irvine, CA) for 25 min at 30°C and 100 rpm shaking. Lysis and RNA purification was then performed using the RNeasy kit (Qiagen, Cat #74104). RNA quality was analyzed to ensure RNA Quality Number >7. Protein-expressing strain RNA libraries were prepared using a 3' DGE method adapted from Soumillon, Cacchiarelli, & Semrau, 2014 and sequenced on an Illumina HiSeq2500 to generate paired reads of 17bp (read1) + 46bp (read2).	
SRR9943252	WARN(1,3,4,5,6,7)	SRX6691800	SAMN12547407	SRP217973	Illumina HiSeq 2500 sequencing: GSM4025661: Y11430-H22C Komagataella phaffii RNA-Seq				Y11430-H22C		GSE135665	PRJNA559571	460519	Komagataella phaffii	RNA-Seq	TRANSCRIPTOMIC	cDNA	Illumina HiSeq 2500	72941832	GSM4025661	Comparative genome-scale analysis of Pichia pastoris variants informs selection of an optimal base strain [protein expression]	Illumina HiSeq 2500 sequencing: GSM4025661: Y11430-H22C Komagataella phaffii RNA-Seq	Cells were first digested in digestion buffer (50 mM EDTA, 500 mM sorbitol, pH 7.4) supplemented with 0.1% (v/v) 2-Mercaptoethanol and Zymolyase (Zymo Research, Irvine, CA) for 25 min at 30°C and 100 rpm shaking. Lysis and RNA purification was then performed using the RNeasy kit (Qiagen, Cat #74104). RNA quality was analyzed to ensure RNA Quality Number >7. Protein-expressing strain RNA libraries were prepared using a 3' DGE method adapted from Soumillon, Cacchiarelli, & Semrau, 2014 and sequenced on an Illumina HiSeq2500 to generate paired reads of 17bp (read1) + 46bp (read2).	
SRR9943253	WARN(1,5,6,7)	SRX6691801	SAMN12547406	SRP217973	Illumina HiSeq 2500 sequencing: GSM4025662: Y11430-H25A Komagataella phaffii RNA-Seq				Y11430-H25A		GSE135665	PRJNA559571	460519	Komagataella phaffii	RNA-Seq	TRANSCRIPTOMIC	cDNA	Illumina HiSeq 2500	82003694	GSM4025662	Comparative genome-scale analysis of Pichia pastoris variants informs selection of an optimal base strain [protein expression]	Illumina HiSeq 2500 sequencing: GSM4025662: Y11430-H25A Komagataella phaffii RNA-Seq	Cells were first digested in digestion buffer (50 mM EDTA, 500 mM sorbitol, pH 7.4) supplemented with 0.1% (v/v) 2-Mercaptoethanol and Zymolyase (Zymo Research, Irvine, CA) for 25 min at 30°C and 100 rpm shaking. Lysis and RNA purification was then performed using the RNeasy kit (Qiagen, Cat #74104). RNA quality was analyzed to ensure RNA Quality Number >7. Protein-expressing strain RNA libraries were prepared using a 3' DGE method adapted from Soumillon, Cacchiarelli, & Semrau, 2014 and sequenced on an Illumina HiSeq2500 to generate paired reads of 17bp (read1) + 46bp (read2).	
SRR9943254	FAIL(6)	SRX6691802	SAMN12547404	SRP217973	Illumina HiSeq 2500 sequencing: GSM4025663: Y11430-H25B Komagataella phaffii RNA-Seq				Y11430-H25B		GSE135665	PRJNA559571	460519	Komagataella phaffii	RNA-Seq	TRANSCRIPTOMIC	cDNA	Illumina HiSeq 2500	211150350	GSM4025663	Comparative genome-scale analysis of Pichia pastoris variants informs selection of an optimal base strain [protein expression]	Illumina HiSeq 2500 sequencing: GSM4025663: Y11430-H25B Komagataella phaffii RNA-Seq	Cells were first digested in digestion buffer (50 mM EDTA, 500 mM sorbitol, pH 7.4) supplemented with 0.1% (v/v) 2-Mercaptoethanol and Zymolyase (Zymo Research, Irvine, CA) for 25 min at 30°C and 100 rpm shaking. Lysis and RNA purification was then performed using the RNeasy kit (Qiagen, Cat #74104). RNA quality was analyzed to ensure RNA Quality Number >7. Protein-expressing strain RNA libraries were prepared using a 3' DGE method adapted from Soumillon, Cacchiarelli, & Semrau, 2014 and sequenced on an Illumina HiSeq2500 to generate paired reads of 17bp (read1) + 46bp (read2).	
SRR9943255	WARN(1,3,4,5,6,7)	SRX6691803	SAMN12547403	SRP217973	Illumina HiSeq 2500 sequencing: GSM4025664: Y11430-H25C Komagataella phaffii RNA-Seq				Y11430-H25C		GSE135665	PRJNA559571	460519	Komagataella phaffii	RNA-Seq	TRANSCRIPTOMIC	cDNA	Illumina HiSeq 2500	44515580	GSM4025664	Comparative genome-scale analysis of Pichia pastoris variants informs selection of an optimal base strain [protein expression]	Illumina HiSeq 2500 sequencing: GSM4025664: Y11430-H25C Komagataella phaffii RNA-Seq	Cells were first digested in digestion buffer (50 mM EDTA, 500 mM sorbitol, pH 7.4) supplemented with 0.1% (v/v) 2-Mercaptoethanol and Zymolyase (Zymo Research, Irvine, CA) for 25 min at 30°C and 100 rpm shaking. Lysis and RNA purification was then performed using the RNeasy kit (Qiagen, Cat #74104). RNA quality was analyzed to ensure RNA Quality Number >7. Protein-expressing strain RNA libraries were prepared using a 3' DGE method adapted from Soumillon, Cacchiarelli, & Semrau, 2014 and sequenced on an Illumina HiSeq2500 to generate paired reads of 17bp (read1) + 46bp (read2).	
SRR9943256	FAIL(6)	SRX6691804	SAMN12547401	SRP217973	Illumina HiSeq 2500 sequencing: GSM4025665: Y11430-H8A Komagataella phaffii RNA-Seq				Y11430-H8A		GSE135665	PRJNA559571	460519	Komagataella phaffii	RNA-Seq	TRANSCRIPTOMIC	cDNA	Illumina HiSeq 2500	107641794	GSM4025665	Comparative genome-scale analysis of Pichia pastoris variants informs selection of an optimal base strain [protein expression]	Illumina HiSeq 2500 sequencing: GSM4025665: Y11430-H8A Komagataella phaffii RNA-Seq	Cells were first digested in digestion buffer (50 mM EDTA, 500 mM sorbitol, pH 7.4) supplemented with 0.1% (v/v) 2-Mercaptoethanol and Zymolyase (Zymo Research, Irvine, CA) for 25 min at 30°C and 100 rpm shaking. Lysis and RNA purification was then performed using the RNeasy kit (Qiagen, Cat #74104). RNA quality was analyzed to ensure RNA Quality Number >7. Protein-expressing strain RNA libraries were prepared using a 3' DGE method adapted from Soumillon, Cacchiarelli, & Semrau, 2014 and sequenced on an Illumina HiSeq2500 to generate paired reads of 17bp (read1) + 46bp (read2).	
SRR9943258	FAIL(6)	SRX6691806	SAMN12547399	SRP217973	Illumina HiSeq 2500 sequencing: GSM4025667: Y11430-H8C Komagataella phaffii RNA-Seq				Y11430-H8C		GSE135665	PRJNA559571	460519	Komagataella phaffii	RNA-Seq	TRANSCRIPTOMIC	cDNA	Illumina HiSeq 2500	56147876	GSM4025667	Comparative genome-scale analysis of Pichia pastoris variants informs selection of an optimal base strain [protein expression]	Illumina HiSeq 2500 sequencing: GSM4025667: Y11430-H8C Komagataella phaffii RNA-Seq	Cells were first digested in digestion buffer (50 mM EDTA, 500 mM sorbitol, pH 7.4) supplemented with 0.1% (v/v) 2-Mercaptoethanol and Zymolyase (Zymo Research, Irvine, CA) for 25 min at 30°C and 100 rpm shaking. Lysis and RNA purification was then performed using the RNeasy kit (Qiagen, Cat #74104). RNA quality was analyzed to ensure RNA Quality Number >7. Protein-expressing strain RNA libraries were prepared using a 3' DGE method adapted from Soumillon, Cacchiarelli, & Semrau, 2014 and sequenced on an Illumina HiSeq2500 to generate paired reads of 17bp (read1) + 46bp (read2).	
SRR9943262	FAIL(6)	SRX6691810	SAMN12547395	SRP217973	Illumina HiSeq 2500 sequencing: GSM4025671: X33-G13A Komagataella phaffii RNA-Seq				X33-G13A		GSE135665	PRJNA559571	460519	Komagataella phaffii	RNA-Seq	TRANSCRIPTOMIC	cDNA	Illumina HiSeq 2500	123752190	GSM4025671	Comparative genome-scale analysis of Pichia pastoris variants informs selection of an optimal base strain [protein expression]	Illumina HiSeq 2500 sequencing: GSM4025671: X33-G13A Komagataella phaffii RNA-Seq	Cells were first digested in digestion buffer (50 mM EDTA, 500 mM sorbitol, pH 7.4) supplemented with 0.1% (v/v) 2-Mercaptoethanol and Zymolyase (Zymo Research, Irvine, CA) for 25 min at 30°C and 100 rpm shaking. Lysis and RNA purification was then performed using the RNeasy kit (Qiagen, Cat #74104). RNA quality was analyzed to ensure RNA Quality Number >7. Protein-expressing strain RNA libraries were prepared using a 3' DGE method adapted from Soumillon, Cacchiarelli, & Semrau, 2014 and sequenced on an Illumina HiSeq2500 to generate paired reads of 17bp (read1) + 46bp (read2).	
SRR9943263	FAIL(6)	SRX6691811	SAMN12547394	SRP217973	Illumina HiSeq 2500 sequencing: GSM4025672: X33-G13B Komagataella phaffii RNA-Seq				X33-G13B		GSE135665	PRJNA559571	460519	Komagataella phaffii	RNA-Seq	TRANSCRIPTOMIC	cDNA	Illumina HiSeq 2500	106140584	GSM4025672	Comparative genome-scale analysis of Pichia pastoris variants informs selection of an optimal base strain [protein expression]	Illumina HiSeq 2500 sequencing: GSM4025672: X33-G13B Komagataella phaffii RNA-Seq	Cells were first digested in digestion buffer (50 mM EDTA, 500 mM sorbitol, pH 7.4) supplemented with 0.1% (v/v) 2-Mercaptoethanol and Zymolyase (Zymo Research, Irvine, CA) for 25 min at 30°C and 100 rpm shaking. Lysis and RNA purification was then performed using the RNeasy kit (Qiagen, Cat #74104). RNA quality was analyzed to ensure RNA Quality Number >7. Protein-expressing strain RNA libraries were prepared using a 3' DGE method adapted from Soumillon, Cacchiarelli, & Semrau, 2014 and sequenced on an Illumina HiSeq2500 to generate paired reads of 17bp (read1) + 46bp (read2).	
SRR9943267	WARN(5,6,7)	SRX6691815	SAMN12547490	SRP217973	Illumina HiSeq 2500 sequencing: GSM4025676: X33-G16C Komagataella phaffii RNA-Seq				X33-G16C		GSE135665	PRJNA559571	460519	Komagataella phaffii	RNA-Seq	TRANSCRIPTOMIC	cDNA	Illumina HiSeq 2500	146579506	GSM4025676	Comparative genome-scale analysis of Pichia pastoris variants informs selection of an optimal base strain [protein expression]	Illumina HiSeq 2500 sequencing: GSM4025676: X33-G16C Komagataella phaffii RNA-Seq	Cells were first digested in digestion buffer (50 mM EDTA, 500 mM sorbitol, pH 7.4) supplemented with 0.1% (v/v) 2-Mercaptoethanol and Zymolyase (Zymo Research, Irvine, CA) for 25 min at 30°C and 100 rpm shaking. Lysis and RNA purification was then performed using the RNeasy kit (Qiagen, Cat #74104). RNA quality was analyzed to ensure RNA Quality Number >7. Protein-expressing strain RNA libraries were prepared using a 3' DGE method adapted from Soumillon, Cacchiarelli, & Semrau, 2014 and sequenced on an Illumina HiSeq2500 to generate paired reads of 17bp (read1) + 46bp (read2).	
SRR9943271	WARN(1,5,6,7)	SRX6691819	SAMN12547486	SRP217973	Illumina HiSeq 2500 sequencing: GSM4025680: X33-H13A Komagataella phaffii RNA-Seq				X33-H13A		GSE135665	PRJNA559571	460519	Komagataella phaffii	RNA-Seq	TRANSCRIPTOMIC	cDNA	Illumina HiSeq 2500	46010212	GSM4025680	Comparative genome-scale analysis of Pichia pastoris variants informs selection of an optimal base strain [protein expression]	Illumina HiSeq 2500 sequencing: GSM4025680: X33-H13A Komagataella phaffii RNA-Seq	Cells were first digested in digestion buffer (50 mM EDTA, 500 mM sorbitol, pH 7.4) supplemented with 0.1% (v/v) 2-Mercaptoethanol and Zymolyase (Zymo Research, Irvine, CA) for 25 min at 30°C and 100 rpm shaking. Lysis and RNA purification was then performed using the RNeasy kit (Qiagen, Cat #74104). RNA quality was analyzed to ensure RNA Quality Number >7. Protein-expressing strain RNA libraries were prepared using a 3' DGE method adapted from Soumillon, Cacchiarelli, & Semrau, 2014 and sequenced on an Illumina HiSeq2500 to generate paired reads of 17bp (read1) + 46bp (read2).	
SRR9943274	WARN(1,3,4,5,6,7)	SRX6691822	SAMN12547483	SRP217973	Illumina HiSeq 2500 sequencing: GSM4025683: X33-H14A Komagataella phaffii RNA-Seq				X33-H14A		GSE135665	PRJNA559571	460519	Komagataella phaffii	RNA-Seq	TRANSCRIPTOMIC	cDNA	Illumina HiSeq 2500	54660420	GSM4025683	Comparative genome-scale analysis of Pichia pastoris variants informs selection of an optimal base strain [protein expression]	Illumina HiSeq 2500 sequencing: GSM4025683: X33-H14A Komagataella phaffii RNA-Seq	Cells were first digested in digestion buffer (50 mM EDTA, 500 mM sorbitol, pH 7.4) supplemented with 0.1% (v/v) 2-Mercaptoethanol and Zymolyase (Zymo Research, Irvine, CA) for 25 min at 30°C and 100 rpm shaking. Lysis and RNA purification was then performed using the RNeasy kit (Qiagen, Cat #74104). RNA quality was analyzed to ensure RNA Quality Number >7. Protein-expressing strain RNA libraries were prepared using a 3' DGE method adapted from Soumillon, Cacchiarelli, & Semrau, 2014 and sequenced on an Illumina HiSeq2500 to generate paired reads of 17bp (read1) + 46bp (read2).	
SRR9943275	WARN(1,3,4,5,6,7)	SRX6691823	SAMN12547482	SRP217973	Illumina HiSeq 2500 sequencing: GSM4025684: X33-H14B Komagataella phaffii RNA-Seq				X33-H14B		GSE135665	PRJNA559571	460519	Komagataella phaffii	RNA-Seq	TRANSCRIPTOMIC	cDNA	Illumina HiSeq 2500	125246454	GSM4025684	Comparative genome-scale analysis of Pichia pastoris variants informs selection of an optimal base strain [protein expression]	Illumina HiSeq 2500 sequencing: GSM4025684: X33-H14B Komagataella phaffii RNA-Seq	Cells were first digested in digestion buffer (50 mM EDTA, 500 mM sorbitol, pH 7.4) supplemented with 0.1% (v/v) 2-Mercaptoethanol and Zymolyase (Zymo Research, Irvine, CA) for 25 min at 30°C and 100 rpm shaking. Lysis and RNA purification was then performed using the RNeasy kit (Qiagen, Cat #74104). RNA quality was analyzed to ensure RNA Quality Number >7. Protein-expressing strain RNA libraries were prepared using a 3' DGE method adapted from Soumillon, Cacchiarelli, & Semrau, 2014 and sequenced on an Illumina HiSeq2500 to generate paired reads of 17bp (read1) + 46bp (read2).	
SRR9943292	PASS	SRX6691840	SAMN12547512	SRP217974	NextSeq 500 sequencing: GSM4025519: GS115.24M_C Komagataella phaffii RNA-Seq				GS115.24M_C		GSE135664	PRJNA559572	460519	Komagataella phaffii	RNA-Seq	TRANSCRIPTOMIC	cDNA	NextSeq 500	192325840	GSM4025519	Comparative genome-scale analysis of Pichia pastoris variants informs selection of an optimal base strain [non-expressing]	NextSeq 500 sequencing: GSM4025519: GS115.24M_C Komagataella phaffii RNA-Seq	Cells were first digested in digestion buffer (50 mM EDTA, 500 mM sorbitol, pH 7.4) supplemented with 0.1% (v/v) 2-Mercaptoethanol and Zymolyase (Zymo Research, Irvine, CA) for 25 min at 30°C and 100 rpm shaking. Lysis and RNA purification was then performed using the RNeasy kit (Qiagen, Cat #74104). RNA quality was analyzed to ensure RNA Quality Number >7. Non-expressing strain RNA libraries were prepared using the KAPA HyperPrep kit (Roche, Basel, SUI) and sequenced on the Illumina NextSeq platform to generate 40-nucleotide paired-end reads.	
SRR9943293	PASS	SRX6691841	SAMN12547511	SRP217974	NextSeq 500 sequencing: GSM4025520: X33.0G_A Komagataella phaffii RNA-Seq				X33.0G_A		GSE135664	PRJNA559572	460519	Komagataella phaffii	RNA-Seq	TRANSCRIPTOMIC	cDNA	NextSeq 500	235314160	GSM4025520	Comparative genome-scale analysis of Pichia pastoris variants informs selection of an optimal base strain [non-expressing]	NextSeq 500 sequencing: GSM4025520: X33.0G_A Komagataella phaffii RNA-Seq	Cells were first digested in digestion buffer (50 mM EDTA, 500 mM sorbitol, pH 7.4) supplemented with 0.1% (v/v) 2-Mercaptoethanol and Zymolyase (Zymo Research, Irvine, CA) for 25 min at 30°C and 100 rpm shaking. Lysis and RNA purification was then performed using the RNeasy kit (Qiagen, Cat #74104). RNA quality was analyzed to ensure RNA Quality Number >7. Non-expressing strain RNA libraries were prepared using the KAPA HyperPrep kit (Roche, Basel, SUI) and sequenced on the Illumina NextSeq platform to generate 40-nucleotide paired-end reads.	
SRR9943295	WARN(5,7)	SRX6691843	SAMN12547509	SRP217974	NextSeq 500 sequencing: GSM4025522: X33.0G_C Komagataella phaffii RNA-Seq				X33.0G_C		GSE135664	PRJNA559572	460519	Komagataella phaffii	RNA-Seq	TRANSCRIPTOMIC	cDNA	NextSeq 500	120306720	GSM4025522	Comparative genome-scale analysis of Pichia pastoris variants informs selection of an optimal base strain [non-expressing]	NextSeq 500 sequencing: GSM4025522: X33.0G_C Komagataella phaffii RNA-Seq	Cells were first digested in digestion buffer (50 mM EDTA, 500 mM sorbitol, pH 7.4) supplemented with 0.1% (v/v) 2-Mercaptoethanol and Zymolyase (Zymo Research, Irvine, CA) for 25 min at 30°C and 100 rpm shaking. Lysis and RNA purification was then performed using the RNeasy kit (Qiagen, Cat #74104). RNA quality was analyzed to ensure RNA Quality Number >7. Non-expressing strain RNA libraries were prepared using the KAPA HyperPrep kit (Roche, Basel, SUI) and sequenced on the Illumina NextSeq platform to generate 40-nucleotide paired-end reads.	
SRR9943298	PASS	SRX6691846	SAMN12547506	SRP217974	Illumina HiSeq 2000 sequencing: GSM4025525: X33.24G_C Komagataella phaffii RNA-Seq				X33.24G_C		GSE135664	PRJNA559572	460519	Komagataella phaffii	RNA-Seq	TRANSCRIPTOMIC	cDNA	Illumina HiSeq 2000	217379520	GSM4025525	Comparative genome-scale analysis of Pichia pastoris variants informs selection of an optimal base strain [non-expressing]	Illumina HiSeq 2000 sequencing: GSM4025525: X33.24G_C Komagataella phaffii RNA-Seq	Cells were first digested in digestion buffer (50 mM EDTA, 500 mM sorbitol, pH 7.4) supplemented with 0.1% (v/v) 2-Mercaptoethanol and Zymolyase (Zymo Research, Irvine, CA) for 25 min at 30°C and 100 rpm shaking. Lysis and RNA purification was then performed using the RNeasy kit (Qiagen, Cat #74104). RNA quality was analyzed to ensure RNA Quality Number >7. Non-expressing strain RNA libraries were prepared using the KAPA HyperPrep kit (Roche, Basel, SUI) and sequenced on the Illumina NextSeq platform to generate 40-nucleotide paired-end reads.	
SRR9943299	PASS	SRX6691847	SAMN12547505	SRP217974	Illumina HiSeq 2000 sequencing: GSM4025526: X33.24M_A Komagataella phaffii RNA-Seq				X33.24M_A		GSE135664	PRJNA559572	460519	Komagataella phaffii	RNA-Seq	TRANSCRIPTOMIC	cDNA	Illumina HiSeq 2000	220088320	GSM4025526	Comparative genome-scale analysis of Pichia pastoris variants informs selection of an optimal base strain [non-expressing]	Illumina HiSeq 2000 sequencing: GSM4025526: X33.24M_A Komagataella phaffii RNA-Seq	Cells were first digested in digestion buffer (50 mM EDTA, 500 mM sorbitol, pH 7.4) supplemented with 0.1% (v/v) 2-Mercaptoethanol and Zymolyase (Zymo Research, Irvine, CA) for 25 min at 30°C and 100 rpm shaking. Lysis and RNA purification was then performed using the RNeasy kit (Qiagen, Cat #74104). RNA quality was analyzed to ensure RNA Quality Number >7. Non-expressing strain RNA libraries were prepared using the KAPA HyperPrep kit (Roche, Basel, SUI) and sequenced on the Illumina NextSeq platform to generate 40-nucleotide paired-end reads.	
SRR9943302	PASS	SRX6691850	SAMN12547502	SRP217974	NextSeq 500 sequencing: GSM4025529: Y11430.0G_A Komagataella phaffii RNA-Seq				Y11430.0G_A		GSE135664	PRJNA559572	460519	Komagataella phaffii	RNA-Seq	TRANSCRIPTOMIC	cDNA	NextSeq 500	191168240	GSM4025529	Comparative genome-scale analysis of Pichia pastoris variants informs selection of an optimal base strain [non-expressing]	NextSeq 500 sequencing: GSM4025529: Y11430.0G_A Komagataella phaffii RNA-Seq	Cells were first digested in digestion buffer (50 mM EDTA, 500 mM sorbitol, pH 7.4) supplemented with 0.1% (v/v) 2-Mercaptoethanol and Zymolyase (Zymo Research, Irvine, CA) for 25 min at 30°C and 100 rpm shaking. Lysis and RNA purification was then performed using the RNeasy kit (Qiagen, Cat #74104). RNA quality was analyzed to ensure RNA Quality Number >7. Non-expressing strain RNA libraries were prepared using the KAPA HyperPrep kit (Roche, Basel, SUI) and sequenced on the Illumina NextSeq platform to generate 40-nucleotide paired-end reads.	
SRR9943303	PASS	SRX6691851	SAMN12547470	SRP217974	NextSeq 500 sequencing: GSM4025530: Y11430.0G_B Komagataella phaffii RNA-Seq				Y11430.0G_B		GSE135664	PRJNA559572	460519	Komagataella phaffii	RNA-Seq	TRANSCRIPTOMIC	cDNA	NextSeq 500	178563120	GSM4025530	Comparative genome-scale analysis of Pichia pastoris variants informs selection of an optimal base strain [non-expressing]	NextSeq 500 sequencing: GSM4025530: Y11430.0G_B Komagataella phaffii RNA-Seq	Cells were first digested in digestion buffer (50 mM EDTA, 500 mM sorbitol, pH 7.4) supplemented with 0.1% (v/v) 2-Mercaptoethanol and Zymolyase (Zymo Research, Irvine, CA) for 25 min at 30°C and 100 rpm shaking. Lysis and RNA purification was then performed using the RNeasy kit (Qiagen, Cat #74104). RNA quality was analyzed to ensure RNA Quality Number >7. Non-expressing strain RNA libraries were prepared using the KAPA HyperPrep kit (Roche, Basel, SUI) and sequenced on the Illumina NextSeq platform to generate 40-nucleotide paired-end reads.	
SRR9943307	PASS	SRX6691855	SAMN12547466	SRP217974	NextSeq 500 sequencing: GSM4025534: Y11430.0G_F Komagataella phaffii RNA-Seq				Y11430.0G_F		GSE135664	PRJNA559572	460519	Komagataella phaffii	RNA-Seq	TRANSCRIPTOMIC	cDNA	NextSeq 500	230884320	GSM4025534	Comparative genome-scale analysis of Pichia pastoris variants informs selection of an optimal base strain [non-expressing]	NextSeq 500 sequencing: GSM4025534: Y11430.0G_F Komagataella phaffii RNA-Seq	Cells were first digested in digestion buffer (50 mM EDTA, 500 mM sorbitol, pH 7.4) supplemented with 0.1% (v/v) 2-Mercaptoethanol and Zymolyase (Zymo Research, Irvine, CA) for 25 min at 30°C and 100 rpm shaking. Lysis and RNA purification was then performed using the RNeasy kit (Qiagen, Cat #74104). RNA quality was analyzed to ensure RNA Quality Number >7. Non-expressing strain RNA libraries were prepared using the KAPA HyperPrep kit (Roche, Basel, SUI) and sequenced on the Illumina NextSeq platform to generate 40-nucleotide paired-end reads.	
SRR9943310	WARN(1,5,7)	SRX6691858	SAMN12547463	SRP217974	NextSeq 500 sequencing: GSM4025537: Y11430.24G_D Komagataella phaffii RNA-Seq				Y11430.24G_D		GSE135664	PRJNA559572	460519	Komagataella phaffii	RNA-Seq	TRANSCRIPTOMIC	cDNA	NextSeq 500	21042440	GSM4025537	Comparative genome-scale analysis of Pichia pastoris variants informs selection of an optimal base strain [non-expressing]	NextSeq 500 sequencing: GSM4025537: Y11430.24G_D Komagataella phaffii RNA-Seq	Cells were first digested in digestion buffer (50 mM EDTA, 500 mM sorbitol, pH 7.4) supplemented with 0.1% (v/v) 2-Mercaptoethanol and Zymolyase (Zymo Research, Irvine, CA) for 25 min at 30°C and 100 rpm shaking. Lysis and RNA purification was then performed using the RNeasy kit (Qiagen, Cat #74104). RNA quality was analyzed to ensure RNA Quality Number >7. Non-expressing strain RNA libraries were prepared using the KAPA HyperPrep kit (Roche, Basel, SUI) and sequenced on the Illumina NextSeq platform to generate 40-nucleotide paired-end reads.	
SRR9943315	PASS	SRX6691863	SAMN12547458	SRP217974	NextSeq 500 sequencing: GSM4025542: Y11430.24M_E Komagataella phaffii RNA-Seq				Y11430.24M_E		GSE135664	PRJNA559572	460519	Komagataella phaffii	RNA-Seq	TRANSCRIPTOMIC	cDNA	NextSeq 500	220376440	GSM4025542	Comparative genome-scale analysis of Pichia pastoris variants informs selection of an optimal base strain [non-expressing]	NextSeq 500 sequencing: GSM4025542: Y11430.24M_E Komagataella phaffii RNA-Seq	Cells were first digested in digestion buffer (50 mM EDTA, 500 mM sorbitol, pH 7.4) supplemented with 0.1% (v/v) 2-Mercaptoethanol and Zymolyase (Zymo Research, Irvine, CA) for 25 min at 30°C and 100 rpm shaking. Lysis and RNA purification was then performed using the RNeasy kit (Qiagen, Cat #74104). RNA quality was analyzed to ensure RNA Quality Number >7. Non-expressing strain RNA libraries were prepared using the KAPA HyperPrep kit (Roche, Basel, SUI) and sequenced on the Illumina NextSeq platform to generate 40-nucleotide paired-end reads.	
SRR9943317	PASS	SRX6691865	SAMN12547456	SRP217974	NextSeq 500 sequencing: GSM4025544: Y11430.24M_G Komagataella phaffii RNA-Seq				Y11430.24M_G		GSE135664	PRJNA559572	460519	Komagataella phaffii	RNA-Seq	TRANSCRIPTOMIC	cDNA	NextSeq 500	156870720	GSM4025544	Comparative genome-scale analysis of Pichia pastoris variants informs selection of an optimal base strain [non-expressing]	NextSeq 500 sequencing: GSM4025544: Y11430.24M_G Komagataella phaffii RNA-Seq	Cells were first digested in digestion buffer (50 mM EDTA, 500 mM sorbitol, pH 7.4) supplemented with 0.1% (v/v) 2-Mercaptoethanol and Zymolyase (Zymo Research, Irvine, CA) for 25 min at 30°C and 100 rpm shaking. Lysis and RNA purification was then performed using the RNeasy kit (Qiagen, Cat #74104). RNA quality was analyzed to ensure RNA Quality Number >7. Non-expressing strain RNA libraries were prepared using the KAPA HyperPrep kit (Roche, Basel, SUI) and sequenced on the Illumina NextSeq platform to generate 40-nucleotide paired-end reads.	
SRR9943320	PASS	SRX6691868	SAMN12547453	SRP217974	NextSeq 500 sequencing: GSM4025547: Y12729.0G_C Komagataella phaffii RNA-Seq				Y12729.0G_C		GSE135664	PRJNA559572	460519	Komagataella phaffii	RNA-Seq	TRANSCRIPTOMIC	cDNA	NextSeq 500	246260040	GSM4025547	Comparative genome-scale analysis of Pichia pastoris variants informs selection of an optimal base strain [non-expressing]	NextSeq 500 sequencing: GSM4025547: Y12729.0G_C Komagataella phaffii RNA-Seq	Cells were first digested in digestion buffer (50 mM EDTA, 500 mM sorbitol, pH 7.4) supplemented with 0.1% (v/v) 2-Mercaptoethanol and Zymolyase (Zymo Research, Irvine, CA) for 25 min at 30°C and 100 rpm shaking. Lysis and RNA purification was then performed using the RNeasy kit (Qiagen, Cat #74104). RNA quality was analyzed to ensure RNA Quality Number >7. Non-expressing strain RNA libraries were prepared using the KAPA HyperPrep kit (Roche, Basel, SUI) and sequenced on the Illumina NextSeq platform to generate 40-nucleotide paired-end reads.	
SRR9943325	PASS	SRX6691873	SAMN12547498	SRP217974	NextSeq 500 sequencing: GSM4025552: Y12729.24M_B Komagataella phaffii RNA-Seq				Y12729.24M_B		GSE135664	PRJNA559572	460519	Komagataella phaffii	RNA-Seq	TRANSCRIPTOMIC	cDNA	NextSeq 500	186013720	GSM4025552	Comparative genome-scale analysis of Pichia pastoris variants informs selection of an optimal base strain [non-expressing]	NextSeq 500 sequencing: GSM4025552: Y12729.24M_B Komagataella phaffii RNA-Seq	Cells were first digested in digestion buffer (50 mM EDTA, 500 mM sorbitol, pH 7.4) supplemented with 0.1% (v/v) 2-Mercaptoethanol and Zymolyase (Zymo Research, Irvine, CA) for 25 min at 30°C and 100 rpm shaking. Lysis and RNA purification was then performed using the RNeasy kit (Qiagen, Cat #74104). RNA quality was analyzed to ensure RNA Quality Number >7. Non-expressing strain RNA libraries were prepared using the KAPA HyperPrep kit (Roche, Basel, SUI) and sequenced on the Illumina NextSeq platform to generate 40-nucleotide paired-end reads.	
SRR9943329	PASS	SRX6691877	SAMN12547494	SRP217974	NextSeq 500 sequencing: GSM4025556: Y17741.0G_C Komagataella phaffii RNA-Seq				Y17741.0G_C		GSE135664	PRJNA559572	460519	Komagataella phaffii	RNA-Seq	TRANSCRIPTOMIC	cDNA	NextSeq 500	223915280	GSM4025556	Comparative genome-scale analysis of Pichia pastoris variants informs selection of an optimal base strain [non-expressing]	NextSeq 500 sequencing: GSM4025556: Y17741.0G_C Komagataella phaffii RNA-Seq	Cells were first digested in digestion buffer (50 mM EDTA, 500 mM sorbitol, pH 7.4) supplemented with 0.1% (v/v) 2-Mercaptoethanol and Zymolyase (Zymo Research, Irvine, CA) for 25 min at 30°C and 100 rpm shaking. Lysis and RNA purification was then performed using the RNeasy kit (Qiagen, Cat #74104). RNA quality was analyzed to ensure RNA Quality Number >7. Non-expressing strain RNA libraries were prepared using the KAPA HyperPrep kit (Roche, Basel, SUI) and sequenced on the Illumina NextSeq platform to generate 40-nucleotide paired-end reads.	
SRR9943334	WARN(5,7)	SRX6691882	SAMN12547553	SRP217974	NextSeq 500 sequencing: GSM4025561: Y17741.24M_C Komagataella phaffii RNA-Seq				Y17741.24M_C		GSE135664	PRJNA559572	460519	Komagataella phaffii	RNA-Seq	TRANSCRIPTOMIC	cDNA	NextSeq 500	141576960	GSM4025561	Comparative genome-scale analysis of Pichia pastoris variants informs selection of an optimal base strain [non-expressing]	NextSeq 500 sequencing: GSM4025561: Y17741.24M_C Komagataella phaffii RNA-Seq	Cells were first digested in digestion buffer (50 mM EDTA, 500 mM sorbitol, pH 7.4) supplemented with 0.1% (v/v) 2-Mercaptoethanol and Zymolyase (Zymo Research, Irvine, CA) for 25 min at 30°C and 100 rpm shaking. Lysis and RNA purification was then performed using the RNeasy kit (Qiagen, Cat #74104). RNA quality was analyzed to ensure RNA Quality Number >7. Non-expressing strain RNA libraries were prepared using the KAPA HyperPrep kit (Roche, Basel, SUI) and sequenced on the Illumina NextSeq platform to generate 40-nucleotide paired-end reads.	
SRR9943335	WARN(7)	SRX6691883	SAMN12547552	SRP217974	NextSeq 500 sequencing: GSM4025562: Y17741.24M_D Komagataella phaffii RNA-Seq				Y17741.24M_D		GSE135664	PRJNA559572	460519	Komagataella phaffii	RNA-Seq	TRANSCRIPTOMIC	cDNA	NextSeq 500	164949200	GSM4025562	Comparative genome-scale analysis of Pichia pastoris variants informs selection of an optimal base strain [non-expressing]	NextSeq 500 sequencing: GSM4025562: Y17741.24M_D Komagataella phaffii RNA-Seq	Cells were first digested in digestion buffer (50 mM EDTA, 500 mM sorbitol, pH 7.4) supplemented with 0.1% (v/v) 2-Mercaptoethanol and Zymolyase (Zymo Research, Irvine, CA) for 25 min at 30°C and 100 rpm shaking. Lysis and RNA purification was then performed using the RNeasy kit (Qiagen, Cat #74104). RNA quality was analyzed to ensure RNA Quality Number >7. Non-expressing strain RNA libraries were prepared using the KAPA HyperPrep kit (Roche, Basel, SUI) and sequenced on the Illumina NextSeq platform to generate 40-nucleotide paired-end reads.	
SRR9943337	PASS	SRX6691885	SAMN12547550	SRP217974	NextSeq 500 sequencing: GSM4025564: Y48123.0G_B Komagataella phaffii RNA-Seq				Y48123.0G_B		GSE135664	PRJNA559572	460519	Komagataella phaffii	RNA-Seq	TRANSCRIPTOMIC	cDNA	NextSeq 500	209037040	GSM4025564	Comparative genome-scale analysis of Pichia pastoris variants informs selection of an optimal base strain [non-expressing]	NextSeq 500 sequencing: GSM4025564: Y48123.0G_B Komagataella phaffii RNA-Seq	Cells were first digested in digestion buffer (50 mM EDTA, 500 mM sorbitol, pH 7.4) supplemented with 0.1% (v/v) 2-Mercaptoethanol and Zymolyase (Zymo Research, Irvine, CA) for 25 min at 30°C and 100 rpm shaking. Lysis and RNA purification was then performed using the RNeasy kit (Qiagen, Cat #74104). RNA quality was analyzed to ensure RNA Quality Number >7. Non-expressing strain RNA libraries were prepared using the KAPA HyperPrep kit (Roche, Basel, SUI) and sequenced on the Illumina NextSeq platform to generate 40-nucleotide paired-end reads.	
SRR9943338	PASS	SRX6691886	SAMN12547549	SRP217974	NextSeq 500 sequencing: GSM4025565: Y48123.0G_C Komagataella phaffii RNA-Seq				Y48123.0G_C		GSE135664	PRJNA559572	460519	Komagataella phaffii	RNA-Seq	TRANSCRIPTOMIC	cDNA	NextSeq 500	182070480	GSM4025565	Comparative genome-scale analysis of Pichia pastoris variants informs selection of an optimal base strain [non-expressing]	NextSeq 500 sequencing: GSM4025565: Y48123.0G_C Komagataella phaffii RNA-Seq	Cells were first digested in digestion buffer (50 mM EDTA, 500 mM sorbitol, pH 7.4) supplemented with 0.1% (v/v) 2-Mercaptoethanol and Zymolyase (Zymo Research, Irvine, CA) for 25 min at 30°C and 100 rpm shaking. Lysis and RNA purification was then performed using the RNeasy kit (Qiagen, Cat #74104). RNA quality was analyzed to ensure RNA Quality Number >7. Non-expressing strain RNA libraries were prepared using the KAPA HyperPrep kit (Roche, Basel, SUI) and sequenced on the Illumina NextSeq platform to generate 40-nucleotide paired-end reads.	
SRR9943341	PASS	SRX6691889	SAMN12547546	SRP217974	NextSeq 500 sequencing: GSM4025568: Y48123.24M_B Komagataella phaffii RNA-Seq				Y48123.24M_B		GSE135664	PRJNA559572	460519	Komagataella phaffii	RNA-Seq	TRANSCRIPTOMIC	cDNA	NextSeq 500	248507880	GSM4025568	Comparative genome-scale analysis of Pichia pastoris variants informs selection of an optimal base strain [non-expressing]	NextSeq 500 sequencing: GSM4025568: Y48123.24M_B Komagataella phaffii RNA-Seq	Cells were first digested in digestion buffer (50 mM EDTA, 500 mM sorbitol, pH 7.4) supplemented with 0.1% (v/v) 2-Mercaptoethanol and Zymolyase (Zymo Research, Irvine, CA) for 25 min at 30°C and 100 rpm shaking. Lysis and RNA purification was then performed using the RNeasy kit (Qiagen, Cat #74104). RNA quality was analyzed to ensure RNA Quality Number >7. Non-expressing strain RNA libraries were prepared using the KAPA HyperPrep kit (Roche, Basel, SUI) and sequenced on the Illumina NextSeq platform to generate 40-nucleotide paired-end reads.	
SRR9943346	PASS	SRX6691894	SAMN12547571	SRP217974	NextSeq 500 sequencing: GSM4025573: Y48124.0G_C Komagataella phaffii RNA-Seq				Y48124.0G_C		GSE135664	PRJNA559572	460519	Komagataella phaffii	RNA-Seq	TRANSCRIPTOMIC	cDNA	NextSeq 500	186608400	GSM4025573	Comparative genome-scale analysis of Pichia pastoris variants informs selection of an optimal base strain [non-expressing]	NextSeq 500 sequencing: GSM4025573: Y48124.0G_C Komagataella phaffii RNA-Seq	Cells were first digested in digestion buffer (50 mM EDTA, 500 mM sorbitol, pH 7.4) supplemented with 0.1% (v/v) 2-Mercaptoethanol and Zymolyase (Zymo Research, Irvine, CA) for 25 min at 30°C and 100 rpm shaking. Lysis and RNA purification was then performed using the RNeasy kit (Qiagen, Cat #74104). RNA quality was analyzed to ensure RNA Quality Number >7. Non-expressing strain RNA libraries were prepared using the KAPA HyperPrep kit (Roche, Basel, SUI) and sequenced on the Illumina NextSeq platform to generate 40-nucleotide paired-end reads.	
SRR9943347	WARN(3,4,6,7)	SRX6691895	SAMN12547570	SRP217974	NextSeq 500 sequencing: GSM4025574: Y48124.24G_A Komagataella phaffii RNA-Seq				Y48124.24G_A		GSE135664	PRJNA559572	460519	Komagataella phaffii	RNA-Seq	TRANSCRIPTOMIC	cDNA	NextSeq 500	198296360	GSM4025574	Comparative genome-scale analysis of Pichia pastoris variants informs selection of an optimal base strain [non-expressing]	NextSeq 500 sequencing: GSM4025574: Y48124.24G_A Komagataella phaffii RNA-Seq	Cells were first digested in digestion buffer (50 mM EDTA, 500 mM sorbitol, pH 7.4) supplemented with 0.1% (v/v) 2-Mercaptoethanol and Zymolyase (Zymo Research, Irvine, CA) for 25 min at 30°C and 100 rpm shaking. Lysis and RNA purification was then performed using the RNeasy kit (Qiagen, Cat #74104). RNA quality was analyzed to ensure RNA Quality Number >7. Non-expressing strain RNA libraries were prepared using the KAPA HyperPrep kit (Roche, Basel, SUI) and sequenced on the Illumina NextSeq platform to generate 40-nucleotide paired-end reads.	
SRR9943351	PASS	SRX6691899	SAMN12547564	SRP217974	NextSeq 500 sequencing: GSM4025578: Y48124.24M_B Komagataella phaffii RNA-Seq				Y48124.24M_B		GSE135664	PRJNA559572	460519	Komagataella phaffii	RNA-Seq	TRANSCRIPTOMIC	cDNA	NextSeq 500	166565840	GSM4025578	Comparative genome-scale analysis of Pichia pastoris variants informs selection of an optimal base strain [non-expressing]	NextSeq 500 sequencing: GSM4025578: Y48124.24M_B Komagataella phaffii RNA-Seq	Cells were first digested in digestion buffer (50 mM EDTA, 500 mM sorbitol, pH 7.4) supplemented with 0.1% (v/v) 2-Mercaptoethanol and Zymolyase (Zymo Research, Irvine, CA) for 25 min at 30°C and 100 rpm shaking. Lysis and RNA purification was then performed using the RNeasy kit (Qiagen, Cat #74104). RNA quality was analyzed to ensure RNA Quality Number >7. Non-expressing strain RNA libraries were prepared using the KAPA HyperPrep kit (Roche, Basel, SUI) and sequenced on the Illumina NextSeq platform to generate 40-nucleotide paired-end reads.	
SRR9943353	PASS	SRX6691901	SAMN12547562	SRP217974	NextSeq 500 sequencing: GSM4025580: Y7556.0G_A Komagataella phaffii RNA-Seq				Y7556.0G_A		GSE135664	PRJNA559572	460519	Komagataella phaffii	RNA-Seq	TRANSCRIPTOMIC	cDNA	NextSeq 500	256523840	GSM4025580	Comparative genome-scale analysis of Pichia pastoris variants informs selection of an optimal base strain [non-expressing]	NextSeq 500 sequencing: GSM4025580: Y7556.0G_A Komagataella phaffii RNA-Seq	Cells were first digested in digestion buffer (50 mM EDTA, 500 mM sorbitol, pH 7.4) supplemented with 0.1% (v/v) 2-Mercaptoethanol and Zymolyase (Zymo Research, Irvine, CA) for 25 min at 30°C and 100 rpm shaking. Lysis and RNA purification was then performed using the RNeasy kit (Qiagen, Cat #74104). RNA quality was analyzed to ensure RNA Quality Number >7. Non-expressing strain RNA libraries were prepared using the KAPA HyperPrep kit (Roche, Basel, SUI) and sequenced on the Illumina NextSeq platform to generate 40-nucleotide paired-end reads.	
SRR9943355	PASS	SRX6691903	SAMN12547560	SRP217974	NextSeq 500 sequencing: GSM4025582: Y7556.0G_C Komagataella phaffii RNA-Seq				Y7556.0G_C		GSE135664	PRJNA559572	460519	Komagataella phaffii	RNA-Seq	TRANSCRIPTOMIC	cDNA	NextSeq 500	238936280	GSM4025582	Comparative genome-scale analysis of Pichia pastoris variants informs selection of an optimal base strain [non-expressing]	NextSeq 500 sequencing: GSM4025582: Y7556.0G_C Komagataella phaffii RNA-Seq	Cells were first digested in digestion buffer (50 mM EDTA, 500 mM sorbitol, pH 7.4) supplemented with 0.1% (v/v) 2-Mercaptoethanol and Zymolyase (Zymo Research, Irvine, CA) for 25 min at 30°C and 100 rpm shaking. Lysis and RNA purification was then performed using the RNeasy kit (Qiagen, Cat #74104). RNA quality was analyzed to ensure RNA Quality Number >7. Non-expressing strain RNA libraries were prepared using the KAPA HyperPrep kit (Roche, Basel, SUI) and sequenced on the Illumina NextSeq platform to generate 40-nucleotide paired-end reads.	
SRR9943356	PASS	SRX6691904	SAMN12547559	SRP217974	NextSeq 500 sequencing: GSM4025583: Y7556.24G_A Komagataella phaffii RNA-Seq				Y7556.24G_A		GSE135664	PRJNA559572	460519	Komagataella phaffii	RNA-Seq	TRANSCRIPTOMIC	cDNA	NextSeq 500	215844920	GSM4025583	Comparative genome-scale analysis of Pichia pastoris variants informs selection of an optimal base strain [non-expressing]	NextSeq 500 sequencing: GSM4025583: Y7556.24G_A Komagataella phaffii RNA-Seq	Cells were first digested in digestion buffer (50 mM EDTA, 500 mM sorbitol, pH 7.4) supplemented with 0.1% (v/v) 2-Mercaptoethanol and Zymolyase (Zymo Research, Irvine, CA) for 25 min at 30°C and 100 rpm shaking. Lysis and RNA purification was then performed using the RNeasy kit (Qiagen, Cat #74104). RNA quality was analyzed to ensure RNA Quality Number >7. Non-expressing strain RNA libraries were prepared using the KAPA HyperPrep kit (Roche, Basel, SUI) and sequenced on the Illumina NextSeq platform to generate 40-nucleotide paired-end reads.	
SRR9943358	PASS	SRX6691906	SAMN12547557	SRP217974	NextSeq 500 sequencing: GSM4025585: Y7556.24M_A Komagataella phaffii RNA-Seq				Y7556.24M_A		GSE135664	PRJNA559572	460519	Komagataella phaffii	RNA-Seq	TRANSCRIPTOMIC	cDNA	NextSeq 500	188064120	GSM4025585	Comparative genome-scale analysis of Pichia pastoris variants informs selection of an optimal base strain [non-expressing]	NextSeq 500 sequencing: GSM4025585: Y7556.24M_A Komagataella phaffii RNA-Seq	Cells were first digested in digestion buffer (50 mM EDTA, 500 mM sorbitol, pH 7.4) supplemented with 0.1% (v/v) 2-Mercaptoethanol and Zymolyase (Zymo Research, Irvine, CA) for 25 min at 30°C and 100 rpm shaking. Lysis and RNA purification was then performed using the RNeasy kit (Qiagen, Cat #74104). RNA quality was analyzed to ensure RNA Quality Number >7. Non-expressing strain RNA libraries were prepared using the KAPA HyperPrep kit (Roche, Basel, SUI) and sequenced on the Illumina NextSeq platform to generate 40-nucleotide paired-end reads.	
SRR9943360	WARN(1,5,7)	SRX6691908	SAMN12547555	SRP217974	NextSeq 500 sequencing: GSM4025587: Y7556.24M_C Komagataella phaffii RNA-Seq				Y7556.24M_C		GSE135664	PRJNA559572	460519	Komagataella phaffii	RNA-Seq	TRANSCRIPTOMIC	cDNA	NextSeq 500	71653320	GSM4025587	Comparative genome-scale analysis of Pichia pastoris variants informs selection of an optimal base strain [non-expressing]	NextSeq 500 sequencing: GSM4025587: Y7556.24M_C Komagataella phaffii RNA-Seq	Cells were first digested in digestion buffer (50 mM EDTA, 500 mM sorbitol, pH 7.4) supplemented with 0.1% (v/v) 2-Mercaptoethanol and Zymolyase (Zymo Research, Irvine, CA) for 25 min at 30°C and 100 rpm shaking. Lysis and RNA purification was then performed using the RNeasy kit (Qiagen, Cat #74104). RNA quality was analyzed to ensure RNA Quality Number >7. Non-expressing strain RNA libraries were prepared using the KAPA HyperPrep kit (Roche, Basel, SUI) and sequenced on the Illumina NextSeq platform to generate 40-nucleotide paired-end reads.	
SRR9943361	PASS	SRX6691909	SAMN12547543	SRP217974	NextSeq 500 sequencing: GSM4025588: YB378.0G_A Komagataella phaffii RNA-Seq				YB378.0G_A		GSE135664	PRJNA559572	460519	Komagataella phaffii	RNA-Seq	TRANSCRIPTOMIC	cDNA	NextSeq 500	157705920	GSM4025588	Comparative genome-scale analysis of Pichia pastoris variants informs selection of an optimal base strain [non-expressing]	NextSeq 500 sequencing: GSM4025588: YB378.0G_A Komagataella phaffii RNA-Seq	Cells were first digested in digestion buffer (50 mM EDTA, 500 mM sorbitol, pH 7.4) supplemented with 0.1% (v/v) 2-Mercaptoethanol and Zymolyase (Zymo Research, Irvine, CA) for 25 min at 30°C and 100 rpm shaking. Lysis and RNA purification was then performed using the RNeasy kit (Qiagen, Cat #74104). RNA quality was analyzed to ensure RNA Quality Number >7. Non-expressing strain RNA libraries were prepared using the KAPA HyperPrep kit (Roche, Basel, SUI) and sequenced on the Illumina NextSeq platform to generate 40-nucleotide paired-end reads.	
SRR9943363	PASS	SRX6691911	SAMN12547540	SRP217974	NextSeq 500 sequencing: GSM4025590: YB378.0G_C Komagataella phaffii RNA-Seq				YB378.0G_C		GSE135664	PRJNA559572	460519	Komagataella phaffii	RNA-Seq	TRANSCRIPTOMIC	cDNA	NextSeq 500	230665880	GSM4025590	Comparative genome-scale analysis of Pichia pastoris variants informs selection of an optimal base strain [non-expressing]	NextSeq 500 sequencing: GSM4025590: YB378.0G_C Komagataella phaffii RNA-Seq	Cells were first digested in digestion buffer (50 mM EDTA, 500 mM sorbitol, pH 7.4) supplemented with 0.1% (v/v) 2-Mercaptoethanol and Zymolyase (Zymo Research, Irvine, CA) for 25 min at 30°C and 100 rpm shaking. Lysis and RNA purification was then performed using the RNeasy kit (Qiagen, Cat #74104). RNA quality was analyzed to ensure RNA Quality Number >7. Non-expressing strain RNA libraries were prepared using the KAPA HyperPrep kit (Roche, Basel, SUI) and sequenced on the Illumina NextSeq platform to generate 40-nucleotide paired-end reads.	
SRR9943365	WARN(6)	SRX6691913	SAMN12547538	SRP217974	NextSeq 500 sequencing: GSM4025592: YB378.24G_B Komagataella phaffii RNA-Seq				YB378.24G_B		GSE135664	PRJNA559572	460519	Komagataella phaffii	RNA-Seq	TRANSCRIPTOMIC	cDNA	NextSeq 500	962016480	GSM4025592	Comparative genome-scale analysis of Pichia pastoris variants informs selection of an optimal base strain [non-expressing]	NextSeq 500 sequencing: GSM4025592: YB378.24G_B Komagataella phaffii RNA-Seq	Cells were first digested in digestion buffer (50 mM EDTA, 500 mM sorbitol, pH 7.4) supplemented with 0.1% (v/v) 2-Mercaptoethanol and Zymolyase (Zymo Research, Irvine, CA) for 25 min at 30°C and 100 rpm shaking. Lysis and RNA purification was then performed using the RNeasy kit (Qiagen, Cat #74104). RNA quality was analyzed to ensure RNA Quality Number >7. Non-expressing strain RNA libraries were prepared using the KAPA HyperPrep kit (Roche, Basel, SUI) and sequenced on the Illumina NextSeq platform to generate 40-nucleotide paired-end reads.	
SRR9943369	PASS	SRX6691917	SAMN12547534	SRP217974	NextSeq 500 sequencing: GSM4025596: YB4289.0G_A Komagataella phaffii RNA-Seq				YB4289.0G_A		GSE135664	PRJNA559572	460519	Komagataella phaffii	RNA-Seq	TRANSCRIPTOMIC	cDNA	NextSeq 500	173335160	GSM4025596	Comparative genome-scale analysis of Pichia pastoris variants informs selection of an optimal base strain [non-expressing]	NextSeq 500 sequencing: GSM4025596: YB4289.0G_A Komagataella phaffii RNA-Seq	Cells were first digested in digestion buffer (50 mM EDTA, 500 mM sorbitol, pH 7.4) supplemented with 0.1% (v/v) 2-Mercaptoethanol and Zymolyase (Zymo Research, Irvine, CA) for 25 min at 30°C and 100 rpm shaking. Lysis and RNA purification was then performed using the RNeasy kit (Qiagen, Cat #74104). RNA quality was analyzed to ensure RNA Quality Number >7. Non-expressing strain RNA libraries were prepared using the KAPA HyperPrep kit (Roche, Basel, SUI) and sequenced on the Illumina NextSeq platform to generate 40-nucleotide paired-end reads.	
SRR9943370	PASS	SRX6691918	SAMN12547533	SRP217974	NextSeq 500 sequencing: GSM4025597: YB4289.0G_B Komagataella phaffii RNA-Seq				YB4289.0G_B		GSE135664	PRJNA559572	460519	Komagataella phaffii	RNA-Seq	TRANSCRIPTOMIC	cDNA	NextSeq 500	203695520	GSM4025597	Comparative genome-scale analysis of Pichia pastoris variants informs selection of an optimal base strain [non-expressing]	NextSeq 500 sequencing: GSM4025597: YB4289.0G_B Komagataella phaffii RNA-Seq	Cells were first digested in digestion buffer (50 mM EDTA, 500 mM sorbitol, pH 7.4) supplemented with 0.1% (v/v) 2-Mercaptoethanol and Zymolyase (Zymo Research, Irvine, CA) for 25 min at 30°C and 100 rpm shaking. Lysis and RNA purification was then performed using the RNeasy kit (Qiagen, Cat #74104). RNA quality was analyzed to ensure RNA Quality Number >7. Non-expressing strain RNA libraries were prepared using the KAPA HyperPrep kit (Roche, Basel, SUI) and sequenced on the Illumina NextSeq platform to generate 40-nucleotide paired-end reads.	
SRR9943371	PASS	SRX6691919	SAMN12547532	SRP217974	NextSeq 500 sequencing: GSM4025598: YB4289.0G_C Komagataella phaffii RNA-Seq				YB4289.0G_C		GSE135664	PRJNA559572	460519	Komagataella phaffii	RNA-Seq	TRANSCRIPTOMIC	cDNA	NextSeq 500	205193760	GSM4025598	Comparative genome-scale analysis of Pichia pastoris variants informs selection of an optimal base strain [non-expressing]	NextSeq 500 sequencing: GSM4025598: YB4289.0G_C Komagataella phaffii RNA-Seq	Cells were first digested in digestion buffer (50 mM EDTA, 500 mM sorbitol, pH 7.4) supplemented with 0.1% (v/v) 2-Mercaptoethanol and Zymolyase (Zymo Research, Irvine, CA) for 25 min at 30°C and 100 rpm shaking. Lysis and RNA purification was then performed using the RNeasy kit (Qiagen, Cat #74104). RNA quality was analyzed to ensure RNA Quality Number >7. Non-expressing strain RNA libraries were prepared using the KAPA HyperPrep kit (Roche, Basel, SUI) and sequenced on the Illumina NextSeq platform to generate 40-nucleotide paired-end reads.	
SRR9943376	PASS	SRX6691924	SAMN12547527	SRP217974	NextSeq 500 sequencing: GSM4025603: YB4289.24M_B Komagataella phaffii RNA-Seq				YB4289.24M_B		GSE135664	PRJNA559572	460519	Komagataella phaffii	RNA-Seq	TRANSCRIPTOMIC	cDNA	NextSeq 500	195233520	GSM4025603	Comparative genome-scale analysis of Pichia pastoris variants informs selection of an optimal base strain [non-expressing]	NextSeq 500 sequencing: GSM4025603: YB4289.24M_B Komagataella phaffii RNA-Seq	Cells were first digested in digestion buffer (50 mM EDTA, 500 mM sorbitol, pH 7.4) supplemented with 0.1% (v/v) 2-Mercaptoethanol and Zymolyase (Zymo Research, Irvine, CA) for 25 min at 30°C and 100 rpm shaking. Lysis and RNA purification was then performed using the RNeasy kit (Qiagen, Cat #74104). RNA quality was analyzed to ensure RNA Quality Number >7. Non-expressing strain RNA libraries were prepared using the KAPA HyperPrep kit (Roche, Basel, SUI) and sequenced on the Illumina NextSeq platform to generate 40-nucleotide paired-end reads.	
SRR9943379	PASS	SRX6691927	SAMN12547524	SRP217974	NextSeq 500 sequencing: GSM4025606: YB4290.0G_B Komagataella phaffii RNA-Seq				YB4290.0G_B		GSE135664	PRJNA559572	460519	Komagataella phaffii	RNA-Seq	TRANSCRIPTOMIC	cDNA	NextSeq 500	186619640	GSM4025606	Comparative genome-scale analysis of Pichia pastoris variants informs selection of an optimal base strain [non-expressing]	NextSeq 500 sequencing: GSM4025606: YB4290.0G_B Komagataella phaffii RNA-Seq	Cells were first digested in digestion buffer (50 mM EDTA, 500 mM sorbitol, pH 7.4) supplemented with 0.1% (v/v) 2-Mercaptoethanol and Zymolyase (Zymo Research, Irvine, CA) for 25 min at 30°C and 100 rpm shaking. Lysis and RNA purification was then performed using the RNeasy kit (Qiagen, Cat #74104). RNA quality was analyzed to ensure RNA Quality Number >7. Non-expressing strain RNA libraries were prepared using the KAPA HyperPrep kit (Roche, Basel, SUI) and sequenced on the Illumina NextSeq platform to generate 40-nucleotide paired-end reads.	
SRR9943383	PASS	SRX6691931	SAMN12547520	SRP217974	NextSeq 500 sequencing: GSM4025610: YB4290.24G_C Komagataella phaffii RNA-Seq				YB4290.24G_C		GSE135664	PRJNA559572	460519	Komagataella phaffii	RNA-Seq	TRANSCRIPTOMIC	cDNA	NextSeq 500	169364240	GSM4025610	Comparative genome-scale analysis of Pichia pastoris variants informs selection of an optimal base strain [non-expressing]	NextSeq 500 sequencing: GSM4025610: YB4290.24G_C Komagataella phaffii RNA-Seq	Cells were first digested in digestion buffer (50 mM EDTA, 500 mM sorbitol, pH 7.4) supplemented with 0.1% (v/v) 2-Mercaptoethanol and Zymolyase (Zymo Research, Irvine, CA) for 25 min at 30°C and 100 rpm shaking. Lysis and RNA purification was then performed using the RNeasy kit (Qiagen, Cat #74104). RNA quality was analyzed to ensure RNA Quality Number >7. Non-expressing strain RNA libraries were prepared using the KAPA HyperPrep kit (Roche, Basel, SUI) and sequenced on the Illumina NextSeq platform to generate 40-nucleotide paired-end reads.	
SRR9943385	PASS	SRX6691933	SAMN12547518	SRP217974	NextSeq 500 sequencing: GSM4025612: YB4290.24M_B Komagataella phaffii RNA-Seq				YB4290.24M_B		GSE135664	PRJNA559572	460519	Komagataella phaffii	RNA-Seq	TRANSCRIPTOMIC	cDNA	NextSeq 500	203893920	GSM4025612	Comparative genome-scale analysis of Pichia pastoris variants informs selection of an optimal base strain [non-expressing]	NextSeq 500 sequencing: GSM4025612: YB4290.24M_B Komagataella phaffii RNA-Seq	Cells were first digested in digestion buffer (50 mM EDTA, 500 mM sorbitol, pH 7.4) supplemented with 0.1% (v/v) 2-Mercaptoethanol and Zymolyase (Zymo Research, Irvine, CA) for 25 min at 30°C and 100 rpm shaking. Lysis and RNA purification was then performed using the RNeasy kit (Qiagen, Cat #74104). RNA quality was analyzed to ensure RNA Quality Number >7. Non-expressing strain RNA libraries were prepared using the KAPA HyperPrep kit (Roche, Basel, SUI) and sequenced on the Illumina NextSeq platform to generate 40-nucleotide paired-end reads.	
SRR36141166	PASS	SRX31182276	SAMN53359122	SRP647794	454 GS sequencing: GS115-High-2_S5_L002_R1_001				Microbe sample from Komagataella phaffii		PRJNA1367964	PRJNA1367964	460519	Komagataella phaffii	WGA	TRANSCRIPTOMIC	RANDOM	454 GS	0	GS115-High-2_S5_L002_R1_001	Enhancing the Secretion Efficiency of Heterologous Proteins in Pichia pastoris through N-Glycosylation and SOD1-Mediated Redox Regulation	454 GS sequencing: GS115-High-2_S5_L002_R1_001		
SRR36141168	PASS	SRX31182274	SAMN53359120	SRP647794	454 GS sequencing: GS115-Low-3_S18_L002_R1_001				Microbe sample from Komagataella phaffii		PRJNA1367964	PRJNA1367964	460519	Komagataella phaffii	WGA	TRANSCRIPTOMIC	RANDOM	454 GS	0	GS115-Low-3_S18_L002_R1_001	Enhancing the Secretion Efficiency of Heterologous Proteins in Pichia pastoris through N-Glycosylation and SOD1-Mediated Redox Regulation	454 GS sequencing: GS115-Low-3_S18_L002_R1_001		
SRR36141169	PASS	SRX31182273	SAMN53359119	SRP647794	454 GS sequencing: GS115-Low-2_S17_L002_R1_001				Microbe sample from Komagataella phaffii		PRJNA1367964	PRJNA1367964	460519	Komagataella phaffii	WGA	TRANSCRIPTOMIC	RANDOM	454 GS	0	GS115-Low-2_S17_L002_R1_001	Enhancing the Secretion Efficiency of Heterologous Proteins in Pichia pastoris through N-Glycosylation and SOD1-Mediated Redox Regulation	454 GS sequencing: GS115-Low-2_S17_L002_R1_001		
SRR36141170	PASS	SRX31182272	SAMN53359118	SRP647794	454 GS sequencing: GS115-Low-1_S16_L002_R1_001				Microbe sample from Komagataella phaffii		PRJNA1367964	PRJNA1367964	460519	Komagataella phaffii	WGA	TRANSCRIPTOMIC	RANDOM	454 GS	5990806200	GS115-Low-1_S16_L002_R1_001	Enhancing the Secretion Efficiency of Heterologous Proteins in Pichia pastoris through N-Glycosylation and SOD1-Mediated Redox Regulation	454 GS sequencing: GS115-Low-1_S16_L002_R1_001		
SRR18131266	PASS	SRX14279349	SAMN26155211	SRP361344	Illumina HiSeq 2000 sequencing: RNA-Seq of P. pastoris mutant				Keywords: GSC:MIxS MIGS:5.0		PRJNA809210	PRJNA809210	460519	Komagataella phaffii	RNA-Seq	TRANSCRIPTOMIC	Oligo-dT	Illumina HiSeq 2000	6061521900	WTGg1	Carbon source utilization of Pichia pastoris	Illumina HiSeq 2000 sequencing: RNA-Seq of P. pastoris mutant		
SRR18131267	PASS	SRX14279348	SAMN26155210	SRP361344	Illumina HiSeq 2000 sequencing: RNA-Seq of P. pastoris				Keywords: GSC:MIxS MIGS:5.0		PRJNA809210	PRJNA809210	460519	Komagataella phaffii	RNA-Seq	TRANSCRIPTOMIC	Oligo-dT	Illumina HiSeq 2000	7062019800	MUTGg3	Carbon source utilization of Pichia pastoris	Illumina HiSeq 2000 sequencing: RNA-Seq of P. pastoris		
SRR21913268	PASS	SRX17899198	SAMN31206570	SRP402769	BGISEQ-500 sequencing: sample 9				Glyco4 2 biological replicate 1		PRJNA890185	PRJNA890185	460519	Komagataella phaffii	RNA-Seq	TRANSCRIPTOMIC	cDNA	BGISEQ-500	6103046700	Glyco4 2-1	Komagataella phaffii Transcriptome or Gene expression	BGISEQ-500 sequencing: sample 9		
SRR21913271	PASS	SRX17899195	SAMN31206567	SRP402769	BGISEQ-500 sequencing: sample 6				GS115 3 biological replicate 2		PRJNA890185	PRJNA890185	460519	Komagataella phaffii	RNA-Seq	TRANSCRIPTOMIC	cDNA	BGISEQ-500	6125709000	GS115 3-2	Komagataella phaffii Transcriptome or Gene expression	BGISEQ-500 sequencing: sample 6		
SRR21913273	PASS	SRX17899193	SAMN31206565	SRP402769	BGISEQ-500 sequencing: sample 4				GS115 2 biological replicate 2		PRJNA890185	PRJNA890185	460519	Komagataella phaffii	RNA-Seq	TRANSCRIPTOMIC	cDNA	BGISEQ-500	6442209900	GS115 2-2	Komagataella phaffii Transcriptome or Gene expression	BGISEQ-500 sequencing: sample 4		
SRR21913277	PASS	SRX17899189	SAMN31206563	SRP402769	BGISEQ-500 sequencing: sample 2				GS115 1 biological replicate 2		PRJNA890185	PRJNA890185	460519	Komagataella phaffii	RNA-Seq	TRANSCRIPTOMIC	cDNA	BGISEQ-500	6330249000	GS115 1-2	Komagataella phaffii Transcriptome or Gene expression	BGISEQ-500 sequencing: sample 2		
SRR23319714	WARN(1,5,7)	SRX19262240	SAMN33011513	SRP420684	Illumina MiSeq sequencing: K_phaffii_KM71F after 47 h methanol fed-batch, replicate 1				K_phaffii_KM71F after 47 h methanol fed-batch, pH 3, 30C, 0.5 g/L contant methanol, replicate 1		PRJNA930494	PRJNA930494	460519	Komagataella phaffii	RNA-Seq	TRANSCRIPTOMIC	unspecified	Illumina MiSeq	614546440	CP1M6_47h	Komagataella phaffii Raw sequence reads	Illumina MiSeq sequencing: K_phaffii_KM71F after 47 h methanol fed-batch, replicate 1		
SRR23319717	WARN(1,5,7)	SRX19262237	SAMN33011232	SRP420684	Illumina MiSeq sequencing: K_phaffii_KM71F after 15 h glycerol fed-batch				KM71F after 15 h glycerol fed-batch		PRJNA930494	PRJNA930494	460519	Komagataella phaffii	RNA-Seq	TRANSCRIPTOMIC	unspecified	Illumina MiSeq	658174188	CM2M0_0h	Komagataella phaffii Raw sequence reads	Illumina MiSeq sequencing: K_phaffii_KM71F after 15 h glycerol fed-batch		
SRR23330437	PASS	SRX19272690	SAMN33051913	SRP420805	Illumina NovaSeq 6000 sequencing: GSM7022097: Glucose, T=60 (pH 8.0), rep 2 [S26] Komagataella phaffii RNA-Seq				Glucose, T=60 (pH 8.0), rep 2 [S26]		GSE224427	PRJNA931229	460519	Komagataella phaffii	RNA-Seq	TRANSCRIPTOMIC	cDNA	Illumina NovaSeq 6000	3026081700	GSM7022097	Transcriptomic profiling of the yeast Komagataella phaffii in response to environmental alkalinization	Illumina NovaSeq 6000 sequencing: GSM7022097: Glucose, T=60 (pH 8.0), rep 2 [S26] Komagataella phaffii RNA-Seq	Total RNA was extracted with the Ribo Pure™-Yeast kit (Ambion) following the manufacturer's instructions. The quality was assessed by capillary electrophoresis in a Bioanalyzer equipment and RNA amounts quantified by measuring the A260 in a Nanodrop ND-1000 Spectrophotometer. mRNA was purified from total RNA using poly-T oligo-attached magnetic beads. After fragmentation, the first strand cDNA was synthesized using random hexamer primers, followed by the second strand cDNA synthesis using dTTP (non-directional library). The library was checked by Qubit™ assay (Thermofisher) and real-time PCR for quantification and size distribution monitored with a Bioanalyzer.	
SRR23330440	PASS	SRX19272687	SAMN33051916	SRP420805	Illumina NovaSeq 6000 sequencing: GSM7022094: Glucose, T=30 (pH 8.0), rep 1 [S21] Komagataella phaffii RNA-Seq				Glucose, T=30 (pH 8.0), rep 1 [S21]		GSE224427	PRJNA931229	460519	Komagataella phaffii	RNA-Seq	TRANSCRIPTOMIC	cDNA	Illumina NovaSeq 6000	3598145100	GSM7022094	Transcriptomic profiling of the yeast Komagataella phaffii in response to environmental alkalinization	Illumina NovaSeq 6000 sequencing: GSM7022094: Glucose, T=30 (pH 8.0), rep 1 [S21] Komagataella phaffii RNA-Seq	Total RNA was extracted with the Ribo Pure™-Yeast kit (Ambion) following the manufacturer's instructions. The quality was assessed by capillary electrophoresis in a Bioanalyzer equipment and RNA amounts quantified by measuring the A260 in a Nanodrop ND-1000 Spectrophotometer. mRNA was purified from total RNA using poly-T oligo-attached magnetic beads. After fragmentation, the first strand cDNA was synthesized using random hexamer primers, followed by the second strand cDNA synthesis using dTTP (non-directional library). The library was checked by Qubit™ assay (Thermofisher) and real-time PCR for quantification and size distribution monitored with a Bioanalyzer.	
SRR23330441	PASS	SRX19272686	SAMN33051917	SRP420805	Illumina NovaSeq 6000 sequencing: GSM7022093: Glucose, T=15 (pH 8.0), rep 2 [S24] Komagataella phaffii RNA-Seq				Glucose, T=15 (pH 8.0), rep 2 [S24]		GSE224427	PRJNA931229	460519	Komagataella phaffii	RNA-Seq	TRANSCRIPTOMIC	cDNA	Illumina NovaSeq 6000	3540825750	GSM7022093	Transcriptomic profiling of the yeast Komagataella phaffii in response to environmental alkalinization	Illumina NovaSeq 6000 sequencing: GSM7022093: Glucose, T=15 (pH 8.0), rep 2 [S24] Komagataella phaffii RNA-Seq	Total RNA was extracted with the Ribo Pure™-Yeast kit (Ambion) following the manufacturer's instructions. The quality was assessed by capillary electrophoresis in a Bioanalyzer equipment and RNA amounts quantified by measuring the A260 in a Nanodrop ND-1000 Spectrophotometer. mRNA was purified from total RNA using poly-T oligo-attached magnetic beads. After fragmentation, the first strand cDNA was synthesized using random hexamer primers, followed by the second strand cDNA synthesis using dTTP (non-directional library). The library was checked by Qubit™ assay (Thermofisher) and real-time PCR for quantification and size distribution monitored with a Bioanalyzer.	
SRR23330446	PASS	SRX19272681	SAMN33051922	SRP420805	Illumina NovaSeq 6000 sequencing: GSM7022088: glycerol, T=60 (pH 8.2), rep 1 [S14] Komagataella phaffii RNA-Seq				glycerol, T=60 (pH 8.2), rep 1 [S14]		GSE224427	PRJNA931229	460519	Komagataella phaffii	RNA-Seq	TRANSCRIPTOMIC	cDNA	Illumina NovaSeq 6000	3410416950	GSM7022088	Transcriptomic profiling of the yeast Komagataella phaffii in response to environmental alkalinization	Illumina NovaSeq 6000 sequencing: GSM7022088: glycerol, T=60 (pH 8.2), rep 1 [S14] Komagataella phaffii RNA-Seq	Total RNA was extracted with the Ribo Pure™-Yeast kit (Ambion) following the manufacturer's instructions. The quality was assessed by capillary electrophoresis in a Bioanalyzer equipment and RNA amounts quantified by measuring the A260 in a Nanodrop ND-1000 Spectrophotometer. mRNA was purified from total RNA using poly-T oligo-attached magnetic beads. After fragmentation, the first strand cDNA was synthesized using random hexamer primers, followed by the second strand cDNA synthesis using dTTP (non-directional library). The library was checked by Qubit™ assay (Thermofisher) and real-time PCR for quantification and size distribution monitored with a Bioanalyzer.	
SRR23330448	PASS	SRX19272679	SAMN33051924	SRP420805	Illumina NovaSeq 6000 sequencing: GSM7022086: glycerol, T=30 (pH 8.2), rep 1 [S13] Komagataella phaffii RNA-Seq				glycerol, T=30 (pH 8.2), rep 1 [S13]		GSE224427	PRJNA931229	460519	Komagataella phaffii	RNA-Seq	TRANSCRIPTOMIC	cDNA	Illumina NovaSeq 6000	3545615250	GSM7022086	Transcriptomic profiling of the yeast Komagataella phaffii in response to environmental alkalinization	Illumina NovaSeq 6000 sequencing: GSM7022086: glycerol, T=30 (pH 8.2), rep 1 [S13] Komagataella phaffii RNA-Seq	Total RNA was extracted with the Ribo Pure™-Yeast kit (Ambion) following the manufacturer's instructions. The quality was assessed by capillary electrophoresis in a Bioanalyzer equipment and RNA amounts quantified by measuring the A260 in a Nanodrop ND-1000 Spectrophotometer. mRNA was purified from total RNA using poly-T oligo-attached magnetic beads. After fragmentation, the first strand cDNA was synthesized using random hexamer primers, followed by the second strand cDNA synthesis using dTTP (non-directional library). The library was checked by Qubit™ assay (Thermofisher) and real-time PCR for quantification and size distribution monitored with a Bioanalyzer.	
SRR23330452	PASS	SRX19272675	SAMN33051928	SRP420805	Illumina NovaSeq 6000 sequencing: GSM7022082: glycerol, T=0 (pH 5.5), rep 1 [S11] Komagataella phaffii RNA-Seq				glycerol, T=0 (pH 5.5), rep 1 [S11]		GSE224427	PRJNA931229	460519	Komagataella phaffii	RNA-Seq	TRANSCRIPTOMIC	cDNA	Illumina NovaSeq 6000	3505591050	GSM7022082	Transcriptomic profiling of the yeast Komagataella phaffii in response to environmental alkalinization	Illumina NovaSeq 6000 sequencing: GSM7022082: glycerol, T=0 (pH 5.5), rep 1 [S11] Komagataella phaffii RNA-Seq	Total RNA was extracted with the Ribo Pure™-Yeast kit (Ambion) following the manufacturer's instructions. The quality was assessed by capillary electrophoresis in a Bioanalyzer equipment and RNA amounts quantified by measuring the A260 in a Nanodrop ND-1000 Spectrophotometer. mRNA was purified from total RNA using poly-T oligo-attached magnetic beads. After fragmentation, the first strand cDNA was synthesized using random hexamer primers, followed by the second strand cDNA synthesis using dTTP (non-directional library). The library was checked by Qubit™ assay (Thermofisher) and real-time PCR for quantification and size distribution monitored with a Bioanalyzer.	
SRR23330454	PASS	SRX19272673	SAMN33051930	SRP420805	Illumina NovaSeq 6000 sequencing: GSM7022080: glycerol, T=60 (pH 8.0), rep 1 [a4] Komagataella phaffii RNA-Seq				glycerol, T=60 (pH 8.0), rep 1 [a4]		GSE224427	PRJNA931229	460519	Komagataella phaffii	RNA-Seq	TRANSCRIPTOMIC	cDNA	Illumina NovaSeq 6000	3642415800	GSM7022080	Transcriptomic profiling of the yeast Komagataella phaffii in response to environmental alkalinization	Illumina NovaSeq 6000 sequencing: GSM7022080: glycerol, T=60 (pH 8.0), rep 1 [a4] Komagataella phaffii RNA-Seq	Total RNA was extracted with the Ribo Pure™-Yeast kit (Ambion) following the manufacturer's instructions. The quality was assessed by capillary electrophoresis in a Bioanalyzer equipment and RNA amounts quantified by measuring the A260 in a Nanodrop ND-1000 Spectrophotometer. mRNA was purified from total RNA using poly-T oligo-attached magnetic beads. After fragmentation, the first strand cDNA was synthesized using random hexamer primers, followed by the second strand cDNA synthesis using dTTP (non-directional library). The library was checked by Qubit™ assay (Thermofisher) and real-time PCR for quantification and size distribution monitored with a Bioanalyzer.	
SRR23330459	PASS	SRX19272668	SAMN33051935	SRP420805	Illumina NovaSeq 6000 sequencing: GSM7022075: glycerol, T=15 (pH 8.0), rep 2 [a10] Komagataella phaffii RNA-Seq				glycerol, T=15 (pH 8.0), rep 2 [a10]		GSE224427	PRJNA931229	460519	Komagataella phaffii	RNA-Seq	TRANSCRIPTOMIC	cDNA	Illumina NovaSeq 6000	3129618900	GSM7022075	Transcriptomic profiling of the yeast Komagataella phaffii in response to environmental alkalinization	Illumina NovaSeq 6000 sequencing: GSM7022075: glycerol, T=15 (pH 8.0), rep 2 [a10] Komagataella phaffii RNA-Seq	Total RNA was extracted with the Ribo Pure™-Yeast kit (Ambion) following the manufacturer's instructions. The quality was assessed by capillary electrophoresis in a Bioanalyzer equipment and RNA amounts quantified by measuring the A260 in a Nanodrop ND-1000 Spectrophotometer. mRNA was purified from total RNA using poly-T oligo-attached magnetic beads. After fragmentation, the first strand cDNA was synthesized using random hexamer primers, followed by the second strand cDNA synthesis using dTTP (non-directional library). The library was checked by Qubit™ assay (Thermofisher) and real-time PCR for quantification and size distribution monitored with a Bioanalyzer.	
SRR23330460	PASS	SRX19272667	SAMN33051936	SRP420805	Illumina NovaSeq 6000 sequencing: GSM7022074: glycerol, T=15 (pH 8.0), rep 1 [a9] Komagataella phaffii RNA-Seq				glycerol, T=15 (pH 8.0), rep 1 [a9]		GSE224427	PRJNA931229	460519	Komagataella phaffii	RNA-Seq	TRANSCRIPTOMIC	cDNA	Illumina NovaSeq 6000	3255950100	GSM7022074	Transcriptomic profiling of the yeast Komagataella phaffii in response to environmental alkalinization	Illumina NovaSeq 6000 sequencing: GSM7022074: glycerol, T=15 (pH 8.0), rep 1 [a9] Komagataella phaffii RNA-Seq	Total RNA was extracted with the Ribo Pure™-Yeast kit (Ambion) following the manufacturer's instructions. The quality was assessed by capillary electrophoresis in a Bioanalyzer equipment and RNA amounts quantified by measuring the A260 in a Nanodrop ND-1000 Spectrophotometer. mRNA was purified from total RNA using poly-T oligo-attached magnetic beads. After fragmentation, the first strand cDNA was synthesized using random hexamer primers, followed by the second strand cDNA synthesis using dTTP (non-directional library). The library was checked by Qubit™ assay (Thermofisher) and real-time PCR for quantification and size distribution monitored with a Bioanalyzer.	
SRR23330461	PASS	SRX19272666	SAMN33051937	SRP420805	Illumina NovaSeq 6000 sequencing: GSM7022073: glycerol, T=0 (pH 5.5), rep 2 [a5] Komagataella phaffii RNA-Seq				glycerol, T=0 (pH 5.5), rep 2 [a5]		GSE224427	PRJNA931229	460519	Komagataella phaffii	RNA-Seq	TRANSCRIPTOMIC	cDNA	Illumina NovaSeq 6000	3633334950	GSM7022073	Transcriptomic profiling of the yeast Komagataella phaffii in response to environmental alkalinization	Illumina NovaSeq 6000 sequencing: GSM7022073: glycerol, T=0 (pH 5.5), rep 2 [a5] Komagataella phaffii RNA-Seq	Total RNA was extracted with the Ribo Pure™-Yeast kit (Ambion) following the manufacturer's instructions. The quality was assessed by capillary electrophoresis in a Bioanalyzer equipment and RNA amounts quantified by measuring the A260 in a Nanodrop ND-1000 Spectrophotometer. mRNA was purified from total RNA using poly-T oligo-attached magnetic beads. After fragmentation, the first strand cDNA was synthesized using random hexamer primers, followed by the second strand cDNA synthesis using dTTP (non-directional library). The library was checked by Qubit™ assay (Thermofisher) and real-time PCR for quantification and size distribution monitored with a Bioanalyzer.	
SRR29232741	PASS	SRX24751501	SAMN41600354	SRP510774	Illumina HiSeq X sequencing: RNA-seq of K. phaffii: regular culture				Microbe sample from Komagataella phaffii		PRJNA1118181	PRJNA1118181	460519	Komagataella phaffii	RNA-Seq	TRANSCRIPTOMIC	cDNA_oligo_dT	Illumina HiSeq X	7562499600	WT-regular	Gene expression pattern change upon H2O2 treatment in P. pastoris	Illumina HiSeq X sequencing: RNA-seq of K. phaffii: regular culture		
SRR30806800	FAIL(1,4,5,6,7)	SRX26207604	SAMN43943128	SRP534992	Illumina NovaSeq 6000 sequencing: GSM8539957: K. phaffii, N Starvation, rep3 Komagataella phaffii RNA-Seq				K. phaffii, N Starvation, rep3		GSE278110	PRJNA1165720	460519	Komagataella phaffii	RNA-Seq	TRANSCRIPTOMIC	cDNA	Illumina NovaSeq 6000	59150750	GSM8539957	Specific features of the transcriptomic response to nitrogen starvation in methylotrophic yeast Komagataella phaffi	Illumina NovaSeq 6000 sequencing: GSM8539957: K. phaffii, N Starvation, rep3 Komagataella phaffii RNA-Seq	RNA was harvested using YeaStar RNA Kit (Zymo Research, USA). 300 ng of total RNA was used for the construction of sequencing libraries. RNA libraries for RNA-seq were prepared using the QuantSeq 3′ mRNA-Seq Library Prep Kit FWD for Illumina (Lexogen, Austria) following manufacturer's protocols.	
SRR30806803	FAIL(5,6,7)	SRX26207601	SAMN43943131	SRP534992	Illumina NovaSeq 6000 sequencing: GSM8539954: K. phaffii, Control, rep3 Komagataella phaffii RNA-Seq				K. phaffii, Control, rep3		GSE278110	PRJNA1165720	460519	Komagataella phaffii	RNA-Seq	TRANSCRIPTOMIC	cDNA	Illumina NovaSeq 6000	148439500	GSM8539954	Specific features of the transcriptomic response to nitrogen starvation in methylotrophic yeast Komagataella phaffi	Illumina NovaSeq 6000 sequencing: GSM8539954: K. phaffii, Control, rep3 Komagataella phaffii RNA-Seq	RNA was harvested using YeaStar RNA Kit (Zymo Research, USA). 300 ng of total RNA was used for the construction of sequencing libraries. RNA libraries for RNA-seq were prepared using the QuantSeq 3′ mRNA-Seq Library Prep Kit FWD for Illumina (Lexogen, Austria) following manufacturer's protocols.	
SRR30806804	FAIL(4,5,6,7)	SRX26207600	SAMN43943132	SRP534992	Illumina NovaSeq 6000 sequencing: GSM8539953: K. phaffii, Control, rep2 Komagataella phaffii RNA-Seq				K. phaffii, Control, rep2		GSE278110	PRJNA1165720	460519	Komagataella phaffii	RNA-Seq	TRANSCRIPTOMIC	cDNA	Illumina NovaSeq 6000	143162000	GSM8539953	Specific features of the transcriptomic response to nitrogen starvation in methylotrophic yeast Komagataella phaffi	Illumina NovaSeq 6000 sequencing: GSM8539953: K. phaffii, Control, rep2 Komagataella phaffii RNA-Seq	RNA was harvested using YeaStar RNA Kit (Zymo Research, USA). 300 ng of total RNA was used for the construction of sequencing libraries. RNA libraries for RNA-seq were prepared using the QuantSeq 3′ mRNA-Seq Library Prep Kit FWD for Illumina (Lexogen, Austria) following manufacturer's protocols.	
SRR31155561	PASS	SRX26539112	SAMN44500167	SRP541930	HiSeq X Ten sequencing: RNA seq GS115 R1 Control Induced in YNBM				RNA seq GS115 R1 Control Induced in YNBM		PRJNA1179660	PRJNA1179660	460519	Komagataella phaffii	RNA-Seq	TRANSCRIPTOMIC	cDNA	HiSeq X Ten	1654632028	M1Rep1	Synthetic transcription factors establish the function of nine amino acid transactivation domains of Komagataella phaffii Mxr1	HiSeq X Ten sequencing: RNA seq GS115 R1 Control Induced in YNBM		
SRR31155562	PASS	SRX26539111	SAMN44500166	SRP541930	HiSeq X Ten sequencing: RNA seq mxr1: Mxr1N400 TAD-A R4 test stain induced in YNBE				RNA seq mxr1: Mxr1N400 TAD-A R4 test stain induced in YNBE		PRJNA1179660	PRJNA1179660	460519	Komagataella phaffii	RNA-Seq	TRANSCRIPTOMIC	cDNA	HiSeq X Ten	4497158406	E2Rep4	Synthetic transcription factors establish the function of nine amino acid transactivation domains of Komagataella phaffii Mxr1	HiSeq X Ten sequencing: RNA seq mxr1: Mxr1N400 TAD-A R4 test stain induced in YNBE		
SRR31155565	PASS	SRX26539108	SAMN44500163	SRP541930	HiSeq X Ten sequencing: RNA seq mxr1: Mxr1N400 TAD-A R1 test stain induced in YNBE				RNA seq mxr1: Mxr1N400 TAD-A R1 test stain induced in YNBE		PRJNA1179660	PRJNA1179660	460519	Komagataella phaffii	RNA-Seq	TRANSCRIPTOMIC	cDNA	HiSeq X Ten	5066515080	E2Rep1	Synthetic transcription factors establish the function of nine amino acid transactivation domains of Komagataella phaffii Mxr1	HiSeq X Ten sequencing: RNA seq mxr1: Mxr1N400 TAD-A R1 test stain induced in YNBE		
SRR31155567	PASS	SRX26539106	SAMN44500161	SRP541930	HiSeq X Ten sequencing: RNA seq GS115 R3 Control Induced in YNBE				RNA seq GS115 R3 Control Induced in YNBE		PRJNA1179660	PRJNA1179660	460519	Komagataella phaffii	RNA-Seq	TRANSCRIPTOMIC	cDNA	HiSeq X Ten	3694352108	E1Rep3	Synthetic transcription factors establish the function of nine amino acid transactivation domains of Komagataella phaffii Mxr1	HiSeq X Ten sequencing: RNA seq GS115 R3 Control Induced in YNBE		
SRR31155574	PASS	SRX26539099	SAMN44500160	SRP541930	HiSeq X Ten sequencing: RNA seq GS115 R2 Control Induced in YNBE				RNA seq GS115 R2 Control Induced in YNBE		PRJNA1179660	PRJNA1179660	460519	Komagataella phaffii	RNA-Seq	TRANSCRIPTOMIC	cDNA	HiSeq X Ten	2875262574	E1Rep2	Synthetic transcription factors establish the function of nine amino acid transactivation domains of Komagataella phaffii Mxr1	HiSeq X Ten sequencing: RNA seq GS115 R2 Control Induced in YNBE		
SRR31657991	PASS	SRX27020894	SAMN45381436	SRP513264	Illumina NovaSeq 6000 sequencing: RNA-Seq of recombinant vHH producing K. phaffii: CBS2612_pG1-3_VHH_dflo8_CRISPRa_gRNA(chr2_549095-549117)_R3				Small-scale, glucose-limited, fed-batch-like screening assays of a CBS2612 flo8 knockout strain, producing secreted VHH under the control a pG1-3 promoter (CBS2612 delta_flo8 pG1-3 VHH), additionally expressing CRISPR activation machinery and a scaffold guide RNA targeted to 549095-549117 on chr2. Target Sequence: TGACATTGATACCATGTCGAAGG. Sample taken at end of screening (72h). Replicate 3		PRJNA1122771	PRJNA1122771	460519	Komagataella phaffii	RNA-Seq	TRANSCRIPTOMIC	Inverse rRNA	Illumina NovaSeq 6000	13611068100	CBS2612_pG1-3_VHH_dflo8_CRISPRa_gRNA(chr2_549095-549117)_R3	CRISPR-activation mediated long non-coding RNA overexpression in Komagataella phaffii	Illumina NovaSeq 6000 sequencing: RNA-Seq of recombinant vHH producing K. phaffii: CBS2612_pG1-3_VHH_dflo8_CRISPRa_gRNA(chr2_549095-549117)_R3		
SRR31657992	PASS	SRX27020893	SAMN45381435	SRP513264	Illumina NovaSeq 6000 sequencing: RNA-Seq of recombinant vHH producing K. phaffii: CBS2612_pG1-3_VHH_dflo8_CRISPRa_gRNA(chr2_549095-549117)_R2				Small-scale, glucose-limited, fed-batch-like screening assays of a CBS2612 flo8 knockout strain, producing secreted VHH under the control a pG1-3 promoter (CBS2612 delta_flo8 pG1-3 VHH), additionally expressing CRISPR activation machinery and a scaffold guide RNA targeted to 549095-549117 on chr2. Target Sequence: TGACATTGATACCATGTCGAAGG. Sample taken at end of screening (72h). Replicate 2		PRJNA1122771	PRJNA1122771	460519	Komagataella phaffii	RNA-Seq	TRANSCRIPTOMIC	Inverse rRNA	Illumina NovaSeq 6000	14754100500	CBS2612_pG1-3_VHH_dflo8_CRISPRa_gRNA(chr2_549095-549117)_R2	CRISPR-activation mediated long non-coding RNA overexpression in Komagataella phaffii	Illumina NovaSeq 6000 sequencing: RNA-Seq of recombinant vHH producing K. phaffii: CBS2612_pG1-3_VHH_dflo8_CRISPRa_gRNA(chr2_549095-549117)_R2		
SRR31657995	PASS	SRX27020890	SAMN45381432	SRP513264	Illumina NovaSeq 6000 sequencing: RNA-Seq of recombinant vHH producing K. phaffii: CBS2612_pG1-3_VHH_dflo8_CRISPRa_gRNA(chr1_783398-783420)_R2				Small-scale, glucose-limited, fed-batch-like screening assays of a CBS2612 flo8 knockout strain, producing secreted VHH under the control a pG1-3 promoter (CBS2612 delta_flo8 pG1-3 VHH), additionally expressing CRISPR activation machinery and a scaffold guide RNA targeted to 783398-783420 on chr1. Target Sequence: GTTGGCGGTAGTAACTTGGGTGG. Sample taken at end of screening (72h). Replicate 2		PRJNA1122771	PRJNA1122771	460519	Komagataella phaffii	RNA-Seq	TRANSCRIPTOMIC	Inverse rRNA	Illumina NovaSeq 6000	16628382000	CBS2612_pG1-3_VHH_dflo8_CRISPRa_gRNA(chr1_783398-783420)_R2	CRISPR-activation mediated long non-coding RNA overexpression in Komagataella phaffii	Illumina NovaSeq 6000 sequencing: RNA-Seq of recombinant vHH producing K. phaffii: CBS2612_pG1-3_VHH_dflo8_CRISPRa_gRNA(chr1_783398-783420)_R2		
SRR31657996	PASS	SRX27020889	SAMN45381431	SRP513264	Illumina NovaSeq 6000 sequencing: RNA-Seq of recombinant vHH producing K. phaffii: CBS2612_pG1-3_VHH_dflo8_CRISPRa_gRNA(chr1_783398-783420)_R1				Small-scale, glucose-limited, fed-batch-like screening assays of a CBS2612 flo8 knockout strain, producing secreted VHH under the control a pG1-3 promoter (CBS2612 delta_flo8 pG1-3 VHH), additionally expressing CRISPR activation machinery and a scaffold guide RNA targeted to 783398-783420 on chr1. Target Sequence: GTTGGCGGTAGTAACTTGGGTGG. Sample taken at end of screening (72h). Replicate 1		PRJNA1122771	PRJNA1122771	460519	Komagataella phaffii	RNA-Seq	TRANSCRIPTOMIC	Inverse rRNA	Illumina NovaSeq 6000	14836429200	CBS2612_pG1-3_VHH_dflo8_CRISPRa_gRNA(chr1_783398-783420)_R1	CRISPR-activation mediated long non-coding RNA overexpression in Komagataella phaffii	Illumina NovaSeq 6000 sequencing: RNA-Seq of recombinant vHH producing K. phaffii: CBS2612_pG1-3_VHH_dflo8_CRISPRa_gRNA(chr1_783398-783420)_R1		
SRR3182741	PASS	SRX1596780	SAMN04506120	SRP070669	NextSeq 550 sequencing: K_phaffii_GS115-B-6-M				K_phaffii_GS115 high density 6h methanol		PRJNA311606	PRJNA311606	460519	Komagataella phaffii	RNA-Seq	TRANSCRIPTOMIC	unspecified	NextSeq 550	913494160	K_phaffii_GS115-B-6-M	Pichia pastoris transcriptomic studies	NextSeq 550 sequencing: K_phaffii_GS115-B-6-M		
SRR3182744	PASS	SRX1596783	SAMN04506123	SRP070669	NextSeq 550 sequencing: K_phaffii_GS115-A-24-G				K_phaffii_GS115 low density 24h glycerol		PRJNA311606	PRJNA311606	460519	Komagataella phaffii	RNA-Seq	TRANSCRIPTOMIC	unspecified	NextSeq 550	2313548680	K_phaffii_GS115-A-24-G	Pichia pastoris transcriptomic studies	NextSeq 550 sequencing: K_phaffii_GS115-A-24-G		
SRR3182746	PASS	SRX1596785	SAMN04506125	SRP070669	NextSeq 550 sequencing: K_phaffii_GS115-A-48-D				K_phaffii_GS115 low density 48h glucose		PRJNA311606	PRJNA311606	460519	Komagataella phaffii	RNA-Seq	TRANSCRIPTOMIC	unspecified	NextSeq 550	961940664	K_phaffii_GS115-A-48-D	Pichia pastoris transcriptomic studies	NextSeq 550 sequencing: K_phaffii_GS115-A-48-D		
SRR3182747	PASS	SRX1596786	SAMN04506126	SRP070669	NextSeq 550 sequencing: K_phaffii_GS115-A-48-G				K_phaffii_GS115 low density 48h glycerol		PRJNA311606	PRJNA311606	460519	Komagataella phaffii	RNA-Seq	TRANSCRIPTOMIC	unspecified	NextSeq 550	1242005680	K_phaffii_GS115-A-48-G	Pichia pastoris transcriptomic studies	NextSeq 550 sequencing: K_phaffii_GS115-A-48-G		
SRR3182748	PASS	SRX1596787	SAMN04506127	SRP070669	NextSeq 550 sequencing: K_phaffii_GS115-A-48-M				K_phaffii_GS115 low density 48h methanol		PRJNA311606	PRJNA311606	460519	Komagataella phaffii	RNA-Seq	TRANSCRIPTOMIC	unspecified	NextSeq 550	748719624	K_phaffii_GS115-A-48-M	Pichia pastoris transcriptomic studies	NextSeq 550 sequencing: K_phaffii_GS115-A-48-M		
SRR3182749	PASS	SRX1596788	SAMN04506128	SRP070669	NextSeq 550 sequencing: K_phaffii_GS115-A-6-D				K_phaffii_GS115 low density 6h glucose		PRJNA311606	PRJNA311606	460519	Komagataella phaffii	RNA-Seq	TRANSCRIPTOMIC	unspecified	NextSeq 550	3775946912	K_phaffii_GS115-A-6-D	Pichia pastoris transcriptomic studies	NextSeq 550 sequencing: K_phaffii_GS115-A-6-D		
SRR3182752	PASS	SRX1596791	SAMN04506130	SRP070669	NextSeq 550 sequencing: K_phaffii_GS115-A-6-M				K_phaffii_GS115 low density 6h methanol		PRJNA311606	PRJNA311606	460519	Komagataella phaffii	RNA-Seq	TRANSCRIPTOMIC	unspecified	NextSeq 550	617158608	K_phaffii_GS115-A-6-M	Pichia pastoris transcriptomic studies	NextSeq 550 sequencing: K_phaffii_GS115-A-6-M		
SRR3182753	PASS	SRX1596792	SAMN04506131	SRP070669	NextSeq 550 sequencing: K_phaffii_WT-B-0-G				K_phaffii_WT high density 0h glycerol		PRJNA311606	PRJNA311606	460519	Komagataella phaffii	RNA-Seq	TRANSCRIPTOMIC	unspecified	NextSeq 550	1973258224	K_phaffii_WT-B-0-G	Pichia pastoris transcriptomic studies	NextSeq 550 sequencing: K_phaffii_WT-B-0-G		
SRR3182758	PASS	SRX1610462	SAMN04506136	SRP070669	NextSeq 550 sequencing: K_phaffii_WT-B-6-M-R1				K_phaffii_WT high density 6h methanol		PRJNA311606	PRJNA311606	460519	Komagataella phaffii	RNA-Seq	TRANSCRIPTOMIC	unspecified	NextSeq 550	5202820768	K_phaffii_WT-B-6-M	Pichia pastoris transcriptomic studies	NextSeq 550 sequencing: K_phaffii_WT-B-6-M-R1		
SRR3182759	PASS	SRX1610466	SAMN04506137	SRP070669	NextSeq 550 sequencing: K_phaffii_WT-A-0-G-R1				K_phaffii_WT low density 0h glycerol		PRJNA311606	PRJNA311606	460519	Komagataella phaffii	RNA-Seq	TRANSCRIPTOMIC	unspecified	NextSeq 550	1960982400	K_phaffii_WT-A-0-G	Pichia pastoris transcriptomic studies	NextSeq 550 sequencing: K_phaffii_WT-A-0-G-R1		
SRR3182760	PASS	SRX1610470	SAMN04506138	SRP070669	NextSeq 550 sequencing: K_phaffii_WT-A-24-D-R2				K_phaffii_WT low density 24h glucose		PRJNA311606	PRJNA311606	460519	Komagataella phaffii	RNA-Seq	TRANSCRIPTOMIC	unspecified	NextSeq 550	1432198112	K_phaffii_WT-A-24-D	Pichia pastoris transcriptomic studies	NextSeq 550 sequencing: K_phaffii_WT-A-24-D-R2		
SRR3182763	PASS	SRX1596802	SAMN04506140	SRP070669	NextSeq 550 sequencing: K_phaffii_WT-A-24-M				K_phaffii_WT low density 24h methanol		PRJNA311606	PRJNA311606	460519	Komagataella phaffii	RNA-Seq	TRANSCRIPTOMIC	unspecified	NextSeq 550	755796592	K_phaffii_WT-A-24-M	Pichia pastoris transcriptomic studies	NextSeq 550 sequencing: K_phaffii_WT-A-24-M		
SRR3182764	PASS	SRX1596803	SAMN04506141	SRP070669	NextSeq 550 sequencing: K_phaffii_WT-A-48-D				K_phaffii_WT low density 48h glucose		PRJNA311606	PRJNA311606	460519	Komagataella phaffii	RNA-Seq	TRANSCRIPTOMIC	unspecified	NextSeq 550	1913298328	K_phaffii_WT-A-48-D	Pichia pastoris transcriptomic studies	NextSeq 550 sequencing: K_phaffii_WT-A-48-D		
SRR3182765	PASS	SRX1596804	SAMN04506142	SRP070669	NextSeq 550 sequencing: K_phaffii_WT-A-48-G				K_phaffii_WT low density 48h glycerol		PRJNA311606	PRJNA311606	460519	Komagataella phaffii	RNA-Seq	TRANSCRIPTOMIC	unspecified	NextSeq 550	764719448	K_phaffii_WT-A-48-G	Pichia pastoris transcriptomic studies	NextSeq 550 sequencing: K_phaffii_WT-A-48-G		
SRR3182766	PASS	SRX1596805	SAMN04506143	SRP070669	NextSeq 550 sequencing: K_phaffii_WT-A-48-M				K_phaffii_WT low density 48h methanol		PRJNA311606	PRJNA311606	460519	Komagataella phaffii	RNA-Seq	TRANSCRIPTOMIC	unspecified	NextSeq 550	648664104	K_phaffii_WT-A-48-M	Pichia pastoris transcriptomic studies	NextSeq 550 sequencing: K_phaffii_WT-A-48-M		
SRR3182767	PASS	SRX1596806	SAMN04506144	SRP070669	NextSeq 550 sequencing: K_phaffii_WT-A-6-D				K_phaffii_WT low density 6h glucose		PRJNA311606	PRJNA311606	460519	Komagataella phaffii	RNA-Seq	TRANSCRIPTOMIC	unspecified	NextSeq 550	747116936	K_phaffii_WT-A-6-D	Pichia pastoris transcriptomic studies	NextSeq 550 sequencing: K_phaffii_WT-A-6-D		
SRR3182768	PASS	SRX1596807	SAMN04506145	SRP070669	NextSeq 550 sequencing: K_phaffii_WT-A-6-G				K_phaffii_WT low density 6h glycerol		PRJNA311606	PRJNA311606	460519	Komagataella phaffii	RNA-Seq	TRANSCRIPTOMIC	unspecified	NextSeq 550	660206832	K_phaffii_WT-A-6-G	Pichia pastoris transcriptomic studies	NextSeq 550 sequencing: K_phaffii_WT-A-6-G		
SRR31929893	PASS	SRX27287204	SAMN46161769	SRP556042	Illumina HiSeq 4000 sequencing: K.phaffii-PEX3-xynB				K.phaffii-PEX3-xynB		PRJNA1207999	PRJNA1207999	460519	Komagataella phaffii	RNA-Seq	TRANSCRIPTOMIC	other	Illumina HiSeq 4000	6178108314	J_3	Komagataella phaffii GS115 sequencing	Illumina HiSeq 4000 sequencing: K.phaffii-PEX3-xynB		
SRR31929894	PASS	SRX27287203	SAMN46161768	SRP556042	Illumina HiSeq 4000 sequencing: K.phaffii-xynB				K.phaffii-xynB		PRJNA1207999	PRJNA1207999	460519	Komagataella phaffii	RNA-Seq	TRANSCRIPTOMIC	other	Illumina HiSeq 4000	6879906655	J_X	Komagataella phaffii GS115 sequencing	Illumina HiSeq 4000 sequencing: K.phaffii-xynB		
SRR31989004	PASS	SRX27343967	SAMN46238838	SRP557139	BGISEQ-500 sequencing: RNA-Seq of wild type Komagataella phaffii GS115						PRJNA1210090	PRJNA1210090	460519	Komagataella phaffii	RNA-Seq	TRANSCRIPTOMIC	RANDOM PCR	BGISEQ-500	6773329500	WT_48h_2	Ferulic acid tolerance mechanisms in a vanillin-producing Komagataella phaffii	BGISEQ-500 sequencing: RNA-Seq of wild type Komagataella phaffii GS115		
SRR31989006	PASS	SRX27343965	SAMN46238836	SRP557139	BGISEQ-500 sequencing: RNA-Seq of wild type Komagataella phaffii GS115						PRJNA1210090	PRJNA1210090	460519	Komagataella phaffii	RNA-Seq	TRANSCRIPTOMIC	RANDOM PCR	BGISEQ-500	6790632300	WT_24h_3	Ferulic acid tolerance mechanisms in a vanillin-producing Komagataella phaffii	BGISEQ-500 sequencing: RNA-Seq of wild type Komagataella phaffii GS115		
SRR31989010	PASS	SRX27343961	SAMN46238856	SRP557139	BGISEQ-500 sequencing: RNA-Seq of a vanillin-producing Komagataella phaffii GS115						PRJNA1210090	PRJNA1210090	460519	Komagataella phaffii	RNA-Seq	TRANSCRIPTOMIC	RANDOM PCR	BGISEQ-500	6604738200	FE(I)_48h_2	Ferulic acid tolerance mechanisms in a vanillin-producing Komagataella phaffii	BGISEQ-500 sequencing: RNA-Seq of a vanillin-producing Komagataella phaffii GS115		
SRR31989014	PASS	SRX27343957	SAMN46238852	SRP557139	BGISEQ-500 sequencing: RNA-Seq of a vanillin-producing Komagataella phaffii GS115						PRJNA1210090	PRJNA1210090	460519	Komagataella phaffii	RNA-Seq	TRANSCRIPTOMIC	RANDOM PCR	BGISEQ-500	6582386100	FE(I)_24h_1	Ferulic acid tolerance mechanisms in a vanillin-producing Komagataella phaffii	BGISEQ-500 sequencing: RNA-Seq of a vanillin-producing Komagataella phaffii GS115		
SRR31989016	PASS	SRX27343955	SAMN46238833	SRP557139	BGISEQ-500 sequencing: RNA-Seq of wild type Komagataella phaffii GS115						PRJNA1210090	PRJNA1210090	460519	Komagataella phaffii	RNA-Seq	TRANSCRIPTOMIC	RANDOM PCR	BGISEQ-500	6803181900	WT_0h_3	Ferulic acid tolerance mechanisms in a vanillin-producing Komagataella phaffii	BGISEQ-500 sequencing: RNA-Seq of wild type Komagataella phaffii GS115		
SRR31989018	PASS	SRX27343953	SAMN46238849	SRP557139	BGISEQ-500 sequencing: RNA-Seq of a vanillin-producing Komagataella phaffi GS115						PRJNA1210090	PRJNA1210090	460519	Komagataella phaffii	RNA-Seq	TRANSCRIPTOMIC	RANDOM PCR	BGISEQ-500	6756579900	FE(I)_0h_1	Ferulic acid tolerance mechanisms in a vanillin-producing Komagataella phaffii	BGISEQ-500 sequencing: RNA-Seq of a vanillin-producing Komagataella phaffi GS115		
SRR31989020	PASS	SRX27343951	SAMN46238847	SRP557139	BGISEQ-500 sequencing: RNA-Seq of a vanillin-producing Komagataella phaffii GS115						PRJNA1210090	PRJNA1210090	460519	Komagataella phaffii	RNA-Seq	TRANSCRIPTOMIC	RANDOM PCR	BGISEQ-500	6709984500	FE_48h_2	Ferulic acid tolerance mechanisms in a vanillin-producing Komagataella phaffii	BGISEQ-500 sequencing: RNA-Seq of a vanillin-producing Komagataella phaffii GS115		
SRR31989022	PASS	SRX27343949	SAMN46238845	SRP557139	BGISEQ-500 sequencing: RNA-Seq of a vanillin-producing Komagataella phaffii GS115						PRJNA1210090	PRJNA1210090	460519	Komagataella phaffii	RNA-Seq	TRANSCRIPTOMIC	RANDOM PCR	BGISEQ-500	6791397300	FE_24h_3	Ferulic acid tolerance mechanisms in a vanillin-producing Komagataella phaffii	BGISEQ-500 sequencing: RNA-Seq of a vanillin-producing Komagataella phaffii GS115		
SRR31989023	PASS	SRX27343948	SAMN46238844	SRP557139	BGISEQ-500 sequencing: RNA-Seq of a vanillin-producing Komagataella phaffii GS115						PRJNA1210090	PRJNA1210090	460519	Komagataella phaffii	RNA-Seq	TRANSCRIPTOMIC	RANDOM PCR	BGISEQ-500	6631030800	FE_24h_2	Ferulic acid tolerance mechanisms in a vanillin-producing Komagataella phaffii	BGISEQ-500 sequencing: RNA-Seq of a vanillin-producing Komagataella phaffii GS115		
SRR31989026	PASS	SRX27343945	SAMN46238841	SRP557139	BGISEQ-500 sequencing: RNA-Seq of a vanillin-producing Komagataella phaffii GS115						PRJNA1210090	PRJNA1210090	460519	Komagataella phaffii	RNA-Seq	TRANSCRIPTOMIC	RANDOM PCR	BGISEQ-500	6755399100	FE_0h_2	Ferulic acid tolerance mechanisms in a vanillin-producing Komagataella phaffii	BGISEQ-500 sequencing: RNA-Seq of a vanillin-producing Komagataella phaffii GS115		
SRR31989028	PASS	SRX27343943	SAMN46238831	SRP557139	BGISEQ-500 sequencing: RNA-Seq of wild type Komagataella phaffii GS115						PRJNA1210090	PRJNA1210090	460519	Komagataella phaffii	RNA-Seq	TRANSCRIPTOMIC	RANDOM PCR	BGISEQ-500	6587225100	WT_0h_1	Ferulic acid tolerance mechanisms in a vanillin-producing Komagataella phaffii	BGISEQ-500 sequencing: RNA-Seq of wild type Komagataella phaffii GS115		
SRR31989106	PASS	SRX27344047	SAMN46239124	SRP557147	Illumina HiSeq 4000 sequencing: RNA-Seq of Komagataella phaffii				C_96h		PRJNA1210102	PRJNA1210102	460519	Komagataella phaffii	RNA-Seq	TRANSCRIPTOMIC	other	Illumina HiSeq 4000	19937871016	KP-Cbfdh-C	Sequencing analysis of intracellular inserted formate dehydrogenase gene and uninserted recombinant komagataella phaffii	Illumina HiSeq 4000 sequencing: RNA-Seq of Komagataella phaffii		
SRR3200648	WARN(1,5,7)	SRX1610452	SAMN04506133	SRP070669	NextSeq 550 sequencing: K_phaffii_WT-B-48-M-R2				K_phaffii_WT high density 48h methanol		PRJNA311606	PRJNA311606	460519	Komagataella phaffii	RNA-Seq	TRANSCRIPTOMIC	unspecified	NextSeq 550	82361960	K_phaffii_WT-B-48-M	Pichia pastoris transcriptomic studies	NextSeq 550 sequencing: K_phaffii_WT-B-48-M-R2		
SRR3200650	PASS	SRX1610455	SAMN04506134	SRP070669	NextSeq 550 sequencing: K_phaffii_WT-B-6-D-R2				K_phaffii_WT high density 6h glucose		PRJNA311606	PRJNA311606	460519	Komagataella phaffii	RNA-Seq	TRANSCRIPTOMIC	unspecified	NextSeq 550	1308162920	K_phaffii_WT-B-6-D	Pichia pastoris transcriptomic studies	NextSeq 550 sequencing: K_phaffii_WT-B-6-D-R2		
SRR3200662	PASS	SRX1610473	SAMN04506139	SRP070669	NextSeq 550 sequencing: K_phaffii_WT-A-24-G-R2				K_phaffii_WT low density 24h glycerol		PRJNA311606	PRJNA311606	460519	Komagataella phaffii	RNA-Seq	TRANSCRIPTOMIC	unspecified	NextSeq 550	2175218040	K_phaffii_WT-A-24-G	Pichia pastoris transcriptomic studies	NextSeq 550 sequencing: K_phaffii_WT-A-24-G-R2		
SRR3200669	PASS	SRX1610480	SAMN04506142	SRP070669	NextSeq 550 sequencing: K_phaffii_WT-A-48-G-R1				K_phaffii_WT low density 48h glycerol		PRJNA311606	PRJNA311606	460519	Komagataella phaffii	RNA-Seq	TRANSCRIPTOMIC	unspecified	NextSeq 550	1327642176	K_phaffii_WT-A-48-G	Pichia pastoris transcriptomic studies	NextSeq 550 sequencing: K_phaffii_WT-A-48-G-R1		
SRR3200672	PASS	SRX1610483	SAMN04506143	SRP070669	NextSeq 550 sequencing: K_phaffii_WT-A-48-M-R2				K_phaffii_WT low density 48h methanol		PRJNA311606	PRJNA311606	460519	Komagataella phaffii	RNA-Seq	TRANSCRIPTOMIC	unspecified	NextSeq 550	951708176	K_phaffii_WT-A-48-M	Pichia pastoris transcriptomic studies	NextSeq 550 sequencing: K_phaffii_WT-A-48-M-R2		
SRR3200677	PASS	SRX1610488	SAMN04506145	SRP070669	NextSeq 550 sequencing: K_phaffii_WT-A-6-G-R3				K_phaffii_WT low density 6h glycerol		PRJNA311606	PRJNA311606	460519	Komagataella phaffii	RNA-Seq	TRANSCRIPTOMIC	unspecified	NextSeq 550	1302657632	K_phaffii_WT-A-6-G	Pichia pastoris transcriptomic studies	NextSeq 550 sequencing: K_phaffii_WT-A-6-G-R3		
SRR3200678	PASS	SRX1610489	SAMN04506146	SRP070669	NextSeq 550 sequencing: K_phaffii_WT-A-6-M-R1				K_phaffii_WT low density 6h methanol		PRJNA311606	PRJNA311606	460519	Komagataella phaffii	RNA-Seq	TRANSCRIPTOMIC	unspecified	NextSeq 550	1794788488	K_phaffii_WT-A-6-M	Pichia pastoris transcriptomic studies	NextSeq 550 sequencing: K_phaffii_WT-A-6-M-R1		
SRR3200736	PASS	SRX1610556	SAMN04506115	SRP070669	NextSeq 550 sequencing: K_phaffii_GS115-B-0-G-R1				K_phaffii_GS115 high density 0h glycerol		PRJNA311606	PRJNA311606	460519	Komagataella phaffii	RNA-Seq	TRANSCRIPTOMIC	unspecified	NextSeq 550	2417357232	K_phaffii_GS115-B-0-G	Pichia pastoris transcriptomic studies	NextSeq 550 sequencing: K_phaffii_GS115-B-0-G-R1		
SRR3200738	PASS	SRX1610558	SAMN04506116	SRP070669	NextSeq 550 sequencing: K_phaffii_GS115-B-24-M-R1				K_phaffii_GS115 high density 24h methanol		PRJNA311606	PRJNA311606	460519	Komagataella phaffii	RNA-Seq	TRANSCRIPTOMIC	unspecified	NextSeq 550	1018728016	K_phaffii_GS115-B-24-M	Pichia pastoris transcriptomic studies	NextSeq 550 sequencing: K_phaffii_GS115-B-24-M-R1		
SRR3200739	PASS	SRX1610559	SAMN04506116	SRP070669	NextSeq 550 sequencing: K_phaffii_GS115-B-24-M-R3				K_phaffii_GS115 high density 24h methanol		PRJNA311606	PRJNA311606	460519	Komagataella phaffii	RNA-Seq	TRANSCRIPTOMIC	unspecified	NextSeq 550	643138600	K_phaffii_GS115-B-24-M	Pichia pastoris transcriptomic studies	NextSeq 550 sequencing: K_phaffii_GS115-B-24-M-R3		
SRR3200743	PASS	SRX1610563	SAMN04506118	SRP070669	NextSeq 550 sequencing: K_phaffii_GS115-B-6-D-R3				K_phaffii_GS115 high density 6h glucose		PRJNA311606	PRJNA311606	460519	Komagataella phaffii	RNA-Seq	TRANSCRIPTOMIC	unspecified	NextSeq 550	3842792864	K_phaffii_GS115-B-6-D	Pichia pastoris transcriptomic studies	NextSeq 550 sequencing: K_phaffii_GS115-B-6-D-R3		
SRR3200745	PASS	SRX1610565	SAMN04506119	SRP070669	NextSeq 550 sequencing: K_phaffii_GS115-B-6-G-R3				K_phaffii_GS115 high density 6h glycerol		PRJNA311606	PRJNA311606	460519	Komagataella phaffii	RNA-Seq	TRANSCRIPTOMIC	unspecified	NextSeq 550	1089312712	K_phaffii_GS115-B-6-G	Pichia pastoris transcriptomic studies	NextSeq 550 sequencing: K_phaffii_GS115-B-6-G-R3		
SRR3200747	PASS	SRX1610567	SAMN04506120	SRP070669	NextSeq 550 sequencing: K_phaffii_GS115-B-6-M-R1				K_phaffii_GS115 high density 6h methanol		PRJNA311606	PRJNA311606	460519	Komagataella phaffii	RNA-Seq	TRANSCRIPTOMIC	unspecified	NextSeq 550	2490906232	K_phaffii_GS115-B-6-M	Pichia pastoris transcriptomic studies	NextSeq 550 sequencing: K_phaffii_GS115-B-6-M-R1		
SRR3200748	PASS	SRX1610568	SAMN04506120	SRP070669	NextSeq 550 sequencing: K_phaffii_GS115-B-6-M-R2				K_phaffii_GS115 high density 6h methanol		PRJNA311606	PRJNA311606	460519	Komagataella phaffii	RNA-Seq	TRANSCRIPTOMIC	unspecified	NextSeq 550	1501901512	K_phaffii_GS115-B-6-M	Pichia pastoris transcriptomic studies	NextSeq 550 sequencing: K_phaffii_GS115-B-6-M-R2		
SRR3200750	PASS	SRX1610570	SAMN04506121	SRP070669	NextSeq 550 sequencing: K_phaffii_GS115-A-0-G-R2				K_phaffii_GS115 low density 0h glycerol		PRJNA311606	PRJNA311606	460519	Komagataella phaffii	RNA-Seq	TRANSCRIPTOMIC	unspecified	NextSeq 550	1408524264	K_phaffii_GS115-A-0-G	Pichia pastoris transcriptomic studies	NextSeq 550 sequencing: K_phaffii_GS115-A-0-G-R2		
SRR3200759	PASS	SRX1610579	SAMN04506126	SRP070669	NextSeq 550 sequencing: K_phaffii_GS115-A-48-G-R1				K_phaffii_GS115 low density 48h glycerol		PRJNA311606	PRJNA311606	460519	Komagataella phaffii	RNA-Seq	TRANSCRIPTOMIC	unspecified	NextSeq 550	854170688	K_phaffii_GS115-A-48-G	Pichia pastoris transcriptomic studies	NextSeq 550 sequencing: K_phaffii_GS115-A-48-G-R1		
SRR3200762	PASS	SRX1610582	SAMN04506127	SRP070669	NextSeq 550 sequencing: K_phaffii_GS115-A-48-M-R1				K_phaffii_GS115 low density 48h methanol		PRJNA311606	PRJNA311606	460519	Komagataella phaffii	RNA-Seq	TRANSCRIPTOMIC	unspecified	NextSeq 550	574989248	K_phaffii_GS115-A-48-M	Pichia pastoris transcriptomic studies	NextSeq 550 sequencing: K_phaffii_GS115-A-48-M-R1		
SRR3200764	PASS	SRX1610788	SAMN04506128	SRP070669	NextSeq 550 sequencing: K_phaffii_GS115-A-6-D-R2				K_phaffii_GS115 low density 6h glucose		PRJNA311606	PRJNA311606	460519	Komagataella phaffii	RNA-Seq	TRANSCRIPTOMIC	unspecified	NextSeq 550	1596407816	K_phaffii_GS115-A-6-D	Pichia pastoris transcriptomic studies	NextSeq 550 sequencing: K_phaffii_GS115-A-6-D-R2		
SRR3201086	PASS	SRX1610883	SAMN04506128	SRP070669	NextSeq 550 sequencing: K_phaffii_GS115-A-6-D-R3				K_phaffii_GS115 low density 6h glucose		PRJNA311606	PRJNA311606	460519	Komagataella phaffii	RNA-Seq	TRANSCRIPTOMIC	unspecified	NextSeq 550	1523101408	K_phaffii_GS115-A-6-D	Pichia pastoris transcriptomic studies	NextSeq 550 sequencing: K_phaffii_GS115-A-6-D-R3		
SRR3201090	PASS	SRX1610886	SAMN04506129	SRP070669	NextSeq 550 sequencing: K_phaffii_GS115-A-6-G-R2				K_phaffii_GS115 low density 6h glycerol		PRJNA311606	PRJNA311606	460519	Komagataella phaffii	RNA-Seq	TRANSCRIPTOMIC	unspecified	NextSeq 550	1780412632	K_phaffii_GS115-A-6-G	Pichia pastoris transcriptomic studies	NextSeq 550 sequencing: K_phaffii_GS115-A-6-G-R2		
SRR3201094	PASS	SRX1610890	SAMN04506131	SRP070669	NextSeq 550 sequencing: K_phaffii_WT-B-0-G-R2				K_phaffii_WT high density 0h glycerol		PRJNA311606	PRJNA311606	460519	Komagataella phaffii	RNA-Seq	TRANSCRIPTOMIC	unspecified	NextSeq 550	848526472	K_phaffii_WT-B-0-G	Pichia pastoris transcriptomic studies	NextSeq 550 sequencing: K_phaffii_WT-B-0-G-R2		
SRR3201097	PASS	SRX1610893	SAMN04506132	SRP070669	NextSeq 550 sequencing: K_phaffii_WT-B-24-M-R2				K_phaffii_WT high density 24h methanol		PRJNA311606	PRJNA311606	460519	Komagataella phaffii	RNA-Seq	TRANSCRIPTOMIC	unspecified	NextSeq 550	1056247544	K_phaffii_WT-B-24-M	Pichia pastoris transcriptomic studies	NextSeq 550 sequencing: K_phaffii_WT-B-24-M-R2		
SRR32475751	PASS	SRX27789703	SAMN46974848	SRP566044	Illumina HiSeq 1500 sequencing: 5				Microbe sample from Komagataella phaffii		PRJNA1227200	PRJNA1227200	460519	Komagataella phaffii	RNA-Seq	TRANSCRIPTOMIC	RANDOM	Illumina HiSeq 1500	6679194778	HS372	Komagataella phaffii Raw sequence reads	Illumina HiSeq 1500 sequencing: 5		
SRR32475753	PASS	SRX27789701	SAMN46974846	SRP566044	Illumina HiSeq 1500 sequencing: 3				Microbe sample from Komagataella phaffii		PRJNA1227200	PRJNA1227200	460519	Komagataella phaffii	RNA-Seq	TRANSCRIPTOMIC	RANDOM	Illumina HiSeq 1500	7537898558	ppHis3	Komagataella phaffii Raw sequence reads	Illumina HiSeq 1500 sequencing: 3		
SRR32475755	PASS	SRX27789699	SAMN46974844	SRP566044	Illumina HiSeq 1500 sequencing: 1				Microbe sample from Komagataella phaffii		PRJNA1227200	PRJNA1227200	460519	Komagataella phaffii	RNA-Seq	TRANSCRIPTOMIC	RANDOM	Illumina HiSeq 1500	7467356492	ppHis1	Komagataella phaffii Raw sequence reads	Illumina HiSeq 1500 sequencing: 1		
SRR33569623	PASS	SRX28799641	SAMN48502110	SRP585318	Illumina NovaSeq X sequencing: GSM8984408: rim101 strain T=30 min (pH 8.0), replicate 2 Komagataella phaffii RNA-Seq				rim101 strain T=30 min (pH 8.0), replicate 2		GSE297128	PRJNA1262845	460519	Komagataella phaffii	RNA-Seq	TRANSCRIPTOMIC	cDNA	Illumina NovaSeq X	5247123600	GSM8984408	The contribution of the transcription factors Crz1 and Rim101 to the response to alkalinization in Komagataella phaffii	Illumina NovaSeq X sequencing: GSM8984408: rim101 strain T=30 min (pH 8.0), replicate 2 Komagataella phaffii RNA-Seq	Total RNA was extracted with the Ribo Pure™-Yeast kit (Ambion) following the manufacturer's instructions. The quality was assessed by capillary electrophoresis in a Bioanalyzer equipment and RNA amounts quantified by measuring the A260 in a Nanodrop ND-1000 Spectrophotometer. mRNA was purified from total RNA using poly-T oligo-attached magnetic beads. After fragmentation, the first strand cDNA was synthesized using random hexamer primers, followed by the second strand cDNA synthesis using dTTP (non-directional library). The library was ready after end repair, A-tailing, adapter ligation, size selection, amplification, and purification, and was checked by Qubit™ assay (Thermofisher) and real-time PCR for quantification and size distribution monitored with a Bioanalyzer.	
SRR33569634	PASS	SRX28799631	SAMN48502123	SRP585318	Illumina NovaSeq X sequencing: GSM8984398: crz1 strain T=30 min (pH 8.0), replicate 2 Komagataella phaffii RNA-Seq				crz1 strain T=30 min (pH 8.0), replicate 2		GSE297128	PRJNA1262845	460519	Komagataella phaffii	RNA-Seq	TRANSCRIPTOMIC	cDNA	Illumina NovaSeq X	5377905000	GSM8984398	The contribution of the transcription factors Crz1 and Rim101 to the response to alkalinization in Komagataella phaffii	Illumina NovaSeq X sequencing: GSM8984398: crz1 strain T=30 min (pH 8.0), replicate 2 Komagataella phaffii RNA-Seq	Total RNA was extracted with the Ribo Pure™-Yeast kit (Ambion) following the manufacturer's instructions. The quality was assessed by capillary electrophoresis in a Bioanalyzer equipment and RNA amounts quantified by measuring the A260 in a Nanodrop ND-1000 Spectrophotometer. mRNA was purified from total RNA using poly-T oligo-attached magnetic beads. After fragmentation, the first strand cDNA was synthesized using random hexamer primers, followed by the second strand cDNA synthesis using dTTP (non-directional library). The library was ready after end repair, A-tailing, adapter ligation, size selection, amplification, and purification, and was checked by Qubit™ assay (Thermofisher) and real-time PCR for quantification and size distribution monitored with a Bioanalyzer.	
SRR33569639	PASS	SRX28799626	SAMN48502129	SRP585318	Illumina NovaSeq X sequencing: GSM8984393: crz1 strain T=0 (pH 5.5), replicate 3 Komagataella phaffii RNA-Seq				crz1 strain T=0 (pH 5.5), replicate 3		GSE297128	PRJNA1262845	460519	Komagataella phaffii	RNA-Seq	TRANSCRIPTOMIC	cDNA	Illumina NovaSeq X	6516824700	GSM8984393	The contribution of the transcription factors Crz1 and Rim101 to the response to alkalinization in Komagataella phaffii	Illumina NovaSeq X sequencing: GSM8984393: crz1 strain T=0 (pH 5.5), replicate 3 Komagataella phaffii RNA-Seq	Total RNA was extracted with the Ribo Pure™-Yeast kit (Ambion) following the manufacturer's instructions. The quality was assessed by capillary electrophoresis in a Bioanalyzer equipment and RNA amounts quantified by measuring the A260 in a Nanodrop ND-1000 Spectrophotometer. mRNA was purified from total RNA using poly-T oligo-attached magnetic beads. After fragmentation, the first strand cDNA was synthesized using random hexamer primers, followed by the second strand cDNA synthesis using dTTP (non-directional library). The library was ready after end repair, A-tailing, adapter ligation, size selection, amplification, and purification, and was checked by Qubit™ assay (Thermofisher) and real-time PCR for quantification and size distribution monitored with a Bioanalyzer.	
SRR33569641	PASS	SRX28799624	SAMN48502131	SRP585318	Illumina NovaSeq X sequencing: GSM8984391: crz1 strain T=0 (pH 5.5), replicate 1 Komagataella phaffii RNA-Seq				crz1 strain T=0 (pH 5.5), replicate 1		GSE297128	PRJNA1262845	460519	Komagataella phaffii	RNA-Seq	TRANSCRIPTOMIC	cDNA	Illumina NovaSeq X	5632715100	GSM8984391	The contribution of the transcription factors Crz1 and Rim101 to the response to alkalinization in Komagataella phaffii	Illumina NovaSeq X sequencing: GSM8984391: crz1 strain T=0 (pH 5.5), replicate 1 Komagataella phaffii RNA-Seq	Total RNA was extracted with the Ribo Pure™-Yeast kit (Ambion) following the manufacturer's instructions. The quality was assessed by capillary electrophoresis in a Bioanalyzer equipment and RNA amounts quantified by measuring the A260 in a Nanodrop ND-1000 Spectrophotometer. mRNA was purified from total RNA using poly-T oligo-attached magnetic beads. After fragmentation, the first strand cDNA was synthesized using random hexamer primers, followed by the second strand cDNA synthesis using dTTP (non-directional library). The library was ready after end repair, A-tailing, adapter ligation, size selection, amplification, and purification, and was checked by Qubit™ assay (Thermofisher) and real-time PCR for quantification and size distribution monitored with a Bioanalyzer.	
SRR33569653	PASS	SRX28799613	SAMN48502145	SRP585318	Illumina NovaSeq X sequencing: GSM8984380: wild-type strain T=0 (pH 5.5), replicate 2 Komagataella phaffii RNA-Seq				wild-type strain T=0 (pH 5.5), replicate 2		GSE297128	PRJNA1262845	460519	Komagataella phaffii	RNA-Seq	TRANSCRIPTOMIC	cDNA	Illumina NovaSeq X	5249310900	GSM8984380	The contribution of the transcription factors Crz1 and Rim101 to the response to alkalinization in Komagataella phaffii	Illumina NovaSeq X sequencing: GSM8984380: wild-type strain T=0 (pH 5.5), replicate 2 Komagataella phaffii RNA-Seq	Total RNA was extracted with the Ribo Pure™-Yeast kit (Ambion) following the manufacturer's instructions. The quality was assessed by capillary electrophoresis in a Bioanalyzer equipment and RNA amounts quantified by measuring the A260 in a Nanodrop ND-1000 Spectrophotometer. mRNA was purified from total RNA using poly-T oligo-attached magnetic beads. After fragmentation, the first strand cDNA was synthesized using random hexamer primers, followed by the second strand cDNA synthesis using dTTP (non-directional library). The library was ready after end repair, A-tailing, adapter ligation, size selection, amplification, and purification, and was checked by Qubit™ assay (Thermofisher) and real-time PCR for quantification and size distribution monitored with a Bioanalyzer.	
SRR33569654	PASS	SRX28799612	SAMN48502146	SRP585318	Illumina NovaSeq X sequencing: GSM8984379: wild-type strain T=0 (pH 5.5), replicate 1 Komagataella phaffii RNA-Seq				wild-type strain T=0 (pH 5.5), replicate 1		GSE297128	PRJNA1262845	460519	Komagataella phaffii	RNA-Seq	TRANSCRIPTOMIC	cDNA	Illumina NovaSeq X	5088332400	GSM8984379	The contribution of the transcription factors Crz1 and Rim101 to the response to alkalinization in Komagataella phaffii	Illumina NovaSeq X sequencing: GSM8984379: wild-type strain T=0 (pH 5.5), replicate 1 Komagataella phaffii RNA-Seq	Total RNA was extracted with the Ribo Pure™-Yeast kit (Ambion) following the manufacturer's instructions. The quality was assessed by capillary electrophoresis in a Bioanalyzer equipment and RNA amounts quantified by measuring the A260 in a Nanodrop ND-1000 Spectrophotometer. mRNA was purified from total RNA using poly-T oligo-attached magnetic beads. After fragmentation, the first strand cDNA was synthesized using random hexamer primers, followed by the second strand cDNA synthesis using dTTP (non-directional library). The library was ready after end repair, A-tailing, adapter ligation, size selection, amplification, and purification, and was checked by Qubit™ assay (Thermofisher) and real-time PCR for quantification and size distribution monitored with a Bioanalyzer.	
SRR34446212	FAIL(3)	SRX29606817	SAMN49881380	SRP599661	NextSeq 500 sequencing: GSM9098060: S-1076_F_0.1_0.3_perc_meoh rep1 Komagataella phaffii RNA-Seq				S-1076_F_0.1_0.3_perc_meoh rep1		GSE302182	PRJNA1289153	460519	Komagataella phaffii	RNA-Seq	TRANSCRIPTOMIC	cDNA	NextSeq 500	378305964	GSM9098060	GEO accession GSE302182 is currently private and is scheduled to be released on Jul 01, 2029.	NextSeq 500 sequencing: GSM9098060: S-1076_F_0.1_0.3_perc_meoh rep1 Komagataella phaffii RNA-Seq	Qiagen RNeasy 96 kit Nextera XT DNA Library Preparation Kit with the Illumina DNA/RNA UD Indexes	
SRR34446218	FAIL(3)	SRX29606811	SAMN49881386	SRP599661	NextSeq 500 sequencing: GSM9098054: S-1076_F_std_0.3_perc_meoh rep1 Komagataella phaffii RNA-Seq				S-1076_F_std_0.3_perc_meoh rep1		GSE302182	PRJNA1289153	460519	Komagataella phaffii	RNA-Seq	TRANSCRIPTOMIC	cDNA	NextSeq 500	307494708	GSM9098054	GEO accession GSE302182 is currently private and is scheduled to be released on Jul 01, 2029.	NextSeq 500 sequencing: GSM9098054: S-1076_F_std_0.3_perc_meoh rep1 Komagataella phaffii RNA-Seq	Qiagen RNeasy 96 kit Nextera XT DNA Library Preparation Kit with the Illumina DNA/RNA UD Indexes	
SRR34446221	FAIL(3,4,6)	SRX29606808	SAMN49881389	SRP599661	NextSeq 500 sequencing: GSM9098051: S-1076_E_0.1_0.3_perc_meoh rep1 Komagataella phaffii RNA-Seq				S-1076_E_0.1_0.3_perc_meoh rep1		GSE302182	PRJNA1289153	460519	Komagataella phaffii	RNA-Seq	TRANSCRIPTOMIC	cDNA	NextSeq 500	525084780	GSM9098051	GEO accession GSE302182 is currently private and is scheduled to be released on Jul 01, 2029.	NextSeq 500 sequencing: GSM9098051: S-1076_E_0.1_0.3_perc_meoh rep1 Komagataella phaffii RNA-Seq	Qiagen RNeasy 96 kit Nextera XT DNA Library Preparation Kit with the Illumina DNA/RNA UD Indexes	
SRR34446225	FAIL(3)	SRX29606804	SAMN49881393	SRP599661	NextSeq 500 sequencing: GSM9098047: S-1076_E_std_0.3_perc_meoh rep3 Komagataella phaffii RNA-Seq				S-1076_E_std_0.3_perc_meoh rep3		GSE302182	PRJNA1289153	460519	Komagataella phaffii	RNA-Seq	TRANSCRIPTOMIC	cDNA	NextSeq 500	621070248	GSM9098047	GEO accession GSE302182 is currently private and is scheduled to be released on Jul 01, 2029.	NextSeq 500 sequencing: GSM9098047: S-1076_E_std_0.3_perc_meoh rep3 Komagataella phaffii RNA-Seq	Qiagen RNeasy 96 kit Nextera XT DNA Library Preparation Kit with the Illumina DNA/RNA UD Indexes	
SRR34446226	FAIL(3)	SRX29606803	SAMN49881394	SRP599661	NextSeq 500 sequencing: GSM9098046: S-1076_E_std_0.3_perc_meoh rep2 Komagataella phaffii RNA-Seq				S-1076_E_std_0.3_perc_meoh rep2		GSE302182	PRJNA1289153	460519	Komagataella phaffii	RNA-Seq	TRANSCRIPTOMIC	cDNA	NextSeq 500	383206350	GSM9098046	GEO accession GSE302182 is currently private and is scheduled to be released on Jul 01, 2029.	NextSeq 500 sequencing: GSM9098046: S-1076_E_std_0.3_perc_meoh rep2 Komagataella phaffii RNA-Seq	Qiagen RNeasy 96 kit Nextera XT DNA Library Preparation Kit with the Illumina DNA/RNA UD Indexes	
SRR34446231	FAIL(3,4,6)	SRX29606798	SAMN49881399	SRP599661	NextSeq 500 sequencing: GSM9098041: S-1076_C_0.1_0.3_perc_meoh rep3 Komagataella phaffii RNA-Seq				S-1076_C_0.1_0.3_perc_meoh rep3		GSE302182	PRJNA1289153	460519	Komagataella phaffii	RNA-Seq	TRANSCRIPTOMIC	cDNA	NextSeq 500	377119398	GSM9098041	GEO accession GSE302182 is currently private and is scheduled to be released on Jul 01, 2029.	NextSeq 500 sequencing: GSM9098041: S-1076_C_0.1_0.3_perc_meoh rep3 Komagataella phaffii RNA-Seq	Qiagen RNeasy 96 kit Nextera XT DNA Library Preparation Kit with the Illumina DNA/RNA UD Indexes	
SRR34446232	FAIL(3,4,6)	SRX29606797	SAMN49881400	SRP599661	NextSeq 500 sequencing: GSM9098040: S-1076_C_0.1_0.3_perc_meoh rep2 Komagataella phaffii RNA-Seq				S-1076_C_0.1_0.3_perc_meoh rep2		GSE302182	PRJNA1289153	460519	Komagataella phaffii	RNA-Seq	TRANSCRIPTOMIC	cDNA	NextSeq 500	452770758	GSM9098040	GEO accession GSE302182 is currently private and is scheduled to be released on Jul 01, 2029.	NextSeq 500 sequencing: GSM9098040: S-1076_C_0.1_0.3_perc_meoh rep2 Komagataella phaffii RNA-Seq	Qiagen RNeasy 96 kit Nextera XT DNA Library Preparation Kit with the Illumina DNA/RNA UD Indexes	
SRR34446234	FAIL(3)	SRX29606795	SAMN49881402	SRP599661	NextSeq 500 sequencing: GSM9098038: S-1076_C_0.5_0.3_perc_meoh rep3 Komagataella phaffii RNA-Seq				S-1076_C_0.5_0.3_perc_meoh rep3		GSE302182	PRJNA1289153	460519	Komagataella phaffii	RNA-Seq	TRANSCRIPTOMIC	cDNA	NextSeq 500	331586292	GSM9098038	GEO accession GSE302182 is currently private and is scheduled to be released on Jul 01, 2029.	NextSeq 500 sequencing: GSM9098038: S-1076_C_0.5_0.3_perc_meoh rep3 Komagataella phaffii RNA-Seq	Qiagen RNeasy 96 kit Nextera XT DNA Library Preparation Kit with the Illumina DNA/RNA UD Indexes	
SRR34446238	WARN(3,4,6)	SRX29606791	SAMN49881406	SRP599661	NextSeq 500 sequencing: GSM9098034: S-1076_C_std_0.3_perc_meoh rep2 Komagataella phaffii RNA-Seq				S-1076_C_std_0.3_perc_meoh rep2		GSE302182	PRJNA1289153	460519	Komagataella phaffii	RNA-Seq	TRANSCRIPTOMIC	cDNA	NextSeq 500	530958246	GSM9098034	GEO accession GSE302182 is currently private and is scheduled to be released on Jul 01, 2029.	NextSeq 500 sequencing: GSM9098034: S-1076_C_std_0.3_perc_meoh rep2 Komagataella phaffii RNA-Seq	Qiagen RNeasy 96 kit Nextera XT DNA Library Preparation Kit with the Illumina DNA/RNA UD Indexes	
SRR34446240	FAIL(3,4,6)	SRX29606789	SAMN49881436	SRP599661	NextSeq 500 sequencing: GSM9098004: S-1076_G_0.1_0.7_perc_meoh rep2 Komagataella phaffii RNA-Seq				S-1076_G_0.1_0.7_perc_meoh rep2		GSE302182	PRJNA1289153	460519	Komagataella phaffii	RNA-Seq	TRANSCRIPTOMIC	cDNA	NextSeq 500	380629728	GSM9098004	GEO accession GSE302182 is currently private and is scheduled to be released on Jul 01, 2029.	NextSeq 500 sequencing: GSM9098004: S-1076_G_0.1_0.7_perc_meoh rep2 Komagataella phaffii RNA-Seq	Qiagen RNeasy 96 kit Nextera XT DNA Library Preparation Kit with the Illumina DNA/RNA UD Indexes	
SRR34446242	FAIL(3)	SRX29606787	SAMN49881438	SRP599661	NextSeq 500 sequencing: GSM9098002: S-1076_G_0.5_0.7_perc_meoh rep3 Komagataella phaffii RNA-Seq				S-1076_G_0.5_0.7_perc_meoh rep3		GSE302182	PRJNA1289153	460519	Komagataella phaffii	RNA-Seq	TRANSCRIPTOMIC	cDNA	NextSeq 500	236909178	GSM9098002	GEO accession GSE302182 is currently private and is scheduled to be released on Jul 01, 2029.	NextSeq 500 sequencing: GSM9098002: S-1076_G_0.5_0.7_perc_meoh rep3 Komagataella phaffii RNA-Seq	Qiagen RNeasy 96 kit Nextera XT DNA Library Preparation Kit with the Illumina DNA/RNA UD Indexes	
SRR34446243	FAIL(3)	SRX29606786	SAMN49881439	SRP599661	NextSeq 500 sequencing: GSM9098001: S-1076_G_0.5_0.7_perc_meoh rep2 Komagataella phaffii RNA-Seq				S-1076_G_0.5_0.7_perc_meoh rep2		GSE302182	PRJNA1289153	460519	Komagataella phaffii	RNA-Seq	TRANSCRIPTOMIC	cDNA	NextSeq 500	212106348	GSM9098001	GEO accession GSE302182 is currently private and is scheduled to be released on Jul 01, 2029.	NextSeq 500 sequencing: GSM9098001: S-1076_G_0.5_0.7_perc_meoh rep2 Komagataella phaffii RNA-Seq	Qiagen RNeasy 96 kit Nextera XT DNA Library Preparation Kit with the Illumina DNA/RNA UD Indexes	
SRR34446249	FAIL(3,4,6)	SRX29606780	SAMN49881445	SRP599661	NextSeq 500 sequencing: GSM9097995: S-1076_F_0.1_0.7_perc_meoh rep1 Komagataella phaffii RNA-Seq				S-1076_F_0.1_0.7_perc_meoh rep1		GSE302182	PRJNA1289153	460519	Komagataella phaffii	RNA-Seq	TRANSCRIPTOMIC	cDNA	NextSeq 500	142221762	GSM9097995	GEO accession GSE302182 is currently private and is scheduled to be released on Jul 01, 2029.	NextSeq 500 sequencing: GSM9097995: S-1076_F_0.1_0.7_perc_meoh rep1 Komagataella phaffii RNA-Seq	Qiagen RNeasy 96 kit Nextera XT DNA Library Preparation Kit with the Illumina DNA/RNA UD Indexes	
SRR34446260	WARN(3,4,5,6,7)	SRX29606769	SAMN49881456	SRP599661	NextSeq 500 sequencing: GSM9097984: S-1076_E_0.5_0.7_perc_meoh rep2 Komagataella phaffii RNA-Seq				S-1076_E_0.5_0.7_perc_meoh rep2		GSE302182	PRJNA1289153	460519	Komagataella phaffii	RNA-Seq	TRANSCRIPTOMIC	cDNA	NextSeq 500	466541370	GSM9097984	GEO accession GSE302182 is currently private and is scheduled to be released on Jul 01, 2029.	NextSeq 500 sequencing: GSM9097984: S-1076_E_0.5_0.7_perc_meoh rep2 Komagataella phaffii RNA-Seq	Qiagen RNeasy 96 kit Nextera XT DNA Library Preparation Kit with the Illumina DNA/RNA UD Indexes	
SRR34446262	WARN(3,4,5,6,7)	SRX29606767	SAMN49881458	SRP599661	NextSeq 500 sequencing: GSM9097982: S-1076_E_std_0.7_perc_meoh rep3 Komagataella phaffii RNA-Seq				S-1076_E_std_0.7_perc_meoh rep3		GSE302182	PRJNA1289153	460519	Komagataella phaffii	RNA-Seq	TRANSCRIPTOMIC	cDNA	NextSeq 500	455845446	GSM9097982	GEO accession GSE302182 is currently private and is scheduled to be released on Jul 01, 2029.	NextSeq 500 sequencing: GSM9097982: S-1076_E_std_0.7_perc_meoh rep3 Komagataella phaffii RNA-Seq	Qiagen RNeasy 96 kit Nextera XT DNA Library Preparation Kit with the Illumina DNA/RNA UD Indexes	
SRR34446263	WARN(3,4,6)	SRX29606766	SAMN49881459	SRP599661	NextSeq 500 sequencing: GSM9097981: S-1076_E_std_0.7_perc_meoh rep2 Komagataella phaffii RNA-Seq				S-1076_E_std_0.7_perc_meoh rep2		GSE302182	PRJNA1289153	460519	Komagataella phaffii	RNA-Seq	TRANSCRIPTOMIC	cDNA	NextSeq 500	614960346	GSM9097981	GEO accession GSE302182 is currently private and is scheduled to be released on Jul 01, 2029.	NextSeq 500 sequencing: GSM9097981: S-1076_E_std_0.7_perc_meoh rep2 Komagataella phaffii RNA-Seq	Qiagen RNeasy 96 kit Nextera XT DNA Library Preparation Kit with the Illumina DNA/RNA UD Indexes	
SRR34446266	FAIL(3)	SRX29606763	SAMN49881462	SRP599661	NextSeq 500 sequencing: GSM9097978: S-1076_D_std_0.7_perc_meoh rep2 Komagataella phaffii RNA-Seq				S-1076_D_std_0.7_perc_meoh rep2		GSE302182	PRJNA1289153	460519	Komagataella phaffii	RNA-Seq	TRANSCRIPTOMIC	cDNA	NextSeq 500	563009094	GSM9097978	GEO accession GSE302182 is currently private and is scheduled to be released on Jul 01, 2029.	NextSeq 500 sequencing: GSM9097978: S-1076_D_std_0.7_perc_meoh rep2 Komagataella phaffii RNA-Seq	Qiagen RNeasy 96 kit Nextera XT DNA Library Preparation Kit with the Illumina DNA/RNA UD Indexes	
SRR34446267	FAIL(3)	SRX29606762	SAMN49881463	SRP599661	NextSeq 500 sequencing: GSM9097977: S-1076_D_std_0.7_perc_meoh rep1 Komagataella phaffii RNA-Seq				S-1076_D_std_0.7_perc_meoh rep1		GSE302182	PRJNA1289153	460519	Komagataella phaffii	RNA-Seq	TRANSCRIPTOMIC	cDNA	NextSeq 500	502517484	GSM9097977	GEO accession GSE302182 is currently private and is scheduled to be released on Jul 01, 2029.	NextSeq 500 sequencing: GSM9097977: S-1076_D_std_0.7_perc_meoh rep1 Komagataella phaffii RNA-Seq	Qiagen RNeasy 96 kit Nextera XT DNA Library Preparation Kit with the Illumina DNA/RNA UD Indexes	
SRR34446268	WARN(3,4,5,6,7)	SRX29606761	SAMN49881357	SRP599661	NextSeq 500 sequencing: GSM9098083: S-1076_J_std_0.3_perc_meoh rep3 Komagataella phaffii RNA-Seq				S-1076_J_std_0.3_perc_meoh rep3		GSE302182	PRJNA1289153	460519	Komagataella phaffii	RNA-Seq	TRANSCRIPTOMIC	cDNA	NextSeq 500	294157494	GSM9098083	GEO accession GSE302182 is currently private and is scheduled to be released on Jul 01, 2029.	NextSeq 500 sequencing: GSM9098083: S-1076_J_std_0.3_perc_meoh rep3 Komagataella phaffii RNA-Seq	Qiagen RNeasy 96 kit Nextera XT DNA Library Preparation Kit with the Illumina DNA/RNA UD Indexes	
SRR34446269	FAIL(3)	SRX29606760	SAMN49881358	SRP599661	NextSeq 500 sequencing: GSM9098082: S-1076_J_std_0.3_perc_meoh rep2 Komagataella phaffii RNA-Seq				S-1076_J_std_0.3_perc_meoh rep2		GSE302182	PRJNA1289153	460519	Komagataella phaffii	RNA-Seq	TRANSCRIPTOMIC	cDNA	NextSeq 500	387796860	GSM9098082	GEO accession GSE302182 is currently private and is scheduled to be released on Jul 01, 2029.	NextSeq 500 sequencing: GSM9098082: S-1076_J_std_0.3_perc_meoh rep2 Komagataella phaffii RNA-Seq	Qiagen RNeasy 96 kit Nextera XT DNA Library Preparation Kit with the Illumina DNA/RNA UD Indexes	
SRR34446273	FAIL(3)	SRX29606756	SAMN49881362	SRP599661	NextSeq 500 sequencing: GSM9098078: S-1076_H_0.1_0.3_perc_meoh rep1 Komagataella phaffii RNA-Seq				S-1076_H_0.1_0.3_perc_meoh rep1		GSE302182	PRJNA1289153	460519	Komagataella phaffii	RNA-Seq	TRANSCRIPTOMIC	cDNA	NextSeq 500	366267414	GSM9098078	GEO accession GSE302182 is currently private and is scheduled to be released on Jul 01, 2029.	NextSeq 500 sequencing: GSM9098078: S-1076_H_0.1_0.3_perc_meoh rep1 Komagataella phaffii RNA-Seq	Qiagen RNeasy 96 kit Nextera XT DNA Library Preparation Kit with the Illumina DNA/RNA UD Indexes	
SRR34446274	WARN(3,4,5,6,7)	SRX29606755	SAMN49881363	SRP599661	NextSeq 500 sequencing: GSM9098077: S-1076_H_0.5_0.3_perc_meoh rep3 Komagataella phaffii RNA-Seq				S-1076_H_0.5_0.3_perc_meoh rep3		GSE302182	PRJNA1289153	460519	Komagataella phaffii	RNA-Seq	TRANSCRIPTOMIC	cDNA	NextSeq 500	493934082	GSM9098077	GEO accession GSE302182 is currently private and is scheduled to be released on Jul 01, 2029.	NextSeq 500 sequencing: GSM9098077: S-1076_H_0.5_0.3_perc_meoh rep3 Komagataella phaffii RNA-Seq	Qiagen RNeasy 96 kit Nextera XT DNA Library Preparation Kit with the Illumina DNA/RNA UD Indexes	
SRR34446278	WARN(3,4,5,6,7)	SRX29606751	SAMN49881367	SRP599661	NextSeq 500 sequencing: GSM9098073: S-1076_H_std_0.3_perc_meoh rep2 Komagataella phaffii RNA-Seq				S-1076_H_std_0.3_perc_meoh rep2		GSE302182	PRJNA1289153	460519	Komagataella phaffii	RNA-Seq	TRANSCRIPTOMIC	cDNA	NextSeq 500	437376816	GSM9098073	GEO accession GSE302182 is currently private and is scheduled to be released on Jul 01, 2029.	NextSeq 500 sequencing: GSM9098073: S-1076_H_std_0.3_perc_meoh rep2 Komagataella phaffii RNA-Seq	Qiagen RNeasy 96 kit Nextera XT DNA Library Preparation Kit with the Illumina DNA/RNA UD Indexes	
SRR34446285	FAIL(3)	SRX29606744	SAMN49881374	SRP599661	NextSeq 500 sequencing: GSM9098066: S-1076_G_0.5_0.3_perc_meoh rep1 Komagataella phaffii RNA-Seq				S-1076_G_0.5_0.3_perc_meoh rep1		GSE302182	PRJNA1289153	460519	Komagataella phaffii	RNA-Seq	TRANSCRIPTOMIC	cDNA	NextSeq 500	499639452	GSM9098066	GEO accession GSE302182 is currently private and is scheduled to be released on Jul 01, 2029.	NextSeq 500 sequencing: GSM9098066: S-1076_G_0.5_0.3_perc_meoh rep1 Komagataella phaffii RNA-Seq	Qiagen RNeasy 96 kit Nextera XT DNA Library Preparation Kit with the Illumina DNA/RNA UD Indexes	
SRR34446291	WARN(3,4,5,6,7)	SRX29606738	SAMN49881492	SRP599661	NextSeq 500 sequencing: GSM9097948: S-1076_H_0.1_1_perc_meoh rep2 Komagataella phaffii RNA-Seq				S-1076_H_0.1_1_perc_meoh rep2		GSE302182	PRJNA1289153	460519	Komagataella phaffii	RNA-Seq	TRANSCRIPTOMIC	cDNA	NextSeq 500	391364922	GSM9097948	GEO accession GSE302182 is currently private and is scheduled to be released on Jul 01, 2029.	NextSeq 500 sequencing: GSM9097948: S-1076_H_0.1_1_perc_meoh rep2 Komagataella phaffii RNA-Seq	Qiagen RNeasy 96 kit Nextera XT DNA Library Preparation Kit with the Illumina DNA/RNA UD Indexes	
SRR34446292	WARN(3,4,5,6,7)	SRX29606737	SAMN49881493	SRP599661	NextSeq 500 sequencing: GSM9097947: S-1076_H_0.1_1_perc_meoh rep1 Komagataella phaffii RNA-Seq				S-1076_H_0.1_1_perc_meoh rep1		GSE302182	PRJNA1289153	460519	Komagataella phaffii	RNA-Seq	TRANSCRIPTOMIC	cDNA	NextSeq 500	381034464	GSM9097947	GEO accession GSE302182 is currently private and is scheduled to be released on Jul 01, 2029.	NextSeq 500 sequencing: GSM9097947: S-1076_H_0.1_1_perc_meoh rep1 Komagataella phaffii RNA-Seq	Qiagen RNeasy 96 kit Nextera XT DNA Library Preparation Kit with the Illumina DNA/RNA UD Indexes	
SRR34446293	WARN(3,4)	SRX29606736	SAMN49881494	SRP599661	NextSeq 500 sequencing: GSM9097946: S-1076_H_0.5_1_perc_meoh rep3 Komagataella phaffii RNA-Seq				S-1076_H_0.5_1_perc_meoh rep3		GSE302182	PRJNA1289153	460519	Komagataella phaffii	RNA-Seq	TRANSCRIPTOMIC	cDNA	NextSeq 500	517409586	GSM9097946	GEO accession GSE302182 is currently private and is scheduled to be released on Jul 01, 2029.	NextSeq 500 sequencing: GSM9097946: S-1076_H_0.5_1_perc_meoh rep3 Komagataella phaffii RNA-Seq	Qiagen RNeasy 96 kit Nextera XT DNA Library Preparation Kit with the Illumina DNA/RNA UD Indexes	
SRR34446295	WARN(3,5,7)	SRX29606734	SAMN49881496	SRP599661	NextSeq 500 sequencing: GSM9097944: S-1076_H_0.5_1_perc_meoh rep1 Komagataella phaffii RNA-Seq				S-1076_H_0.5_1_perc_meoh rep1		GSE302182	PRJNA1289153	460519	Komagataella phaffii	RNA-Seq	TRANSCRIPTOMIC	cDNA	NextSeq 500	369303138	GSM9097944	GEO accession GSE302182 is currently private and is scheduled to be released on Jul 01, 2029.	NextSeq 500 sequencing: GSM9097944: S-1076_H_0.5_1_perc_meoh rep1 Komagataella phaffii RNA-Seq	Qiagen RNeasy 96 kit Nextera XT DNA Library Preparation Kit with the Illumina DNA/RNA UD Indexes	
SRR34446298	WARN(3,5,7)	SRX29606731	SAMN49881499	SRP599661	NextSeq 500 sequencing: GSM9097941: S-1076_H_std_1_perc_meoh rep1 Komagataella phaffii RNA-Seq				S-1076_H_std_1_perc_meoh rep1		GSE302182	PRJNA1289153	460519	Komagataella phaffii	RNA-Seq	TRANSCRIPTOMIC	cDNA	NextSeq 500	312614292	GSM9097941	GEO accession GSE302182 is currently private and is scheduled to be released on Jul 01, 2029.	NextSeq 500 sequencing: GSM9097941: S-1076_H_std_1_perc_meoh rep1 Komagataella phaffii RNA-Seq	Qiagen RNeasy 96 kit Nextera XT DNA Library Preparation Kit with the Illumina DNA/RNA UD Indexes	
SRR34446300	FAIL(3)	SRX29606729	SAMN49881501	SRP599661	NextSeq 500 sequencing: GSM9097939: S-1076_G_0.1_1_perc_meoh rep2 Komagataella phaffii RNA-Seq				S-1076_G_0.1_1_perc_meoh rep2		GSE302182	PRJNA1289153	460519	Komagataella phaffii	RNA-Seq	TRANSCRIPTOMIC	cDNA	NextSeq 500	339655410	GSM9097939	GEO accession GSE302182 is currently private and is scheduled to be released on Jul 01, 2029.	NextSeq 500 sequencing: GSM9097939: S-1076_G_0.1_1_perc_meoh rep2 Komagataella phaffii RNA-Seq	Qiagen RNeasy 96 kit Nextera XT DNA Library Preparation Kit with the Illumina DNA/RNA UD Indexes	
SRR34446306	WARN(3,4)	SRX29606723	SAMN49881507	SRP599661	NextSeq 500 sequencing: GSM9097933: S-1076_G_std_1_perc_meoh rep2 Komagataella phaffii RNA-Seq				S-1076_G_std_1_perc_meoh rep2		GSE302182	PRJNA1289153	460519	Komagataella phaffii	RNA-Seq	TRANSCRIPTOMIC	cDNA	NextSeq 500	458611176	GSM9097933	GEO accession GSE302182 is currently private and is scheduled to be released on Jul 01, 2029.	NextSeq 500 sequencing: GSM9097933: S-1076_G_std_1_perc_meoh rep2 Komagataella phaffii RNA-Seq	Qiagen RNeasy 96 kit Nextera XT DNA Library Preparation Kit with the Illumina DNA/RNA UD Indexes	
SRR34446312	WARN(3,4,5,6,7)	SRX29606717	SAMN49881513	SRP599661	NextSeq 500 sequencing: GSM9097927: S-1076_F_0.5_1_perc_meoh rep2 Komagataella phaffii RNA-Seq				S-1076_F_0.5_1_perc_meoh rep2		GSE302182	PRJNA1289153	460519	Komagataella phaffii	RNA-Seq	TRANSCRIPTOMIC	cDNA	NextSeq 500	311816754	GSM9097927	GEO accession GSE302182 is currently private and is scheduled to be released on Jul 01, 2029.	NextSeq 500 sequencing: GSM9097927: S-1076_F_0.5_1_perc_meoh rep2 Komagataella phaffii RNA-Seq	Qiagen RNeasy 96 kit Nextera XT DNA Library Preparation Kit with the Illumina DNA/RNA UD Indexes	
SRR34446314	WARN(3,4,5,6,7)	SRX29606715	SAMN49881515	SRP599661	NextSeq 500 sequencing: GSM9097925: S-1076_F_std_1_perc_meoh rep3 Komagataella phaffii RNA-Seq				S-1076_F_std_1_perc_meoh rep3		GSE302182	PRJNA1289153	460519	Komagataella phaffii	RNA-Seq	TRANSCRIPTOMIC	cDNA	NextSeq 500	397127820	GSM9097925	GEO accession GSE302182 is currently private and is scheduled to be released on Jul 01, 2029.	NextSeq 500 sequencing: GSM9097925: S-1076_F_std_1_perc_meoh rep3 Komagataella phaffii RNA-Seq	Qiagen RNeasy 96 kit Nextera XT DNA Library Preparation Kit with the Illumina DNA/RNA UD Indexes	
SRR34446319	FAIL(3,4,6)	SRX29606710	SAMN49881408	SRP599661	NextSeq 500 sequencing: GSM9098032: S-1076_B_0.1_0.3_perc_meoh rep3 Komagataella phaffii RNA-Seq				S-1076_B_0.1_0.3_perc_meoh rep3		GSE302182	PRJNA1289153	460519	Komagataella phaffii	RNA-Seq	TRANSCRIPTOMIC	cDNA	NextSeq 500	441781482	GSM9098032	GEO accession GSE302182 is currently private and is scheduled to be released on Jul 01, 2029.	NextSeq 500 sequencing: GSM9098032: S-1076_B_0.1_0.3_perc_meoh rep3 Komagataella phaffii RNA-Seq	Qiagen RNeasy 96 kit Nextera XT DNA Library Preparation Kit with the Illumina DNA/RNA UD Indexes	
SRR34446324	FAIL(3,4,6)	SRX29606705	SAMN49881413	SRP599661	NextSeq 500 sequencing: GSM9098027: S-1076_B_0.5_0.3_perc_meoh rep1 Komagataella phaffii RNA-Seq				S-1076_B_0.5_0.3_perc_meoh rep1		GSE302182	PRJNA1289153	460519	Komagataella phaffii	RNA-Seq	TRANSCRIPTOMIC	cDNA	NextSeq 500	388156002	GSM9098027	GEO accession GSE302182 is currently private and is scheduled to be released on Jul 01, 2029.	NextSeq 500 sequencing: GSM9098027: S-1076_B_0.5_0.3_perc_meoh rep1 Komagataella phaffii RNA-Seq	Qiagen RNeasy 96 kit Nextera XT DNA Library Preparation Kit with the Illumina DNA/RNA UD Indexes	
SRR34446328	FAIL(3,4)	SRX29606701	SAMN49881417	SRP599661	NextSeq 500 sequencing: GSM9098023: S-1076_J_0.1_0.7_perc_meoh rep3 Komagataella phaffii RNA-Seq				S-1076_J_0.1_0.7_perc_meoh rep3		GSE302182	PRJNA1289153	460519	Komagataella phaffii	RNA-Seq	TRANSCRIPTOMIC	cDNA	NextSeq 500	511414536	GSM9098023	GEO accession GSE302182 is currently private and is scheduled to be released on Jul 01, 2029.	NextSeq 500 sequencing: GSM9098023: S-1076_J_0.1_0.7_perc_meoh rep3 Komagataella phaffii RNA-Seq	Qiagen RNeasy 96 kit Nextera XT DNA Library Preparation Kit with the Illumina DNA/RNA UD Indexes	
SRR34446330	FAIL(3,4,6)	SRX29606699	SAMN49881419	SRP599661	NextSeq 500 sequencing: GSM9098021: S-1076_J_0.1_0.7_perc_meoh rep1 Komagataella phaffii RNA-Seq				S-1076_J_0.1_0.7_perc_meoh rep1		GSE302182	PRJNA1289153	460519	Komagataella phaffii	RNA-Seq	TRANSCRIPTOMIC	cDNA	NextSeq 500	402044526	GSM9098021	GEO accession GSE302182 is currently private and is scheduled to be released on Jul 01, 2029.	NextSeq 500 sequencing: GSM9098021: S-1076_J_0.1_0.7_perc_meoh rep1 Komagataella phaffii RNA-Seq	Qiagen RNeasy 96 kit Nextera XT DNA Library Preparation Kit with the Illumina DNA/RNA UD Indexes	
SRR34446336	FAIL(3)	SRX29606693	SAMN49881425	SRP599661	NextSeq 500 sequencing: GSM9098015: S-1076_J_std_0.7_perc_meoh rep1 Komagataella phaffii RNA-Seq				S-1076_J_std_0.7_perc_meoh rep1		GSE302182	PRJNA1289153	460519	Komagataella phaffii	RNA-Seq	TRANSCRIPTOMIC	cDNA	NextSeq 500	279196032	GSM9098015	GEO accession GSE302182 is currently private and is scheduled to be released on Jul 01, 2029.	NextSeq 500 sequencing: GSM9098015: S-1076_J_std_0.7_perc_meoh rep1 Komagataella phaffii RNA-Seq	Qiagen RNeasy 96 kit Nextera XT DNA Library Preparation Kit with the Illumina DNA/RNA UD Indexes	
SRR34446337	FAIL(3)	SRX29606692	SAMN49881426	SRP599661	NextSeq 500 sequencing: GSM9098014: S-1076_H_0.1_0.7_perc_meoh rep3 Komagataella phaffii RNA-Seq				S-1076_H_0.1_0.7_perc_meoh rep3		GSE302182	PRJNA1289153	460519	Komagataella phaffii	RNA-Seq	TRANSCRIPTOMIC	cDNA	NextSeq 500	387478110	GSM9098014	GEO accession GSE302182 is currently private and is scheduled to be released on Jul 01, 2029.	NextSeq 500 sequencing: GSM9098014: S-1076_H_0.1_0.7_perc_meoh rep3 Komagataella phaffii RNA-Seq	Qiagen RNeasy 96 kit Nextera XT DNA Library Preparation Kit with the Illumina DNA/RNA UD Indexes	
SRR34446338	FAIL(3)	SRX29606691	SAMN49881427	SRP599661	NextSeq 500 sequencing: GSM9098013: S-1076_H_0.1_0.7_perc_meoh rep2 Komagataella phaffii RNA-Seq				S-1076_H_0.1_0.7_perc_meoh rep2		GSE302182	PRJNA1289153	460519	Komagataella phaffii	RNA-Seq	TRANSCRIPTOMIC	cDNA	NextSeq 500	306547434	GSM9098013	GEO accession GSE302182 is currently private and is scheduled to be released on Jul 01, 2029.	NextSeq 500 sequencing: GSM9098013: S-1076_H_0.1_0.7_perc_meoh rep2 Komagataella phaffii RNA-Seq	Qiagen RNeasy 96 kit Nextera XT DNA Library Preparation Kit with the Illumina DNA/RNA UD Indexes	
SRR34446341	WARN(3,4,5,6,7)	SRX29606688	SAMN49881430	SRP599661	NextSeq 500 sequencing: GSM9098010: S-1076_H_0.5_0.7_perc_meoh rep2 Komagataella phaffii RNA-Seq				S-1076_H_0.5_0.7_perc_meoh rep2		GSE302182	PRJNA1289153	460519	Komagataella phaffii	RNA-Seq	TRANSCRIPTOMIC	cDNA	NextSeq 500	373778694	GSM9098010	GEO accession GSE302182 is currently private and is scheduled to be released on Jul 01, 2029.	NextSeq 500 sequencing: GSM9098010: S-1076_H_0.5_0.7_perc_meoh rep2 Komagataella phaffii RNA-Seq	Qiagen RNeasy 96 kit Nextera XT DNA Library Preparation Kit with the Illumina DNA/RNA UD Indexes	
SRR34446342	WARN(3,4,5,6,7)	SRX29606687	SAMN49881431	SRP599661	NextSeq 500 sequencing: GSM9098009: S-1076_H_0.5_0.7_perc_meoh rep1 Komagataella phaffii RNA-Seq				S-1076_H_0.5_0.7_perc_meoh rep1		GSE302182	PRJNA1289153	460519	Komagataella phaffii	RNA-Seq	TRANSCRIPTOMIC	cDNA	NextSeq 500	328275372	GSM9098009	GEO accession GSE302182 is currently private and is scheduled to be released on Jul 01, 2029.	NextSeq 500 sequencing: GSM9098009: S-1076_H_0.5_0.7_perc_meoh rep1 Komagataella phaffii RNA-Seq	Qiagen RNeasy 96 kit Nextera XT DNA Library Preparation Kit with the Illumina DNA/RNA UD Indexes	
SRR34446345	WARN(3,4,5,6,7)	SRX29606684	SAMN49881434	SRP599661	NextSeq 500 sequencing: GSM9098006: S-1076_H_std_0.7_perc_meoh rep1 Komagataella phaffii RNA-Seq				S-1076_H_std_0.7_perc_meoh rep1		GSE302182	PRJNA1289153	460519	Komagataella phaffii	RNA-Seq	TRANSCRIPTOMIC	cDNA	NextSeq 500	305542734	GSM9098006	GEO accession GSE302182 is currently private and is scheduled to be released on Jul 01, 2029.	NextSeq 500 sequencing: GSM9098006: S-1076_H_std_0.7_perc_meoh rep1 Komagataella phaffii RNA-Seq	Qiagen RNeasy 96 kit Nextera XT DNA Library Preparation Kit with the Illumina DNA/RNA UD Indexes	
SRR34446348	FAIL(3)	SRX29606681	SAMN49881465	SRP599661	NextSeq 500 sequencing: GSM9097975: S-1076_C_0.1_0.7_perc_meoh rep2 Komagataella phaffii RNA-Seq				S-1076_C_0.1_0.7_perc_meoh rep2		GSE302182	PRJNA1289153	460519	Komagataella phaffii	RNA-Seq	TRANSCRIPTOMIC	cDNA	NextSeq 500	421176972	GSM9097975	GEO accession GSE302182 is currently private and is scheduled to be released on Jul 01, 2029.	NextSeq 500 sequencing: GSM9097975: S-1076_C_0.1_0.7_perc_meoh rep2 Komagataella phaffii RNA-Seq	Qiagen RNeasy 96 kit Nextera XT DNA Library Preparation Kit with the Illumina DNA/RNA UD Indexes	
SRR34446349	FAIL(3)	SRX29606680	SAMN49881466	SRP599661	NextSeq 500 sequencing: GSM9097974: S-1076_C_0.1_0.7_perc_meoh rep1 Komagataella phaffii RNA-Seq				S-1076_C_0.1_0.7_perc_meoh rep1		GSE302182	PRJNA1289153	460519	Komagataella phaffii	RNA-Seq	TRANSCRIPTOMIC	cDNA	NextSeq 500	533533338	GSM9097974	GEO accession GSE302182 is currently private and is scheduled to be released on Jul 01, 2029.	NextSeq 500 sequencing: GSM9097974: S-1076_C_0.1_0.7_perc_meoh rep1 Komagataella phaffii RNA-Seq	Qiagen RNeasy 96 kit Nextera XT DNA Library Preparation Kit with the Illumina DNA/RNA UD Indexes	
SRR34446352	WARN(3,4,6)	SRX29606677	SAMN49881469	SRP599661	NextSeq 500 sequencing: GSM9097971: S-1076_C_0.5_0.7_perc_meoh rep1 Komagataella phaffii RNA-Seq				S-1076_C_0.5_0.7_perc_meoh rep1		GSE302182	PRJNA1289153	460519	Komagataella phaffii	RNA-Seq	TRANSCRIPTOMIC	cDNA	NextSeq 500	551858556	GSM9097971	GEO accession GSE302182 is currently private and is scheduled to be released on Jul 01, 2029.	NextSeq 500 sequencing: GSM9097971: S-1076_C_0.5_0.7_perc_meoh rep1 Komagataella phaffii RNA-Seq	Qiagen RNeasy 96 kit Nextera XT DNA Library Preparation Kit with the Illumina DNA/RNA UD Indexes	
SRR34446353	WARN(3)	SRX29606676	SAMN49881470	SRP599661	NextSeq 500 sequencing: GSM9097970: S-1076_C_std_0.7_perc_meoh rep3 Komagataella phaffii RNA-Seq				S-1076_C_std_0.7_perc_meoh rep3		GSE302182	PRJNA1289153	460519	Komagataella phaffii	RNA-Seq	TRANSCRIPTOMIC	cDNA	NextSeq 500	461797962	GSM9097970	GEO accession GSE302182 is currently private and is scheduled to be released on Jul 01, 2029.	NextSeq 500 sequencing: GSM9097970: S-1076_C_std_0.7_perc_meoh rep3 Komagataella phaffii RNA-Seq	Qiagen RNeasy 96 kit Nextera XT DNA Library Preparation Kit with the Illumina DNA/RNA UD Indexes	
SRR34446358	WARN(3,4,5,6,7)	SRX29606671	SAMN49881475	SRP599661	NextSeq 500 sequencing: GSM9097965: S-1076_B_0.1_0.7_perc_meoh rep1 Komagataella phaffii RNA-Seq				S-1076_B_0.1_0.7_perc_meoh rep1		GSE302182	PRJNA1289153	460519	Komagataella phaffii	RNA-Seq	TRANSCRIPTOMIC	cDNA	NextSeq 500	461336922	GSM9097965	GEO accession GSE302182 is currently private and is scheduled to be released on Jul 01, 2029.	NextSeq 500 sequencing: GSM9097965: S-1076_B_0.1_0.7_perc_meoh rep1 Komagataella phaffii RNA-Seq	Qiagen RNeasy 96 kit Nextera XT DNA Library Preparation Kit with the Illumina DNA/RNA UD Indexes	
SRR34446359	WARN(3,4,5,6,7)	SRX29606670	SAMN49881476	SRP599661	NextSeq 500 sequencing: GSM9097964: S-1076_B_0.5_0.7_perc_meoh rep3 Komagataella phaffii RNA-Seq				S-1076_B_0.5_0.7_perc_meoh rep3		GSE302182	PRJNA1289153	460519	Komagataella phaffii	RNA-Seq	TRANSCRIPTOMIC	cDNA	NextSeq 500	328519458	GSM9097964	GEO accession GSE302182 is currently private and is scheduled to be released on Jul 01, 2029.	NextSeq 500 sequencing: GSM9097964: S-1076_B_0.5_0.7_perc_meoh rep3 Komagataella phaffii RNA-Seq	Qiagen RNeasy 96 kit Nextera XT DNA Library Preparation Kit with the Illumina DNA/RNA UD Indexes	
SRR34446364	WARN(3)	SRX29606665	SAMN49881481	SRP599661	NextSeq 500 sequencing: GSM9097959: S-1076_B_std_0.7_perc_meoh rep1 Komagataella phaffii RNA-Seq				S-1076_B_std_0.7_perc_meoh rep1		GSE302182	PRJNA1289153	460519	Komagataella phaffii	RNA-Seq	TRANSCRIPTOMIC	cDNA	NextSeq 500	459640764	GSM9097959	GEO accession GSE302182 is currently private and is scheduled to be released on Jul 01, 2029.	NextSeq 500 sequencing: GSM9097959: S-1076_B_std_0.7_perc_meoh rep1 Komagataella phaffii RNA-Seq	Qiagen RNeasy 96 kit Nextera XT DNA Library Preparation Kit with the Illumina DNA/RNA UD Indexes	
SRR34446368	WARN(3,4,5,6)	SRX29606661	SAMN49881485	SRP599661	NextSeq 500 sequencing: GSM9097955: S-1076_J_0.5_1_perc_meoh rep3 Komagataella phaffii RNA-Seq				S-1076_J_0.5_1_perc_meoh rep3		GSE302182	PRJNA1289153	460519	Komagataella phaffii	RNA-Seq	TRANSCRIPTOMIC	cDNA	NextSeq 500	492792804	GSM9097955	GEO accession GSE302182 is currently private and is scheduled to be released on Jul 01, 2029.	NextSeq 500 sequencing: GSM9097955: S-1076_J_0.5_1_perc_meoh rep3 Komagataella phaffii RNA-Seq	Qiagen RNeasy 96 kit Nextera XT DNA Library Preparation Kit with the Illumina DNA/RNA UD Indexes	
SRR34446370	WARN(3,4,5,6,7)	SRX29606659	SAMN49881487	SRP599661	NextSeq 500 sequencing: GSM9097953: S-1076_J_0.5_1_perc_meoh rep1 Komagataella phaffii RNA-Seq				S-1076_J_0.5_1_perc_meoh rep1		GSE302182	PRJNA1289153	460519	Komagataella phaffii	RNA-Seq	TRANSCRIPTOMIC	cDNA	NextSeq 500	360932916	GSM9097953	GEO accession GSE302182 is currently private and is scheduled to be released on Jul 01, 2029.	NextSeq 500 sequencing: GSM9097953: S-1076_J_0.5_1_perc_meoh rep1 Komagataella phaffii RNA-Seq	Qiagen RNeasy 96 kit Nextera XT DNA Library Preparation Kit with the Illumina DNA/RNA UD Indexes	
SRR34446373	WARN(3,4,6)	SRX29606656	SAMN49881490	SRP599661	NextSeq 500 sequencing: GSM9097950: S-1076_J_std_1_perc_meoh rep1 Komagataella phaffii RNA-Seq				S-1076_J_std_1_perc_meoh rep1		GSE302182	PRJNA1289153	460519	Komagataella phaffii	RNA-Seq	TRANSCRIPTOMIC	cDNA	NextSeq 500	601699938	GSM9097950	GEO accession GSE302182 is currently private and is scheduled to be released on Jul 01, 2029.	NextSeq 500 sequencing: GSM9097950: S-1076_J_std_1_perc_meoh rep1 Komagataella phaffii RNA-Seq	Qiagen RNeasy 96 kit Nextera XT DNA Library Preparation Kit with the Illumina DNA/RNA UD Indexes	
SRR34446375	FAIL(3)	SRX29606654	SAMN49881520	SRP599661	NextSeq 500 sequencing: GSM9097920: S-1076_E_0.1_1_perc_meoh rep1 Komagataella phaffii RNA-Seq				S-1076_E_0.1_1_perc_meoh rep1		GSE302182	PRJNA1289153	460519	Komagataella phaffii	RNA-Seq	TRANSCRIPTOMIC	cDNA	NextSeq 500	379577496	GSM9097920	GEO accession GSE302182 is currently private and is scheduled to be released on Jul 01, 2029.	NextSeq 500 sequencing: GSM9097920: S-1076_E_0.1_1_perc_meoh rep1 Komagataella phaffii RNA-Seq	Qiagen RNeasy 96 kit Nextera XT DNA Library Preparation Kit with the Illumina DNA/RNA UD Indexes	
SRR34446378	WARN(3,4,5,6,7)	SRX29606651	SAMN49881523	SRP599661	NextSeq 500 sequencing: GSM9097917: S-1076_E_0.5_1_perc_meoh rep1 Komagataella phaffii RNA-Seq				S-1076_E_0.5_1_perc_meoh rep1		GSE302182	PRJNA1289153	460519	Komagataella phaffii	RNA-Seq	TRANSCRIPTOMIC	cDNA	NextSeq 500	454626444	GSM9097917	GEO accession GSE302182 is currently private and is scheduled to be released on Jul 01, 2029.	NextSeq 500 sequencing: GSM9097917: S-1076_E_0.5_1_perc_meoh rep1 Komagataella phaffii RNA-Seq	Qiagen RNeasy 96 kit Nextera XT DNA Library Preparation Kit with the Illumina DNA/RNA UD Indexes	
SRR34446379	WARN(3,4,6)	SRX29606650	SAMN49881524	SRP599661	NextSeq 500 sequencing: GSM9097916: S-1076_E_std_1_perc_meoh rep3 Komagataella phaffii RNA-Seq				S-1076_E_std_1_perc_meoh rep3		GSE302182	PRJNA1289153	460519	Komagataella phaffii	RNA-Seq	TRANSCRIPTOMIC	cDNA	NextSeq 500	679102740	GSM9097916	GEO accession GSE302182 is currently private and is scheduled to be released on Jul 01, 2029.	NextSeq 500 sequencing: GSM9097916: S-1076_E_std_1_perc_meoh rep3 Komagataella phaffii RNA-Seq	Qiagen RNeasy 96 kit Nextera XT DNA Library Preparation Kit with the Illumina DNA/RNA UD Indexes	
SRR34446380	PASS	SRX29606649	SAMN49881525	SRP599661	NextSeq 500 sequencing: GSM9097915: S-1076_E_std_1_perc_meoh rep2 Komagataella phaffii RNA-Seq				S-1076_E_std_1_perc_meoh rep2		GSE302182	PRJNA1289153	460519	Komagataella phaffii	RNA-Seq	TRANSCRIPTOMIC	cDNA	NextSeq 500	489222600	GSM9097915	GEO accession GSE302182 is currently private and is scheduled to be released on Jul 01, 2029.	NextSeq 500 sequencing: GSM9097915: S-1076_E_std_1_perc_meoh rep2 Komagataella phaffii RNA-Seq	Qiagen RNeasy 96 kit Nextera XT DNA Library Preparation Kit with the Illumina DNA/RNA UD Indexes	
SRR34446386	FAIL(3)	SRX29606643	SAMN49881531	SRP599661	NextSeq 500 sequencing: GSM9097909: S-1076_C_0.1_1_perc_meoh rep2 Komagataella phaffii RNA-Seq				S-1076_C_0.1_1_perc_meoh rep2		GSE302182	PRJNA1289153	460519	Komagataella phaffii	RNA-Seq	TRANSCRIPTOMIC	cDNA	NextSeq 500	332345478	GSM9097909	GEO accession GSE302182 is currently private and is scheduled to be released on Jul 01, 2029.	NextSeq 500 sequencing: GSM9097909: S-1076_C_0.1_1_perc_meoh rep2 Komagataella phaffii RNA-Seq	Qiagen RNeasy 96 kit Nextera XT DNA Library Preparation Kit with the Illumina DNA/RNA UD Indexes	
SRR34446387	FAIL(3)	SRX29606642	SAMN49881532	SRP599661	NextSeq 500 sequencing: GSM9097908: S-1076_C_0.1_1_perc_meoh rep1 Komagataella phaffii RNA-Seq				S-1076_C_0.1_1_perc_meoh rep1		GSE302182	PRJNA1289153	460519	Komagataella phaffii	RNA-Seq	TRANSCRIPTOMIC	cDNA	NextSeq 500	304137582	GSM9097908	GEO accession GSE302182 is currently private and is scheduled to be released on Jul 01, 2029.	NextSeq 500 sequencing: GSM9097908: S-1076_C_0.1_1_perc_meoh rep1 Komagataella phaffii RNA-Seq	Qiagen RNeasy 96 kit Nextera XT DNA Library Preparation Kit with the Illumina DNA/RNA UD Indexes	
SRR34446388	WARN(1,3,4,5,6,7)	SRX29606641	SAMN49881533	SRP599661	NextSeq 500 sequencing: GSM9097907: S-1076_C_0.5_1_perc_meoh rep3 Komagataella phaffii RNA-Seq				S-1076_C_0.5_1_perc_meoh rep3		GSE302182	PRJNA1289153	460519	Komagataella phaffii	RNA-Seq	TRANSCRIPTOMIC	cDNA	NextSeq 500	272073678	GSM9097907	GEO accession GSE302182 is currently private and is scheduled to be released on Jul 01, 2029.	NextSeq 500 sequencing: GSM9097907: S-1076_C_0.5_1_perc_meoh rep3 Komagataella phaffii RNA-Seq	Qiagen RNeasy 96 kit Nextera XT DNA Library Preparation Kit with the Illumina DNA/RNA UD Indexes	
SRR34446389	WARN(1,3,4,5,6,7)	SRX29606640	SAMN49881534	SRP599661	NextSeq 500 sequencing: GSM9097906: S-1076_C_0.5_1_perc_meoh rep2 Komagataella phaffii RNA-Seq				S-1076_C_0.5_1_perc_meoh rep2		GSE302182	PRJNA1289153	460519	Komagataella phaffii	RNA-Seq	TRANSCRIPTOMIC	cDNA	NextSeq 500	267469194	GSM9097906	GEO accession GSE302182 is currently private and is scheduled to be released on Jul 01, 2029.	NextSeq 500 sequencing: GSM9097906: S-1076_C_0.5_1_perc_meoh rep2 Komagataella phaffii RNA-Seq	Qiagen RNeasy 96 kit Nextera XT DNA Library Preparation Kit with the Illumina DNA/RNA UD Indexes	
SRR34446392	WARN(1,3,4,5,6,7)	SRX29606637	SAMN49881537	SRP599661	NextSeq 500 sequencing: GSM9097903: S-1076_C_std_1_perc_meoh rep2 Komagataella phaffii RNA-Seq				S-1076_C_std_1_perc_meoh rep2		GSE302182	PRJNA1289153	460519	Komagataella phaffii	RNA-Seq	TRANSCRIPTOMIC	cDNA	NextSeq 500	263921022	GSM9097903	GEO accession GSE302182 is currently private and is scheduled to be released on Jul 01, 2029.	NextSeq 500 sequencing: GSM9097903: S-1076_C_std_1_perc_meoh rep2 Komagataella phaffii RNA-Seq	Qiagen RNeasy 96 kit Nextera XT DNA Library Preparation Kit with the Illumina DNA/RNA UD Indexes	
SRR34446394	FAIL(3)	SRX29606635	SAMN49881539	SRP599661	NextSeq 500 sequencing: GSM9097901: S-1076_B_0.1_1_perc_meoh rep3 Komagataella phaffii RNA-Seq				S-1076_B_0.1_1_perc_meoh rep3		GSE302182	PRJNA1289153	460519	Komagataella phaffii	RNA-Seq	TRANSCRIPTOMIC	cDNA	NextSeq 500	352488540	GSM9097901	GEO accession GSE302182 is currently private and is scheduled to be released on Jul 01, 2029.	NextSeq 500 sequencing: GSM9097901: S-1076_B_0.1_1_perc_meoh rep3 Komagataella phaffii RNA-Seq	Qiagen RNeasy 96 kit Nextera XT DNA Library Preparation Kit with the Illumina DNA/RNA UD Indexes	
SRR34446396	FAIL(3)	SRX29606633	SAMN49881541	SRP599661	NextSeq 500 sequencing: GSM9097899: S-1076_B_0.1_1_perc_meoh rep1 Komagataella phaffii RNA-Seq				S-1076_B_0.1_1_perc_meoh rep1		GSE302182	PRJNA1289153	460519	Komagataella phaffii	RNA-Seq	TRANSCRIPTOMIC	cDNA	NextSeq 500	309674244	GSM9097899	GEO accession GSE302182 is currently private and is scheduled to be released on Jul 01, 2029.	NextSeq 500 sequencing: GSM9097899: S-1076_B_0.1_1_perc_meoh rep1 Komagataella phaffii RNA-Seq	Qiagen RNeasy 96 kit Nextera XT DNA Library Preparation Kit with the Illumina DNA/RNA UD Indexes	
SRR34446398	WARN(3,4,5,6,7)	SRX29606631	SAMN49881543	SRP599661	NextSeq 500 sequencing: GSM9097897: S-1076_B_0.5_1_perc_meoh rep2 Komagataella phaffii RNA-Seq				S-1076_B_0.5_1_perc_meoh rep2		GSE302182	PRJNA1289153	460519	Komagataella phaffii	RNA-Seq	TRANSCRIPTOMIC	cDNA	NextSeq 500	287259234	GSM9097897	GEO accession GSE302182 is currently private and is scheduled to be released on Jul 01, 2029.	NextSeq 500 sequencing: GSM9097897: S-1076_B_0.5_1_perc_meoh rep2 Komagataella phaffii RNA-Seq	Qiagen RNeasy 96 kit Nextera XT DNA Library Preparation Kit with the Illumina DNA/RNA UD Indexes	
SRR34446399	WARN(1,3,4,5,6,7)	SRX29606630	SAMN49881544	SRP599661	NextSeq 500 sequencing: GSM9097896: S-1076_B_0.5_1_perc_meoh rep1 Komagataella phaffii RNA-Seq				S-1076_B_0.5_1_perc_meoh rep1		GSE302182	PRJNA1289153	460519	Komagataella phaffii	RNA-Seq	TRANSCRIPTOMIC	cDNA	NextSeq 500	265042920	GSM9097896	GEO accession GSE302182 is currently private and is scheduled to be released on Jul 01, 2029.	NextSeq 500 sequencing: GSM9097896: S-1076_B_0.5_1_perc_meoh rep1 Komagataella phaffii RNA-Seq	Qiagen RNeasy 96 kit Nextera XT DNA Library Preparation Kit with the Illumina DNA/RNA UD Indexes	
SRR34446400	WARN(3,5,7)	SRX29606629	SAMN49881545	SRP599661	NextSeq 500 sequencing: GSM9097895: S-1076_B_std_1_perc_Meoh rep3 Komagataella phaffii RNA-Seq				S-1076_B_std_1_perc_Meoh rep3		GSE302182	PRJNA1289153	460519	Komagataella phaffii	RNA-Seq	TRANSCRIPTOMIC	cDNA	NextSeq 500	326314830	GSM9097895	GEO accession GSE302182 is currently private and is scheduled to be released on Jul 01, 2029.	NextSeq 500 sequencing: GSM9097895: S-1076_B_std_1_perc_Meoh rep3 Komagataella phaffii RNA-Seq	Qiagen RNeasy 96 kit Nextera XT DNA Library Preparation Kit with the Illumina DNA/RNA UD Indexes	
SRR34446755	FAIL(3,4,6)	SRX29607359	SAMN49882063	SRP599672	NextSeq 500 sequencing: GSM9097839: S953_B_0.1_0.3 rep1 Komagataella phaffii RNA-Seq				S953_B_0.1_0.3 rep1		GSE302181	PRJNA1289154	460519	Komagataella phaffii	RNA-Seq	TRANSCRIPTOMIC	cDNA	NextSeq 500	301385700	GSM9097839	GEO accession GSE302181 is currently private and is scheduled to be released on Jul 01, 2029.	NextSeq 500 sequencing: GSM9097839: S953_B_0.1_0.3 rep1 Komagataella phaffii RNA-Seq	Qiagen RNeasy 96 kit Nextera XT DNA Library Preparation Kit with the Illumina DNA/RNA UD Indexes	
SRR34446757	FAIL(3)	SRX29607357	SAMN49882065	SRP599672	NextSeq 500 sequencing: GSM9097837: S953_B_0.5_0.3 rep2 Komagataella phaffii RNA-Seq				S953_B_0.5_0.3 rep2		GSE302181	PRJNA1289154	460519	Komagataella phaffii	RNA-Seq	TRANSCRIPTOMIC	cDNA	NextSeq 500	282240695	GSM9097837	GEO accession GSE302181 is currently private and is scheduled to be released on Jul 01, 2029.	NextSeq 500 sequencing: GSM9097837: S953_B_0.5_0.3 rep2 Komagataella phaffii RNA-Seq	Qiagen RNeasy 96 kit Nextera XT DNA Library Preparation Kit with the Illumina DNA/RNA UD Indexes	
SRR34446759	WARN(3,4,6)	SRX29607355	SAMN49882067	SRP599672	NextSeq 500 sequencing: GSM9097835: S953_B_std_0.3 rep3 Komagataella phaffii RNA-Seq				S953_B_std_0.3 rep3		GSE302181	PRJNA1289154	460519	Komagataella phaffii	RNA-Seq	TRANSCRIPTOMIC	cDNA	NextSeq 500	340942525	GSM9097835	GEO accession GSE302181 is currently private and is scheduled to be released on Jul 01, 2029.	NextSeq 500 sequencing: GSM9097835: S953_B_std_0.3 rep3 Komagataella phaffii RNA-Seq	Qiagen RNeasy 96 kit Nextera XT DNA Library Preparation Kit with the Illumina DNA/RNA UD Indexes	
SRR34446761	WARN(3)	SRX29607353	SAMN49882069	SRP599672	NextSeq 500 sequencing: GSM9097833: S953_B_std_0.3 rep1 Komagataella phaffii RNA-Seq				S953_B_std_0.3 rep1		GSE302181	PRJNA1289154	460519	Komagataella phaffii	RNA-Seq	TRANSCRIPTOMIC	cDNA	NextSeq 500	414614915	GSM9097833	GEO accession GSE302181 is currently private and is scheduled to be released on Jul 01, 2029.	NextSeq 500 sequencing: GSM9097833: S953_B_std_0.3 rep1 Komagataella phaffii RNA-Seq	Qiagen RNeasy 96 kit Nextera XT DNA Library Preparation Kit with the Illumina DNA/RNA UD Indexes	
SRR34446763	FAIL(3)	SRX29607351	SAMN49882071	SRP599672	NextSeq 500 sequencing: GSM9097831: S953_J_0.1_0.7 rep2 Komagataella phaffii RNA-Seq				S953_J_0.1_0.7 rep2		GSE302181	PRJNA1289154	460519	Komagataella phaffii	RNA-Seq	TRANSCRIPTOMIC	cDNA	NextSeq 500	350802210	GSM9097831	GEO accession GSE302181 is currently private and is scheduled to be released on Jul 01, 2029.	NextSeq 500 sequencing: GSM9097831: S953_J_0.1_0.7 rep2 Komagataella phaffii RNA-Seq	Qiagen RNeasy 96 kit Nextera XT DNA Library Preparation Kit with the Illumina DNA/RNA UD Indexes	
SRR34446765	WARN(3,4,6)	SRX29607349	SAMN49882073	SRP599672	NextSeq 500 sequencing: GSM9097829: S953_J_0.5_0.7 rep3 Komagataella phaffii RNA-Seq				S953_J_0.5_0.7 rep3		GSE302181	PRJNA1289154	460519	Komagataella phaffii	RNA-Seq	TRANSCRIPTOMIC	cDNA	NextSeq 500	343384305	GSM9097829	GEO accession GSE302181 is currently private and is scheduled to be released on Jul 01, 2029.	NextSeq 500 sequencing: GSM9097829: S953_J_0.5_0.7 rep3 Komagataella phaffii RNA-Seq	Qiagen RNeasy 96 kit Nextera XT DNA Library Preparation Kit with the Illumina DNA/RNA UD Indexes	
SRR34446766	WARN(3,4,5,6)	SRX29607348	SAMN49882074	SRP599672	NextSeq 500 sequencing: GSM9097828: S953_J_0.5_0.7 rep2 Komagataella phaffii RNA-Seq				S953_J_0.5_0.7 rep2		GSE302181	PRJNA1289154	460519	Komagataella phaffii	RNA-Seq	TRANSCRIPTOMIC	cDNA	NextSeq 500	295683245	GSM9097828	GEO accession GSE302181 is currently private and is scheduled to be released on Jul 01, 2029.	NextSeq 500 sequencing: GSM9097828: S953_J_0.5_0.7 rep2 Komagataella phaffii RNA-Seq	Qiagen RNeasy 96 kit Nextera XT DNA Library Preparation Kit with the Illumina DNA/RNA UD Indexes	
SRR34446768	WARN(3,4,5,6,7)	SRX29607346	SAMN49882076	SRP599672	NextSeq 500 sequencing: GSM9097826: S953_J_std_0.7 rep3 Komagataella phaffii RNA-Seq				S953_J_std_0.7 rep3		GSE302181	PRJNA1289154	460519	Komagataella phaffii	RNA-Seq	TRANSCRIPTOMIC	cDNA	NextSeq 500	251452300	GSM9097826	GEO accession GSE302181 is currently private and is scheduled to be released on Jul 01, 2029.	NextSeq 500 sequencing: GSM9097826: S953_J_std_0.7 rep3 Komagataella phaffii RNA-Seq	Qiagen RNeasy 96 kit Nextera XT DNA Library Preparation Kit with the Illumina DNA/RNA UD Indexes	
SRR34446769	WARN(3,4,6)	SRX29607345	SAMN49882077	SRP599672	NextSeq 500 sequencing: GSM9097825: S953_J_std_0.7 rep2 Komagataella phaffii RNA-Seq				S953_J_std_0.7 rep2		GSE302181	PRJNA1289154	460519	Komagataella phaffii	RNA-Seq	TRANSCRIPTOMIC	cDNA	NextSeq 500	315654295	GSM9097825	GEO accession GSE302181 is currently private and is scheduled to be released on Jul 01, 2029.	NextSeq 500 sequencing: GSM9097825: S953_J_std_0.7 rep2 Komagataella phaffii RNA-Seq	Qiagen RNeasy 96 kit Nextera XT DNA Library Preparation Kit with the Illumina DNA/RNA UD Indexes	
SRR34446770	WARN(3,4,5,6,7)	SRX29607344	SAMN49882078	SRP599672	NextSeq 500 sequencing: GSM9097824: S953_J_std_0.7 rep1 Komagataella phaffii RNA-Seq				S953_J_std_0.7 rep1		GSE302181	PRJNA1289154	460519	Komagataella phaffii	RNA-Seq	TRANSCRIPTOMIC	cDNA	NextSeq 500	267537490	GSM9097824	GEO accession GSE302181 is currently private and is scheduled to be released on Jul 01, 2029.	NextSeq 500 sequencing: GSM9097824: S953_J_std_0.7 rep1 Komagataella phaffii RNA-Seq	Qiagen RNeasy 96 kit Nextera XT DNA Library Preparation Kit with the Illumina DNA/RNA UD Indexes	
SRR34446772	WARN(3,4,5,6,7)	SRX29607342	SAMN49882080	SRP599672	NextSeq 500 sequencing: GSM9097822: S953_H_0.1_0.7 rep2 Komagataella phaffii RNA-Seq				S953_H_0.1_0.7 rep2		GSE302181	PRJNA1289154	460519	Komagataella phaffii	RNA-Seq	TRANSCRIPTOMIC	cDNA	NextSeq 500	268096620	GSM9097822	GEO accession GSE302181 is currently private and is scheduled to be released on Jul 01, 2029.	NextSeq 500 sequencing: GSM9097822: S953_H_0.1_0.7 rep2 Komagataella phaffii RNA-Seq	Qiagen RNeasy 96 kit Nextera XT DNA Library Preparation Kit with the Illumina DNA/RNA UD Indexes	
SRR34446774	WARN(3,4,5,6,7)	SRX29607340	SAMN49882082	SRP599672	NextSeq 500 sequencing: GSM9097820: S953_H_0.5_0.7 rep3 Komagataella phaffii RNA-Seq				S953_H_0.5_0.7 rep3		GSE302181	PRJNA1289154	460519	Komagataella phaffii	RNA-Seq	TRANSCRIPTOMIC	cDNA	NextSeq 500	274080345	GSM9097820	GEO accession GSE302181 is currently private and is scheduled to be released on Jul 01, 2029.	NextSeq 500 sequencing: GSM9097820: S953_H_0.5_0.7 rep3 Komagataella phaffii RNA-Seq	Qiagen RNeasy 96 kit Nextera XT DNA Library Preparation Kit with the Illumina DNA/RNA UD Indexes	
SRR34446776	WARN(3,4,6)	SRX29607338	SAMN49882084	SRP599672	NextSeq 500 sequencing: GSM9097818: S953_H_0.5_0.7 rep1 Komagataella phaffii RNA-Seq				S953_H_0.5_0.7 rep1		GSE302181	PRJNA1289154	460519	Komagataella phaffii	RNA-Seq	TRANSCRIPTOMIC	cDNA	NextSeq 500	408706320	GSM9097818	GEO accession GSE302181 is currently private and is scheduled to be released on Jul 01, 2029.	NextSeq 500 sequencing: GSM9097818: S953_H_0.5_0.7 rep1 Komagataella phaffii RNA-Seq	Qiagen RNeasy 96 kit Nextera XT DNA Library Preparation Kit with the Illumina DNA/RNA UD Indexes	
SRR34446777	WARN(3,4)	SRX29607337	SAMN49882085	SRP599672	NextSeq 500 sequencing: GSM9097817: S953_H_std_0.7 rep3 Komagataella phaffii RNA-Seq				S953_H_std_0.7 rep3		GSE302181	PRJNA1289154	460519	Komagataella phaffii	RNA-Seq	TRANSCRIPTOMIC	cDNA	NextSeq 500	364876545	GSM9097817	GEO accession GSE302181 is currently private and is scheduled to be released on Jul 01, 2029.	NextSeq 500 sequencing: GSM9097817: S953_H_std_0.7 rep3 Komagataella phaffii RNA-Seq	Qiagen RNeasy 96 kit Nextera XT DNA Library Preparation Kit with the Illumina DNA/RNA UD Indexes	
SRR34446778	WARN(3)	SRX29607336	SAMN49882086	SRP599672	NextSeq 500 sequencing: GSM9097816: S953_H_std_0.7 rep2 Komagataella phaffii RNA-Seq				S953_H_std_0.7 rep2		GSE302181	PRJNA1289154	460519	Komagataella phaffii	RNA-Seq	TRANSCRIPTOMIC	cDNA	NextSeq 500	394173175	GSM9097816	GEO accession GSE302181 is currently private and is scheduled to be released on Jul 01, 2029.	NextSeq 500 sequencing: GSM9097816: S953_H_std_0.7 rep2 Komagataella phaffii RNA-Seq	Qiagen RNeasy 96 kit Nextera XT DNA Library Preparation Kit with the Illumina DNA/RNA UD Indexes	
SRR34446780	WARN(3,4,5,6)	SRX29607334	SAMN49882088	SRP599672	NextSeq 500 sequencing: GSM9097814: S953_G_0.1_0.7 rep3 Komagataella phaffii RNA-Seq				S953_G_0.1_0.7 rep3		GSE302181	PRJNA1289154	460519	Komagataella phaffii	RNA-Seq	TRANSCRIPTOMIC	cDNA	NextSeq 500	308357610	GSM9097814	GEO accession GSE302181 is currently private and is scheduled to be released on Jul 01, 2029.	NextSeq 500 sequencing: GSM9097814: S953_G_0.1_0.7 rep3 Komagataella phaffii RNA-Seq	Qiagen RNeasy 96 kit Nextera XT DNA Library Preparation Kit with the Illumina DNA/RNA UD Indexes	
SRR34446785	WARN(3,4,6)	SRX29607329	SAMN49882093	SRP599672	NextSeq 500 sequencing: GSM9097809: S953_G_0.5_0.7 rep1 Komagataella phaffii RNA-Seq				S953_G_0.5_0.7 rep1		GSE302181	PRJNA1289154	460519	Komagataella phaffii	RNA-Seq	TRANSCRIPTOMIC	cDNA	NextSeq 500	435184915	GSM9097809	GEO accession GSE302181 is currently private and is scheduled to be released on Jul 01, 2029.	NextSeq 500 sequencing: GSM9097809: S953_G_0.5_0.7 rep1 Komagataella phaffii RNA-Seq	Qiagen RNeasy 96 kit Nextera XT DNA Library Preparation Kit with the Illumina DNA/RNA UD Indexes	
SRR34446787	WARN(3,4,6)	SRX29607327	SAMN49882095	SRP599672	NextSeq 500 sequencing: GSM9097807: S953_G_std_0.7 rep2 Komagataella phaffii RNA-Seq				S953_G_std_0.7 rep2		GSE302181	PRJNA1289154	460519	Komagataella phaffii	RNA-Seq	TRANSCRIPTOMIC	cDNA	NextSeq 500	472730555	GSM9097807	GEO accession GSE302181 is currently private and is scheduled to be released on Jul 01, 2029.	NextSeq 500 sequencing: GSM9097807: S953_G_std_0.7 rep2 Komagataella phaffii RNA-Seq	Qiagen RNeasy 96 kit Nextera XT DNA Library Preparation Kit with the Illumina DNA/RNA UD Indexes	
SRR34446788	WARN(3,4,6)	SRX29607326	SAMN49882096	SRP599672	NextSeq 500 sequencing: GSM9097806: S953_G_std_0.7 rep1 Komagataella phaffii RNA-Seq				S953_G_std_0.7 rep1		GSE302181	PRJNA1289154	460519	Komagataella phaffii	RNA-Seq	TRANSCRIPTOMIC	cDNA	NextSeq 500	408563320	GSM9097806	GEO accession GSE302181 is currently private and is scheduled to be released on Jul 01, 2029.	NextSeq 500 sequencing: GSM9097806: S953_G_std_0.7 rep1 Komagataella phaffii RNA-Seq	Qiagen RNeasy 96 kit Nextera XT DNA Library Preparation Kit with the Illumina DNA/RNA UD Indexes	
SRR34446790	FAIL(3)	SRX29607324	SAMN49882098	SRP599672	NextSeq 500 sequencing: GSM9097804: S953_F_0.1_0.7 rep2 Komagataella phaffii RNA-Seq				S953_F_0.1_0.7 rep2		GSE302181	PRJNA1289154	460519	Komagataella phaffii	RNA-Seq	TRANSCRIPTOMIC	cDNA	NextSeq 500	278064820	GSM9097804	GEO accession GSE302181 is currently private and is scheduled to be released on Jul 01, 2029.	NextSeq 500 sequencing: GSM9097804: S953_F_0.1_0.7 rep2 Komagataella phaffii RNA-Seq	Qiagen RNeasy 96 kit Nextera XT DNA Library Preparation Kit with the Illumina DNA/RNA UD Indexes	
SRR34446791	WARN(3,4,6)	SRX29607323	SAMN49882099	SRP599672	NextSeq 500 sequencing: GSM9097803: S953_F_0.1_0.7 rep1 Komagataella phaffii RNA-Seq				S953_F_0.1_0.7 rep1		GSE302181	PRJNA1289154	460519	Komagataella phaffii	RNA-Seq	TRANSCRIPTOMIC	cDNA	NextSeq 500	348123820	GSM9097803	GEO accession GSE302181 is currently private and is scheduled to be released on Jul 01, 2029.	NextSeq 500 sequencing: GSM9097803: S953_F_0.1_0.7 rep1 Komagataella phaffii RNA-Seq	Qiagen RNeasy 96 kit Nextera XT DNA Library Preparation Kit with the Illumina DNA/RNA UD Indexes	
SRR34446796	WARN(3,4,6)	SRX29607318	SAMN49882104	SRP599672	NextSeq 500 sequencing: GSM9097798: S953_F_std_0.7 rep2 Komagataella phaffii RNA-Seq				S953_F_std_0.7 rep2		GSE302181	PRJNA1289154	460519	Komagataella phaffii	RNA-Seq	TRANSCRIPTOMIC	cDNA	NextSeq 500	322070925	GSM9097798	GEO accession GSE302181 is currently private and is scheduled to be released on Jul 01, 2029.	NextSeq 500 sequencing: GSM9097798: S953_F_std_0.7 rep2 Komagataella phaffii RNA-Seq	Qiagen RNeasy 96 kit Nextera XT DNA Library Preparation Kit with the Illumina DNA/RNA UD Indexes	
SRR34446797	WARN(3,4,6)	SRX29607317	SAMN49882105	SRP599672	NextSeq 500 sequencing: GSM9097797: S953_F_std_0.7 rep1 Komagataella phaffii RNA-Seq				S953_F_std_0.7 rep1		GSE302181	PRJNA1289154	460519	Komagataella phaffii	RNA-Seq	TRANSCRIPTOMIC	cDNA	NextSeq 500	359821440	GSM9097797	GEO accession GSE302181 is currently private and is scheduled to be released on Jul 01, 2029.	NextSeq 500 sequencing: GSM9097797: S953_F_std_0.7 rep1 Komagataella phaffii RNA-Seq	Qiagen RNeasy 96 kit Nextera XT DNA Library Preparation Kit with the Illumina DNA/RNA UD Indexes	
SRR34446798	FAIL(3)	SRX29607316	SAMN49882106	SRP599672	NextSeq 500 sequencing: GSM9097796: S953_E_0.1_0.7 rep3 Komagataella phaffii RNA-Seq				S953_E_0.1_0.7 rep3		GSE302181	PRJNA1289154	460519	Komagataella phaffii	RNA-Seq	TRANSCRIPTOMIC	cDNA	NextSeq 500	160619250	GSM9097796	GEO accession GSE302181 is currently private and is scheduled to be released on Jul 01, 2029.	NextSeq 500 sequencing: GSM9097796: S953_E_0.1_0.7 rep3 Komagataella phaffii RNA-Seq	Qiagen RNeasy 96 kit Nextera XT DNA Library Preparation Kit with the Illumina DNA/RNA UD Indexes	
SRR34446800	FAIL(3)	SRX29607314	SAMN49882108	SRP599672	NextSeq 500 sequencing: GSM9097794: S953_E_0.1_0.7 rep1 Komagataella phaffii RNA-Seq				S953_E_0.1_0.7 rep1		GSE302181	PRJNA1289154	460519	Komagataella phaffii	RNA-Seq	TRANSCRIPTOMIC	cDNA	NextSeq 500	207211510	GSM9097794	GEO accession GSE302181 is currently private and is scheduled to be released on Jul 01, 2029.	NextSeq 500 sequencing: GSM9097794: S953_E_0.1_0.7 rep1 Komagataella phaffii RNA-Seq	Qiagen RNeasy 96 kit Nextera XT DNA Library Preparation Kit with the Illumina DNA/RNA UD Indexes	
SRR34446811	FAIL(3)	SRX29607303	SAMN49882035	SRP599672	NextSeq 500 sequencing: GSM9097867: S953_F_0.5_0.3 rep2 Komagataella phaffii RNA-Seq				S953_F_0.5_0.3 rep2		GSE302181	PRJNA1289154	460519	Komagataella phaffii	RNA-Seq	TRANSCRIPTOMIC	cDNA	NextSeq 500	313271530	GSM9097867	GEO accession GSE302181 is currently private and is scheduled to be released on Jul 01, 2029.	NextSeq 500 sequencing: GSM9097867: S953_F_0.5_0.3 rep2 Komagataella phaffii RNA-Seq	Qiagen RNeasy 96 kit Nextera XT DNA Library Preparation Kit with the Illumina DNA/RNA UD Indexes	
SRR34446817	FAIL(3,4)	SRX29607297	SAMN49882041	SRP599672	NextSeq 500 sequencing: GSM9097861: S953_E_0.1_0.3 rep2 Komagataella phaffii RNA-Seq				S953_E_0.1_0.3 rep2		GSE302181	PRJNA1289154	460519	Komagataella phaffii	RNA-Seq	TRANSCRIPTOMIC	cDNA	NextSeq 500	267653815	GSM9097861	GEO accession GSE302181 is currently private and is scheduled to be released on Jul 01, 2029.	NextSeq 500 sequencing: GSM9097861: S953_E_0.1_0.3 rep2 Komagataella phaffii RNA-Seq	Qiagen RNeasy 96 kit Nextera XT DNA Library Preparation Kit with the Illumina DNA/RNA UD Indexes	
SRR34446821	FAIL(3)	SRX29607293	SAMN49882045	SRP599672	NextSeq 500 sequencing: GSM9097857: S953_E_0.5_0.3 rep1 Komagataella phaffii RNA-Seq				S953_E_0.5_0.3 rep1		GSE302181	PRJNA1289154	460519	Komagataella phaffii	RNA-Seq	TRANSCRIPTOMIC	cDNA	NextSeq 500	365813580	GSM9097857	GEO accession GSE302181 is currently private and is scheduled to be released on Jul 01, 2029.	NextSeq 500 sequencing: GSM9097857: S953_E_0.5_0.3 rep1 Komagataella phaffii RNA-Seq	Qiagen RNeasy 96 kit Nextera XT DNA Library Preparation Kit with the Illumina DNA/RNA UD Indexes	
SRR34446822	FAIL(1,5,7)	SRX29607292	SAMN49882046	SRP599672	NextSeq 500 sequencing: GSM9097856: S953_E_std_0.3 rep3 Komagataella phaffii RNA-Seq				S953_E_std_0.3 rep3		GSE302181	PRJNA1289154	460519	Komagataella phaffii	RNA-Seq	TRANSCRIPTOMIC	cDNA	NextSeq 500	1004025	GSM9097856	GEO accession GSE302181 is currently private and is scheduled to be released on Jul 01, 2029.	NextSeq 500 sequencing: GSM9097856: S953_E_std_0.3 rep3 Komagataella phaffii RNA-Seq	Qiagen RNeasy 96 kit Nextera XT DNA Library Preparation Kit with the Illumina DNA/RNA UD Indexes	
SRR34446827	FAIL(3)	SRX29607287	SAMN49882051	SRP599672	NextSeq 500 sequencing: GSM9097851: S953_D_std_0.3 rep1 Komagataella phaffii RNA-Seq				S953_D_std_0.3 rep1		GSE302181	PRJNA1289154	460519	Komagataella phaffii	RNA-Seq	TRANSCRIPTOMIC	cDNA	NextSeq 500	361846705	GSM9097851	GEO accession GSE302181 is currently private and is scheduled to be released on Jul 01, 2029.	NextSeq 500 sequencing: GSM9097851: S953_D_std_0.3 rep1 Komagataella phaffii RNA-Seq	Qiagen RNeasy 96 kit Nextera XT DNA Library Preparation Kit with the Illumina DNA/RNA UD Indexes	
SRR34446837	FAIL(3,4,6)	SRX29607277	SAMN49882061	SRP599672	NextSeq 500 sequencing: GSM9097841: S953_B_0.1_0.3 rep3 Komagataella phaffii RNA-Seq				S953_B_0.1_0.3 rep3		GSE302181	PRJNA1289154	460519	Komagataella phaffii	RNA-Seq	TRANSCRIPTOMIC	cDNA	NextSeq 500	314816590	GSM9097841	GEO accession GSE302181 is currently private and is scheduled to be released on Jul 01, 2029.	NextSeq 500 sequencing: GSM9097841: S953_B_0.1_0.3 rep3 Komagataella phaffii RNA-Seq	Qiagen RNeasy 96 kit Nextera XT DNA Library Preparation Kit with the Illumina DNA/RNA UD Indexes	
SRR34446838	WARN(3,4,5,6,7)	SRX29607276	SAMN49882146	SRP599672	NextSeq 500 sequencing: GSM9097756: S953_H_0.1_1 rep2 Komagataella phaffii RNA-Seq				S953_H_0.1_1 rep2		GSE302181	PRJNA1289154	460519	Komagataella phaffii	RNA-Seq	TRANSCRIPTOMIC	cDNA	NextSeq 500	234816670	GSM9097756	GEO accession GSE302181 is currently private and is scheduled to be released on Jul 01, 2029.	NextSeq 500 sequencing: GSM9097756: S953_H_0.1_1 rep2 Komagataella phaffii RNA-Seq	Qiagen RNeasy 96 kit Nextera XT DNA Library Preparation Kit with the Illumina DNA/RNA UD Indexes	
SRR34446840	WARN(3,4,5,7)	SRX29607274	SAMN49882148	SRP599672	NextSeq 500 sequencing: GSM9097754: S953_H_0.5_1 rep3 Komagataella phaffii RNA-Seq				S953_H_0.5_1 rep3		GSE302181	PRJNA1289154	460519	Komagataella phaffii	RNA-Seq	TRANSCRIPTOMIC	cDNA	NextSeq 500	197499500	GSM9097754	GEO accession GSE302181 is currently private and is scheduled to be released on Jul 01, 2029.	NextSeq 500 sequencing: GSM9097754: S953_H_0.5_1 rep3 Komagataella phaffii RNA-Seq	Qiagen RNeasy 96 kit Nextera XT DNA Library Preparation Kit with the Illumina DNA/RNA UD Indexes	
SRR34446844	WARN(3,5,7)	SRX29607270	SAMN49882152	SRP599672	NextSeq 500 sequencing: GSM9097750: S953_H_std_1 rep2 Komagataella phaffii RNA-Seq				S953_H_std_1 rep2		GSE302181	PRJNA1289154	460519	Komagataella phaffii	RNA-Seq	TRANSCRIPTOMIC	cDNA	NextSeq 500	220193820	GSM9097750	GEO accession GSE302181 is currently private and is scheduled to be released on Jul 01, 2029.	NextSeq 500 sequencing: GSM9097750: S953_H_std_1 rep2 Komagataella phaffii RNA-Seq	Qiagen RNeasy 96 kit Nextera XT DNA Library Preparation Kit with the Illumina DNA/RNA UD Indexes	
SRR34446845	WARN(3,5,7)	SRX29607269	SAMN49882153	SRP599672	NextSeq 500 sequencing: GSM9097749: S953_H_std_1 rep1 Komagataella phaffii RNA-Seq				S953_H_std_1 rep1		GSE302181	PRJNA1289154	460519	Komagataella phaffii	RNA-Seq	TRANSCRIPTOMIC	cDNA	NextSeq 500	215379560	GSM9097749	GEO accession GSE302181 is currently private and is scheduled to be released on Jul 01, 2029.	NextSeq 500 sequencing: GSM9097749: S953_H_std_1 rep1 Komagataella phaffii RNA-Seq	Qiagen RNeasy 96 kit Nextera XT DNA Library Preparation Kit with the Illumina DNA/RNA UD Indexes	
SRR34446853	WARN(3)	SRX29607261	SAMN49882161	SRP599672	NextSeq 500 sequencing: GSM9097741: S953_G_std_1 rep2 Komagataella phaffii RNA-Seq				S953_G_std_1 rep2		GSE302181	PRJNA1289154	460519	Komagataella phaffii	RNA-Seq	TRANSCRIPTOMIC	cDNA	NextSeq 500	239179875	GSM9097741	GEO accession GSE302181 is currently private and is scheduled to be released on Jul 01, 2029.	NextSeq 500 sequencing: GSM9097741: S953_G_std_1 rep2 Komagataella phaffii RNA-Seq	Qiagen RNeasy 96 kit Nextera XT DNA Library Preparation Kit with the Illumina DNA/RNA UD Indexes	
SRR34446856	WARN(3,4,5,6,7)	SRX29607258	SAMN49882164	SRP599672	NextSeq 500 sequencing: GSM9097738: S953_F_0.1_1 rep2 Komagataella phaffii RNA-Seq				S953_F_0.1_1 rep2		GSE302181	PRJNA1289154	460519	Komagataella phaffii	RNA-Seq	TRANSCRIPTOMIC	cDNA	NextSeq 500	194689165	GSM9097738	GEO accession GSE302181 is currently private and is scheduled to be released on Jul 01, 2029.	NextSeq 500 sequencing: GSM9097738: S953_F_0.1_1 rep2 Komagataella phaffii RNA-Seq	Qiagen RNeasy 96 kit Nextera XT DNA Library Preparation Kit with the Illumina DNA/RNA UD Indexes	
SRR34446863	WARN(3,4,5,6,7)	SRX29607251	SAMN49882171	SRP599672	NextSeq 500 sequencing: GSM9097731: S953_F_std_1 rep1 Komagataella phaffii RNA-Seq				S953_F_std_1 rep1		GSE302181	PRJNA1289154	460519	Komagataella phaffii	RNA-Seq	TRANSCRIPTOMIC	cDNA	NextSeq 500	200304830	GSM9097731	GEO accession GSE302181 is currently private and is scheduled to be released on Jul 01, 2029.	NextSeq 500 sequencing: GSM9097731: S953_F_std_1 rep1 Komagataella phaffii RNA-Seq	Qiagen RNeasy 96 kit Nextera XT DNA Library Preparation Kit with the Illumina DNA/RNA UD Indexes	
SRR34446865	FAIL(3)	SRX29607249	SAMN49882173	SRP599672	NextSeq 500 sequencing: GSM9097729: S953_E_0.1_1 rep2 Komagataella phaffii RNA-Seq				S953_E_0.1_1 rep2		GSE302181	PRJNA1289154	460519	Komagataella phaffii	RNA-Seq	TRANSCRIPTOMIC	cDNA	NextSeq 500	211559040	GSM9097729	GEO accession GSE302181 is currently private and is scheduled to be released on Jul 01, 2029.	NextSeq 500 sequencing: GSM9097729: S953_E_0.1_1 rep2 Komagataella phaffii RNA-Seq	Qiagen RNeasy 96 kit Nextera XT DNA Library Preparation Kit with the Illumina DNA/RNA UD Indexes	
SRR34446866	FAIL(1,5,7)	SRX29607248	SAMN49882010	SRP599672	NextSeq 500 sequencing: GSM9097892: S953_J_std_0.3 rep3 Komagataella phaffii RNA-Seq				S953_J_std_0.3 rep3		GSE302181	PRJNA1289154	460519	Komagataella phaffii	RNA-Seq	TRANSCRIPTOMIC	cDNA	NextSeq 500	6590595	GSM9097892	GEO accession GSE302181 is currently private and is scheduled to be released on Jul 01, 2029.	NextSeq 500 sequencing: GSM9097892: S953_J_std_0.3 rep3 Komagataella phaffii RNA-Seq	Qiagen RNeasy 96 kit Nextera XT DNA Library Preparation Kit with the Illumina DNA/RNA UD Indexes	
SRR34446867	WARN(3,4,5,6,7)	SRX29607247	SAMN49882011	SRP599672	NextSeq 500 sequencing: GSM9097891: S953_J_std_0.3 rep2 Komagataella phaffii RNA-Seq				S953_J_std_0.3 rep2		GSE302181	PRJNA1289154	460519	Komagataella phaffii	RNA-Seq	TRANSCRIPTOMIC	cDNA	NextSeq 500	259805755	GSM9097891	GEO accession GSE302181 is currently private and is scheduled to be released on Jul 01, 2029.	NextSeq 500 sequencing: GSM9097891: S953_J_std_0.3 rep2 Komagataella phaffii RNA-Seq	Qiagen RNeasy 96 kit Nextera XT DNA Library Preparation Kit with the Illumina DNA/RNA UD Indexes	
SRR34446869	WARN(3,4,5,6,7)	SRX29607245	SAMN49882013	SRP599672	NextSeq 500 sequencing: GSM9097889: S953_H_0.1_0.3 rep3 Komagataella phaffii RNA-Seq				S953_H_0.1_0.3 rep3		GSE302181	PRJNA1289154	460519	Komagataella phaffii	RNA-Seq	TRANSCRIPTOMIC	cDNA	NextSeq 500	230772080	GSM9097889	GEO accession GSE302181 is currently private and is scheduled to be released on Jul 01, 2029.	NextSeq 500 sequencing: GSM9097889: S953_H_0.1_0.3 rep3 Komagataella phaffii RNA-Seq	Qiagen RNeasy 96 kit Nextera XT DNA Library Preparation Kit with the Illumina DNA/RNA UD Indexes	
SRR34446877	PASS	SRX29607237	SAMN49882021	SRP599672	NextSeq 500 sequencing: GSM9097881: S953_H_std_0.3 rep1 Komagataella phaffii RNA-Seq				S953_H_std_0.3 rep1		GSE302181	PRJNA1289154	460519	Komagataella phaffii	RNA-Seq	TRANSCRIPTOMIC	cDNA	NextSeq 500	306999770	GSM9097881	GEO accession GSE302181 is currently private and is scheduled to be released on Jul 01, 2029.	NextSeq 500 sequencing: GSM9097881: S953_H_std_0.3 rep1 Komagataella phaffii RNA-Seq	Qiagen RNeasy 96 kit Nextera XT DNA Library Preparation Kit with the Illumina DNA/RNA UD Indexes	
SRR34446880	FAIL(3,4,6)	SRX29607234	SAMN49882024	SRP599672	NextSeq 500 sequencing: GSM9097878: S953_G_0.1_0.3 rep1 Komagataella phaffii RNA-Seq				S953_G_0.1_0.3 rep1		GSE302181	PRJNA1289154	460519	Komagataella phaffii	RNA-Seq	TRANSCRIPTOMIC	cDNA	NextSeq 500	353772870	GSM9097878	GEO accession GSE302181 is currently private and is scheduled to be released on Jul 01, 2029.	NextSeq 500 sequencing: GSM9097878: S953_G_0.1_0.3 rep1 Komagataella phaffii RNA-Seq	Qiagen RNeasy 96 kit Nextera XT DNA Library Preparation Kit with the Illumina DNA/RNA UD Indexes	
SRR34446883	WARN(3,4,5,6)	SRX29607231	SAMN49882027	SRP599672	NextSeq 500 sequencing: GSM9097875: S953_G_0.5_0.3 rep1 Komagataella phaffii RNA-Seq				S953_G_0.5_0.3 rep1		GSE302181	PRJNA1289154	460519	Komagataella phaffii	RNA-Seq	TRANSCRIPTOMIC	cDNA	NextSeq 500	318565445	GSM9097875	GEO accession GSE302181 is currently private and is scheduled to be released on Jul 01, 2029.	NextSeq 500 sequencing: GSM9097875: S953_G_0.5_0.3 rep1 Komagataella phaffii RNA-Seq	Qiagen RNeasy 96 kit Nextera XT DNA Library Preparation Kit with the Illumina DNA/RNA UD Indexes	
SRR34446885	WARN(3,4,5,6,7)	SRX29607229	SAMN49882029	SRP599672	NextSeq 500 sequencing: GSM9097873: S953_G_std_0.3 rep2 Komagataella phaffii RNA-Seq				S953_G_std_0.3 rep2		GSE302181	PRJNA1289154	460519	Komagataella phaffii	RNA-Seq	TRANSCRIPTOMIC	cDNA	NextSeq 500	255250655	GSM9097873	GEO accession GSE302181 is currently private and is scheduled to be released on Jul 01, 2029.	NextSeq 500 sequencing: GSM9097873: S953_G_std_0.3 rep2 Komagataella phaffii RNA-Seq	Qiagen RNeasy 96 kit Nextera XT DNA Library Preparation Kit with the Illumina DNA/RNA UD Indexes	
SRR34446889	WARN(3,4,6)	SRX29607225	SAMN49882033	SRP599672	NextSeq 500 sequencing: GSM9097869: S953_F_0.1_0.3 rep1 Komagataella phaffii RNA-Seq				S953_F_0.1_0.3 rep1		GSE302181	PRJNA1289154	460519	Komagataella phaffii	RNA-Seq	TRANSCRIPTOMIC	cDNA	NextSeq 500	339395760	GSM9097869	GEO accession GSE302181 is currently private and is scheduled to be released on Jul 01, 2029.	NextSeq 500 sequencing: GSM9097869: S953_F_0.1_0.3 rep1 Komagataella phaffii RNA-Seq	Qiagen RNeasy 96 kit Nextera XT DNA Library Preparation Kit with the Illumina DNA/RNA UD Indexes	
SRR34446891	FAIL(3)	SRX29607223	SAMN49882119	SRP599672	NextSeq 500 sequencing: GSM9097783: S953_C_0.1_0.7 rep2 Komagataella phaffii RNA-Seq				S953_C_0.1_0.7 rep2		GSE302181	PRJNA1289154	460519	Komagataella phaffii	RNA-Seq	TRANSCRIPTOMIC	cDNA	NextSeq 500	91827450	GSM9097783	GEO accession GSE302181 is currently private and is scheduled to be released on Jul 01, 2029.	NextSeq 500 sequencing: GSM9097783: S953_C_0.1_0.7 rep2 Komagataella phaffii RNA-Seq	Qiagen RNeasy 96 kit Nextera XT DNA Library Preparation Kit with the Illumina DNA/RNA UD Indexes	
SRR34446892	WARN(3,4,5,6,7)	SRX29607222	SAMN49882120	SRP599672	NextSeq 500 sequencing: GSM9097782: S953_C_0.1_0.7 rep1 Komagataella phaffii RNA-Seq				S953_C_0.1_0.7 rep1		GSE302181	PRJNA1289154	460519	Komagataella phaffii	RNA-Seq	TRANSCRIPTOMIC	cDNA	NextSeq 500	257870745	GSM9097782	GEO accession GSE302181 is currently private and is scheduled to be released on Jul 01, 2029.	NextSeq 500 sequencing: GSM9097782: S953_C_0.1_0.7 rep1 Komagataella phaffii RNA-Seq	Qiagen RNeasy 96 kit Nextera XT DNA Library Preparation Kit with the Illumina DNA/RNA UD Indexes	
SRR34446895	WARN(3,4,5,6,7)	SRX29607219	SAMN49882123	SRP599672	NextSeq 500 sequencing: GSM9097779: S953_C_0.5_0.7 rep1 Komagataella phaffii RNA-Seq				S953_C_0.5_0.7 rep1		GSE302181	PRJNA1289154	460519	Komagataella phaffii	RNA-Seq	TRANSCRIPTOMIC	cDNA	NextSeq 500	250172065	GSM9097779	GEO accession GSE302181 is currently private and is scheduled to be released on Jul 01, 2029.	NextSeq 500 sequencing: GSM9097779: S953_C_0.5_0.7 rep1 Komagataella phaffii RNA-Seq	Qiagen RNeasy 96 kit Nextera XT DNA Library Preparation Kit with the Illumina DNA/RNA UD Indexes	
SRR34446897	WARN(3)	SRX29607217	SAMN49882125	SRP599672	NextSeq 500 sequencing: GSM9097777: S953_C_std_0.7 rep2 Komagataella phaffii RNA-Seq				S953_C_std_0.7 rep2		GSE302181	PRJNA1289154	460519	Komagataella phaffii	RNA-Seq	TRANSCRIPTOMIC	cDNA	NextSeq 500	276134100	GSM9097777	GEO accession GSE302181 is currently private and is scheduled to be released on Jul 01, 2029.	NextSeq 500 sequencing: GSM9097777: S953_C_std_0.7 rep2 Komagataella phaffii RNA-Seq	Qiagen RNeasy 96 kit Nextera XT DNA Library Preparation Kit with the Illumina DNA/RNA UD Indexes	
SRR34446903	WARN(3,4,5,6,7)	SRX29607211	SAMN49882131	SRP599672	NextSeq 500 sequencing: GSM9097771: S953_B_0.5_0.7 rep2 Komagataella phaffii RNA-Seq				S953_B_0.5_0.7 rep2		GSE302181	PRJNA1289154	460519	Komagataella phaffii	RNA-Seq	TRANSCRIPTOMIC	cDNA	NextSeq 500	239916765	GSM9097771	GEO accession GSE302181 is currently private and is scheduled to be released on Jul 01, 2029.	NextSeq 500 sequencing: GSM9097771: S953_B_0.5_0.7 rep2 Komagataella phaffii RNA-Seq	Qiagen RNeasy 96 kit Nextera XT DNA Library Preparation Kit with the Illumina DNA/RNA UD Indexes	
SRR34446919	WARN(3,4,5,7)	SRX29607195	SAMN49882175	SRP599672	NextSeq 500 sequencing: GSM9097727: S953_E_0.5_1 rep3 Komagataella phaffii RNA-Seq				S953_E_0.5_1 rep3		GSE302181	PRJNA1289154	460519	Komagataella phaffii	RNA-Seq	TRANSCRIPTOMIC	cDNA	NextSeq 500	236587175	GSM9097727	GEO accession GSE302181 is currently private and is scheduled to be released on Jul 01, 2029.	NextSeq 500 sequencing: GSM9097727: S953_E_0.5_1 rep3 Komagataella phaffii RNA-Seq	Qiagen RNeasy 96 kit Nextera XT DNA Library Preparation Kit with the Illumina DNA/RNA UD Indexes	
SRR34446920	WARN(3,4,5,6,7)	SRX29607194	SAMN49882176	SRP599672	NextSeq 500 sequencing: GSM9097726: S953_E_0.5_1 rep2 Komagataella phaffii RNA-Seq				S953_E_0.5_1 rep2		GSE302181	PRJNA1289154	460519	Komagataella phaffii	RNA-Seq	TRANSCRIPTOMIC	cDNA	NextSeq 500	222154625	GSM9097726	GEO accession GSE302181 is currently private and is scheduled to be released on Jul 01, 2029.	NextSeq 500 sequencing: GSM9097726: S953_E_0.5_1 rep2 Komagataella phaffii RNA-Seq	Qiagen RNeasy 96 kit Nextera XT DNA Library Preparation Kit with the Illumina DNA/RNA UD Indexes	
SRR34446922	WARN(3,4,5,6,7)	SRX29607192	SAMN49882178	SRP599672	NextSeq 500 sequencing: GSM9097724: S953_E_std_1 rep3 Komagataella phaffii RNA-Seq				S953_E_std_1 rep3		GSE302181	PRJNA1289154	460519	Komagataella phaffii	RNA-Seq	TRANSCRIPTOMIC	cDNA	NextSeq 500	245703920	GSM9097724	GEO accession GSE302181 is currently private and is scheduled to be released on Jul 01, 2029.	NextSeq 500 sequencing: GSM9097724: S953_E_std_1 rep3 Komagataella phaffii RNA-Seq	Qiagen RNeasy 96 kit Nextera XT DNA Library Preparation Kit with the Illumina DNA/RNA UD Indexes	
SRR34446923	WARN(3,4,5,6,7)	SRX29607191	SAMN49882179	SRP599672	NextSeq 500 sequencing: GSM9097723: S953_E_std_1 rep2 Komagataella phaffii RNA-Seq				S953_E_std_1 rep2		GSE302181	PRJNA1289154	460519	Komagataella phaffii	RNA-Seq	TRANSCRIPTOMIC	cDNA	NextSeq 500	227255765	GSM9097723	GEO accession GSE302181 is currently private and is scheduled to be released on Jul 01, 2029.	NextSeq 500 sequencing: GSM9097723: S953_E_std_1 rep2 Komagataella phaffii RNA-Seq	Qiagen RNeasy 96 kit Nextera XT DNA Library Preparation Kit with the Illumina DNA/RNA UD Indexes	
SRR34446924	WARN(3,4,5,6)	SRX29607190	SAMN49882180	SRP599672	NextSeq 500 sequencing: GSM9097722: S953_E_std_1 rep1 Komagataella phaffii RNA-Seq				S953_E_std_1 rep1		GSE302181	PRJNA1289154	460519	Komagataella phaffii	RNA-Seq	TRANSCRIPTOMIC	cDNA	NextSeq 500	259657805	GSM9097722	GEO accession GSE302181 is currently private and is scheduled to be released on Jul 01, 2029.	NextSeq 500 sequencing: GSM9097722: S953_E_std_1 rep1 Komagataella phaffii RNA-Seq	Qiagen RNeasy 96 kit Nextera XT DNA Library Preparation Kit with the Illumina DNA/RNA UD Indexes	
SRR34446927	FAIL(3)	SRX29607187	SAMN49882183	SRP599672	NextSeq 500 sequencing: GSM9097719: S953_D_std_1 rep1 Komagataella phaffii RNA-Seq				S953_D_std_1 rep1		GSE302181	PRJNA1289154	460519	Komagataella phaffii	RNA-Seq	TRANSCRIPTOMIC	cDNA	NextSeq 500	205339365	GSM9097719	GEO accession GSE302181 is currently private and is scheduled to be released on Jul 01, 2029.	NextSeq 500 sequencing: GSM9097719: S953_D_std_1 rep1 Komagataella phaffii RNA-Seq	Qiagen RNeasy 96 kit Nextera XT DNA Library Preparation Kit with the Illumina DNA/RNA UD Indexes	
SRR34446939	FAIL(3)	SRX29607175	SAMN49882195	SRP599672	NextSeq 500 sequencing: GSM9097707: S953_B_0.1_1 rep1 Komagataella phaffii RNA-Seq				S953_B_0.1_1 rep1		GSE302181	PRJNA1289154	460519	Komagataella phaffii	RNA-Seq	TRANSCRIPTOMIC	cDNA	NextSeq 500	216317860	GSM9097707	GEO accession GSE302181 is currently private and is scheduled to be released on Jul 01, 2029.	NextSeq 500 sequencing: GSM9097707: S953_B_0.1_1 rep1 Komagataella phaffii RNA-Seq	Qiagen RNeasy 96 kit Nextera XT DNA Library Preparation Kit with the Illumina DNA/RNA UD Indexes	
SRR34446942	WARN(3,4,5,6,7)	SRX29607172	SAMN49882198	SRP599672	NextSeq 500 sequencing: GSM9097704: S953_B_0.5_1 rep1 Komagataella phaffii RNA-Seq				S953_B_0.5_1 rep1		GSE302181	PRJNA1289154	460519	Komagataella phaffii	RNA-Seq	TRANSCRIPTOMIC	cDNA	NextSeq 500	235261950	GSM9097704	GEO accession GSE302181 is currently private and is scheduled to be released on Jul 01, 2029.	NextSeq 500 sequencing: GSM9097704: S953_B_0.5_1 rep1 Komagataella phaffii RNA-Seq	Qiagen RNeasy 96 kit Nextera XT DNA Library Preparation Kit with the Illumina DNA/RNA UD Indexes	
SRR34446943	WARN(3,4,5,6,7)	SRX29607171	SAMN49882199	SRP599672	NextSeq 500 sequencing: GSM9097703: S953_B_std_1 rep3 Komagataella phaffii RNA-Seq				S953_B_std_1 rep3		GSE302181	PRJNA1289154	460519	Komagataella phaffii	RNA-Seq	TRANSCRIPTOMIC	cDNA	NextSeq 500	240268875	GSM9097703	GEO accession GSE302181 is currently private and is scheduled to be released on Jul 01, 2029.	NextSeq 500 sequencing: GSM9097703: S953_B_std_1 rep3 Komagataella phaffii RNA-Seq	Qiagen RNeasy 96 kit Nextera XT DNA Library Preparation Kit with the Illumina DNA/RNA UD Indexes	
SRR34446944	WARN(3,4,5,6,7)	SRX29607170	SAMN49882200	SRP599672	NextSeq 500 sequencing: GSM9097702: S953_B_std_1 rep2 Komagataella phaffii RNA-Seq				S953_B_std_1 rep2		GSE302181	PRJNA1289154	460519	Komagataella phaffii	RNA-Seq	TRANSCRIPTOMIC	cDNA	NextSeq 500	233520375	GSM9097702	GEO accession GSE302181 is currently private and is scheduled to be released on Jul 01, 2029.	NextSeq 500 sequencing: GSM9097702: S953_B_std_1 rep2 Komagataella phaffii RNA-Seq	Qiagen RNeasy 96 kit Nextera XT DNA Library Preparation Kit with the Illumina DNA/RNA UD Indexes	
SRR34446945	WARN(3,4,5,7)	SRX29607169	SAMN49882201	SRP599672	NextSeq 500 sequencing: GSM9097701: S953_B_std_1 rep1 Komagataella phaffii RNA-Seq				S953_B_std_1 rep1		GSE302181	PRJNA1289154	460519	Komagataella phaffii	RNA-Seq	TRANSCRIPTOMIC	cDNA	NextSeq 500	220654445	GSM9097701	GEO accession GSE302181 is currently private and is scheduled to be released on Jul 01, 2029.	NextSeq 500 sequencing: GSM9097701: S953_B_std_1 rep1 Komagataella phaffii RNA-Seq	Qiagen RNeasy 96 kit Nextera XT DNA Library Preparation Kit with the Illumina DNA/RNA UD Indexes	
SRR36038740	PASS	SRX31087840	SAMN52840805	SRP644950	Illumina NovaSeq 6000 sequencing: RNA-seq of Komagataella Phaffii: with feeding DMB-S-MMP 3h				Microbe sample from Komagataella phaffii		PRJNA1346813	PRJNA1346813	460519	Komagataella phaffii	RNA-Seq	TRANSCRIPTOMIC	Oligo-dT	Illumina NovaSeq 6000	7516751400	high	K. phaffii culture with and without the side chain addition	Illumina NovaSeq 6000 sequencing: RNA-seq of Komagataella Phaffii: with feeding DMB-S-MMP 3h		
SRR36038741	PASS	SRX31087839	SAMN52840804	SRP644950	Illumina NovaSeq 6000 sequencing: RNA-seq of Komagataella Phaffii: without feeding DMB-S-MMP 6h				Microbe sample from Komagataella phaffii		PRJNA1346813	PRJNA1346813	460519	Komagataella phaffii	RNA-Seq	TRANSCRIPTOMIC	Oligo-dT	Illumina NovaSeq 6000	6701035800	mid	K. phaffii culture with and without the side chain addition	Illumina NovaSeq 6000 sequencing: RNA-seq of Komagataella Phaffii: without feeding DMB-S-MMP 6h		
SRR36552967	PASS	SRX31566792	SAMN54182363	SRP657116	Illumina HiSeq 1000 sequencing: library11				GSAR-37-2_L1_1		PRJNA1390409	PRJNA1390409	460519	Komagataella phaffii	RNA-Seq	TRANSCRIPTOMIC	Oligo-dT	Illumina HiSeq 1000	6109309200	GSAR-37-2_L1_1	GSAR RNA-Seq Raw sequence reads	Illumina HiSeq 1000 sequencing: library11		
SRR36552968	PASS	SRX31566791	SAMN54182353	SRP657116	Illumina HiSeq 1000 sequencing: library1				GS115-1_L1_1		PRJNA1390409	PRJNA1390409	460519	Komagataella phaffii	RNA-Seq	TRANSCRIPTOMIC	Oligo-dT	Illumina HiSeq 1000	7562499600	GS115-1_L1_1	GSAR RNA-Seq Raw sequence reads	Illumina HiSeq 1000 sequencing: library1		
SRR37712111	PASS	SRX32589647	SAMN53189449	SRP685522	Illumina NovaSeq 6000 sequencing: Lipomyces tetrasporus NRRL Y-27497 Transcriptome				Transcriptome sequencing of oleaginous Komagataella yeast strain Cells grown in YPD liquid medium at 25 C		PRJNA1360733	PRJNA1360733	460519	Komagataella phaffii	RNA-Seq	TRANSCRIPTOMIC	RT-PCR	Illumina NovaSeq 6000	18150255870	SAMN53189449	Komagataella phaffii NRRL 64867 Transcriptome	Illumina NovaSeq 6000 sequencing: Lipomyces tetrasporus NRRL Y-27497 Transcriptome	Regular (RNA)	
SRR5082631	FAIL(3)	SRX2400591	SAMN06099139	SRP094666	Illumina Genome Analyzer IIx sequencing: RNA-Seq of Komagataella phaffii: double deletion of MIG1 and MIG2				Microbe sample from Komagataella phaffii		PRJNA355965	PRJNA355965	460519	Komagataella phaffii	RNA-Seq	TRANSCRIPTOMIC	PCR	Illumina Genome Analyzer IIx	1860899870	sg1	Transcriptome analysis of mig1?mig2? mutant of Pichia pastoris GS115	Illumina Genome Analyzer IIx sequencing: RNA-Seq of Komagataella phaffii: double deletion of MIG1 and MIG2		
SRR5082640	PASS	SRX2400609	SAMN06099138	SRP094666	Illumina Genome Analyzer IIx sequencing: RNA-Seq of Komagataella phaffii: wild type				Microbe sample from Komagataella phaffii		PRJNA355965	PRJNA355965	460519	Komagataella phaffii	RNA-Seq	TRANSCRIPTOMIC	PCR	Illumina Genome Analyzer IIx	884735710	wg2	Transcriptome analysis of mig1?mig2? mutant of Pichia pastoris GS115	Illumina Genome Analyzer IIx sequencing: RNA-Seq of Komagataella phaffii: wild type		
SRR5642241	PASS	SRX2880428	SAMN07189662	SRP108485	NextSeq 500 sequencing: GSM2648594: 2-1-15h Komagataella phaffii RNA-Seq				2-1-15h		GSE99613	PRJNA388897	460519	Komagataella phaffii	RNA-Seq	TRANSCRIPTOMIC	cDNA	NextSeq 500	4371260250	GSM2648594	Development of a general defined media for Pichia pastoris	NextSeq 500 sequencing: GSM2648594: 2-1-15h Komagataella phaffii RNA-Seq	RNA was extracted using the Qiagen RNeasy kit (cat. no. 74104) and genomic DNA clean-up was performed using NEB DNase I kit (catalog number M0303S) and Beckman Coulter RNAClean XP beads (catalog number A63987). Libraries were constructed using Neoprep and sequenced on the Illumina NextSeq platform to generate 75-nucleotide paired-end reads at a read depth of at least 9 million reads per sample.	
SRR5642248	PASS	SRX2880435	SAMN07189669	SRP108485	NextSeq 500 sequencing: GSM2648601: 4-3-15h Komagataella phaffii RNA-Seq				4-3-15h		GSE99613	PRJNA388897	460519	Komagataella phaffii	RNA-Seq	TRANSCRIPTOMIC	cDNA	NextSeq 500	4275288750	GSM2648601	Development of a general defined media for Pichia pastoris	NextSeq 500 sequencing: GSM2648601: 4-3-15h Komagataella phaffii RNA-Seq	RNA was extracted using the Qiagen RNeasy kit (cat. no. 74104) and genomic DNA clean-up was performed using NEB DNase I kit (catalog number M0303S) and Beckman Coulter RNAClean XP beads (catalog number A63987). Libraries were constructed using Neoprep and sequenced on the Illumina NextSeq platform to generate 75-nucleotide paired-end reads at a read depth of at least 9 million reads per sample.	
SRR5642249	PASS	SRX2880436	SAMN07189668	SRP108485	NextSeq 500 sequencing: GSM2648602: 4-5-15h Komagataella phaffii RNA-Seq				4-5-15h		GSE99613	PRJNA388897	460519	Komagataella phaffii	RNA-Seq	TRANSCRIPTOMIC	cDNA	NextSeq 500	2500079100	GSM2648602	Development of a general defined media for Pichia pastoris	NextSeq 500 sequencing: GSM2648602: 4-5-15h Komagataella phaffii RNA-Seq	RNA was extracted using the Qiagen RNeasy kit (cat. no. 74104) and genomic DNA clean-up was performed using NEB DNase I kit (catalog number M0303S) and Beckman Coulter RNAClean XP beads (catalog number A63987). Libraries were constructed using Neoprep and sequenced on the Illumina NextSeq platform to generate 75-nucleotide paired-end reads at a read depth of at least 9 million reads per sample.	
SRR6727414	PASS	SRX3700417	SAMN08536669	SRP132882	Illumina HiSeq 2500 sequencing: GSM3004393: Control_2 Komagataella phaffii RNA-Seq				Control_2		GSE110624	PRJNA434119	460519	Komagataella phaffii	RNA-Seq	TRANSCRIPTOMIC	cDNA	Illumina HiSeq 2500	1462752600	GSM3004393	A single Gal4-like transcription factor activates the Crabtree effect in Komagataella phaffii	Illumina HiSeq 2500 sequencing: GSM3004393: Control_2 Komagataella phaffii RNA-Seq	Pellets from the samples collected during the exponential growth phase were resuspended in 1 mL TRI Reagent (Sigma, USA). Cells were disrupted by glass beads using a ribolyser (MP Biomedicals, USA) for 40 sec at 5.5 ms-1. RNA was extracted by chloroform and precipitated with isopropanol. After washing twice with 75% ethanol, RNA was dissolved in nuclease-free water. After DNase treatment (Invitrogen, USA), concentration of RNA was measured by Nanodrop and quality of the samples was verified with the Agilent Bioanalyzer 2100 using the RNA 6000 Nano Assay kit (Agilent Technologies, California). RNASeq analysis was performed with poly(A)-enriched mRNAs at Vienna Biocenter Core Facilities GmbH (AT). cDNA libraries were constructed from these poly(A)-enriched mRNAs and sequenced by Illumina HiSeq v4.	
SRR6727415	PASS	SRX3700418	SAMN08536668	SRP132882	Illumina HiSeq 2500 sequencing: GSM3004394: Control_3 Komagataella phaffii RNA-Seq				Control_3		GSE110624	PRJNA434119	460519	Komagataella phaffii	RNA-Seq	TRANSCRIPTOMIC	cDNA	Illumina HiSeq 2500	1460420600	GSM3004394	A single Gal4-like transcription factor activates the Crabtree effect in Komagataella phaffii	Illumina HiSeq 2500 sequencing: GSM3004394: Control_3 Komagataella phaffii RNA-Seq	Pellets from the samples collected during the exponential growth phase were resuspended in 1 mL TRI Reagent (Sigma, USA). Cells were disrupted by glass beads using a ribolyser (MP Biomedicals, USA) for 40 sec at 5.5 ms-1. RNA was extracted by chloroform and precipitated with isopropanol. After washing twice with 75% ethanol, RNA was dissolved in nuclease-free water. After DNase treatment (Invitrogen, USA), concentration of RNA was measured by Nanodrop and quality of the samples was verified with the Agilent Bioanalyzer 2100 using the RNA 6000 Nano Assay kit (Agilent Technologies, California). RNASeq analysis was performed with poly(A)-enriched mRNAs at Vienna Biocenter Core Facilities GmbH (AT). cDNA libraries were constructed from these poly(A)-enriched mRNAs and sequenced by Illumina HiSeq v4.	
SRR9048183	PASS	SRX5824708	SAMN11635043	SRP198262	Illumina HiSeq 4000 sequencing: GSM3763561: WT_0.1_rep1 Komagataella phaffii RNA-Seq				WT_0.1_rep1		GSE131106	PRJNA542662	460519	Komagataella phaffii	RNA-Seq	TRANSCRIPTOMIC	cDNA	Illumina HiSeq 4000	748236450	GSM3763561	Pseudohyphal differentiation in Komagataella phaffii: investigating the FLO gene family	Illumina HiSeq 4000 sequencing: GSM3763561: WT_0.1_rep1 Komagataella phaffii RNA-Seq	The ethanol/phenol fixed cells were resuspended in 1 mL TRI reagent (Sigma Aldrich), lysed using glass beads as described in the previous section and RNA was extracted according to the TRI reagent protocol. DNase treatment was carried out using the Ambion DNA-free kit (Invitrogen). RNA concentration and integrity was analysed using the Nanodrop spectrophotometer and Bioanalyzer (Agilent). mRNA library preparation, polyA enrichment	
SRR9048184	PASS	SRX5824709	SAMN11635042	SRP198262	Illumina HiSeq 4000 sequencing: GSM3763562: WT_0.1_rep2 Komagataella phaffii RNA-Seq				WT_0.1_rep2		GSE131106	PRJNA542662	460519	Komagataella phaffii	RNA-Seq	TRANSCRIPTOMIC	cDNA	Illumina HiSeq 4000	721587050	GSM3763562	Pseudohyphal differentiation in Komagataella phaffii: investigating the FLO gene family	Illumina HiSeq 4000 sequencing: GSM3763562: WT_0.1_rep2 Komagataella phaffii RNA-Seq	The ethanol/phenol fixed cells were resuspended in 1 mL TRI reagent (Sigma Aldrich), lysed using glass beads as described in the previous section and RNA was extracted according to the TRI reagent protocol. DNase treatment was carried out using the Ambion DNA-free kit (Invitrogen). RNA concentration and integrity was analysed using the Nanodrop spectrophotometer and Bioanalyzer (Agilent). mRNA library preparation, polyA enrichment	
SRR9048185	PASS	SRX5824710	SAMN11635041	SRP198262	Illumina HiSeq 4000 sequencing: GSM3763563: WT_0.1_rep3 Komagataella phaffii RNA-Seq				WT_0.1_rep3		GSE131106	PRJNA542662	460519	Komagataella phaffii	RNA-Seq	TRANSCRIPTOMIC	cDNA	Illumina HiSeq 4000	292271050	GSM3763563	Pseudohyphal differentiation in Komagataella phaffii: investigating the FLO gene family	Illumina HiSeq 4000 sequencing: GSM3763563: WT_0.1_rep3 Komagataella phaffii RNA-Seq	The ethanol/phenol fixed cells were resuspended in 1 mL TRI reagent (Sigma Aldrich), lysed using glass beads as described in the previous section and RNA was extracted according to the TRI reagent protocol. DNase treatment was carried out using the Ambion DNA-free kit (Invitrogen). RNA concentration and integrity was analysed using the Nanodrop spectrophotometer and Bioanalyzer (Agilent). mRNA library preparation, polyA enrichment	
SRR9048187	PASS	SRX5824712	SAMN11635039	SRP198262	Illumina HiSeq 4000 sequencing: GSM3763565: WT_0.05_rep2 Komagataella phaffii RNA-Seq				WT_0.05_rep2		GSE131106	PRJNA542662	460519	Komagataella phaffii	RNA-Seq	TRANSCRIPTOMIC	cDNA	Illumina HiSeq 4000	648554450	GSM3763565	Pseudohyphal differentiation in Komagataella phaffii: investigating the FLO gene family	Illumina HiSeq 4000 sequencing: GSM3763565: WT_0.05_rep2 Komagataella phaffii RNA-Seq	The ethanol/phenol fixed cells were resuspended in 1 mL TRI reagent (Sigma Aldrich), lysed using glass beads as described in the previous section and RNA was extracted according to the TRI reagent protocol. DNase treatment was carried out using the Ambion DNA-free kit (Invitrogen). RNA concentration and integrity was analysed using the Nanodrop spectrophotometer and Bioanalyzer (Agilent). mRNA library preparation, polyA enrichment	
SRR14237568	FAIL(3,4,6,7)	SRX10600454	SAMN18740780	SRP314811	Illumina MiSeq sequencing: GSM5240811: exp031020 RBD rep 13 Komagataella phaffii RNA-Seq				exp031020 RBD rep 13		GSE172054	PRJNA721898	460519	Komagataella phaffii	RNA-Seq	TRANSCRIPTOMIC	cDNA	Illumina MiSeq	67178088	GSM5240811	Engineered SARS-CoV-2 receptor binding domain improves manufacturability in yeast and immunogenicity in mice	Illumina MiSeq sequencing: GSM5240811: exp031020 RBD rep 13 Komagataella phaffii RNA-Seq	RNA was extracted and purified according to the Qiagen RNeasy kit (cat #74104) and RNA quality was analyzed to ensure RNA Quality Number >6.5. 3'DGE Nextera	
SRR10303415	PASS	SRX7016033	SAMN13051735	SRP226114	Illumina HiSeq 4000 sequencing: GSM4128501: RNAseq_1A.3L_s3 Komagataella phaffii RNA-Seq				RNAseq_1A.3L_s3		GSE139060	PRJNA578165	460519	Komagataella phaffii	RNA-Seq	TRANSCRIPTOMIC	cDNA	Illumina HiSeq 4000	2462831000	GSM4128501	De novo methylaton of the unmethylated K. phaffii genome by human DNA methyltransferases (DNMTs) [RNA-seq]	Illumina HiSeq 4000 sequencing: GSM4128501: RNAseq_1A.3L_s3 Komagataella phaffii RNA-Seq	Spheroblasts were lysed and RNA purified using RNEasy plus mini kit (Qiagen) Library construction was done by Beijing Genomics Institute (BGI)	
SRR10303416	PASS	SRX7016034	SAMN13051734	SRP226114	Illumina HiSeq 4000 sequencing: GSM4128502: RNAseq_1A_s1 Komagataella phaffii RNA-Seq				RNAseq_1A_s1		GSE139060	PRJNA578165	460519	Komagataella phaffii	RNA-Seq	TRANSCRIPTOMIC	cDNA	Illumina HiSeq 4000	2004015000	GSM4128502	De novo methylaton of the unmethylated K. phaffii genome by human DNA methyltransferases (DNMTs) [RNA-seq]	Illumina HiSeq 4000 sequencing: GSM4128502: RNAseq_1A_s1 Komagataella phaffii RNA-Seq	Spheroblasts were lysed and RNA purified using RNEasy plus mini kit (Qiagen) Library construction was done by Beijing Genomics Institute (BGI)	
SRR10303417	PASS	SRX7016035	SAMN13051733	SRP226114	Illumina HiSeq 4000 sequencing: GSM4128503: RNAseq_1A_s2 Komagataella phaffii RNA-Seq				RNAseq_1A_s2		GSE139060	PRJNA578165	460519	Komagataella phaffii	RNA-Seq	TRANSCRIPTOMIC	cDNA	Illumina HiSeq 4000	2449742800	GSM4128503	De novo methylaton of the unmethylated K. phaffii genome by human DNA methyltransferases (DNMTs) [RNA-seq]	Illumina HiSeq 4000 sequencing: GSM4128503: RNAseq_1A_s2 Komagataella phaffii RNA-Seq	Spheroblasts were lysed and RNA purified using RNEasy plus mini kit (Qiagen) Library construction was done by Beijing Genomics Institute (BGI)	
SRR10303420	PASS	SRX7016038	SAMN13051730	SRP226114	Illumina HiSeq 4000 sequencing: GSM4128506: RNAseq_3A1.3L_s2 Komagataella phaffii RNA-Seq				RNAseq_3A1.3L_s2		GSE139060	PRJNA578165	460519	Komagataella phaffii	RNA-Seq	TRANSCRIPTOMIC	cDNA	Illumina HiSeq 4000	2451853200	GSM4128506	De novo methylaton of the unmethylated K. phaffii genome by human DNA methyltransferases (DNMTs) [RNA-seq]	Illumina HiSeq 4000 sequencing: GSM4128506: RNAseq_3A1.3L_s2 Komagataella phaffii RNA-Seq	Spheroblasts were lysed and RNA purified using RNEasy plus mini kit (Qiagen) Library construction was done by Beijing Genomics Institute (BGI)	
SRR10303422	PASS	SRX7016040	SAMN13051761	SRP226114	Illumina HiSeq 4000 sequencing: GSM4128508: RNAseq_3A1_s1 Komagataella phaffii RNA-Seq				RNAseq_3A1_s1		GSE139060	PRJNA578165	460519	Komagataella phaffii	RNA-Seq	TRANSCRIPTOMIC	cDNA	Illumina HiSeq 4000	2001588800	GSM4128508	De novo methylaton of the unmethylated K. phaffii genome by human DNA methyltransferases (DNMTs) [RNA-seq]	Illumina HiSeq 4000 sequencing: GSM4128508: RNAseq_3A1_s1 Komagataella phaffii RNA-Seq	Spheroblasts were lysed and RNA purified using RNEasy plus mini kit (Qiagen) Library construction was done by Beijing Genomics Institute (BGI)	
SRR10303423	PASS	SRX7016041	SAMN13051760	SRP226114	Illumina HiSeq 4000 sequencing: GSM4128509: RNAseq_3A1_s2 Komagataella phaffii RNA-Seq				RNAseq_3A1_s2		GSE139060	PRJNA578165	460519	Komagataella phaffii	RNA-Seq	TRANSCRIPTOMIC	cDNA	Illumina HiSeq 4000	2444415400	GSM4128509	De novo methylaton of the unmethylated K. phaffii genome by human DNA methyltransferases (DNMTs) [RNA-seq]	Illumina HiSeq 4000 sequencing: GSM4128509: RNAseq_3A1_s2 Komagataella phaffii RNA-Seq	Spheroblasts were lysed and RNA purified using RNEasy plus mini kit (Qiagen) Library construction was done by Beijing Genomics Institute (BGI)	
SRR10303425	PASS	SRX7016043	SAMN13051758	SRP226114	Illumina HiSeq 4000 sequencing: GSM4128511: RNAseq_3A2.3L_s1 Komagataella phaffii RNA-Seq				RNAseq_3A2.3L_s1		GSE139060	PRJNA578165	460519	Komagataella phaffii	RNA-Seq	TRANSCRIPTOMIC	cDNA	Illumina HiSeq 4000	2464513600	GSM4128511	De novo methylaton of the unmethylated K. phaffii genome by human DNA methyltransferases (DNMTs) [RNA-seq]	Illumina HiSeq 4000 sequencing: GSM4128511: RNAseq_3A2.3L_s1 Komagataella phaffii RNA-Seq	Spheroblasts were lysed and RNA purified using RNEasy plus mini kit (Qiagen) Library construction was done by Beijing Genomics Institute (BGI)	
SRR10303427	PASS	SRX7016045	SAMN13051756	SRP226114	Illumina HiSeq 4000 sequencing: GSM4128513: RNAseq_3A2.3L_s3 Komagataella phaffii RNA-Seq				RNAseq_3A2.3L_s3		GSE139060	PRJNA578165	460519	Komagataella phaffii	RNA-Seq	TRANSCRIPTOMIC	cDNA	Illumina HiSeq 4000	2446585600	GSM4128513	De novo methylaton of the unmethylated K. phaffii genome by human DNA methyltransferases (DNMTs) [RNA-seq]	Illumina HiSeq 4000 sequencing: GSM4128513: RNAseq_3A2.3L_s3 Komagataella phaffii RNA-Seq	Spheroblasts were lysed and RNA purified using RNEasy plus mini kit (Qiagen) Library construction was done by Beijing Genomics Institute (BGI)	
SRR10303429	PASS	SRX7016047	SAMN13051754	SRP226114	Illumina HiSeq 4000 sequencing: GSM4128515: RNAseq_3A2_s2 Komagataella phaffii RNA-Seq				RNAseq_3A2_s2		GSE139060	PRJNA578165	460519	Komagataella phaffii	RNA-Seq	TRANSCRIPTOMIC	cDNA	Illumina HiSeq 4000	2565549800	GSM4128515	De novo methylaton of the unmethylated K. phaffii genome by human DNA methyltransferases (DNMTs) [RNA-seq]	Illumina HiSeq 4000 sequencing: GSM4128515: RNAseq_3A2_s2 Komagataella phaffii RNA-Seq	Spheroblasts were lysed and RNA purified using RNEasy plus mini kit (Qiagen) Library construction was done by Beijing Genomics Institute (BGI)	
SRR10303431	PASS	SRX7016049	SAMN13051752	SRP226114	Illumina HiSeq 4000 sequencing: GSM4128517: RNAseq_3B1_s1 Komagataella phaffii RNA-Seq				RNAseq_3B1_s1		GSE139060	PRJNA578165	460519	Komagataella phaffii	RNA-Seq	TRANSCRIPTOMIC	cDNA	Illumina HiSeq 4000	2012849000	GSM4128517	De novo methylaton of the unmethylated K. phaffii genome by human DNA methyltransferases (DNMTs) [RNA-seq]	Illumina HiSeq 4000 sequencing: GSM4128517: RNAseq_3B1_s1 Komagataella phaffii RNA-Seq	Spheroblasts were lysed and RNA purified using RNEasy plus mini kit (Qiagen) Library construction was done by Beijing Genomics Institute (BGI)	
SRR10303433	PASS	SRX7016051	SAMN13051750	SRP226114	Illumina HiSeq 4000 sequencing: GSM4128519: RNAseq_3B1_s3 Komagataella phaffii RNA-Seq				RNAseq_3B1_s3		GSE139060	PRJNA578165	460519	Komagataella phaffii	RNA-Seq	TRANSCRIPTOMIC	cDNA	Illumina HiSeq 4000	2457952200	GSM4128519	De novo methylaton of the unmethylated K. phaffii genome by human DNA methyltransferases (DNMTs) [RNA-seq]	Illumina HiSeq 4000 sequencing: GSM4128519: RNAseq_3B1_s3 Komagataella phaffii RNA-Seq	Spheroblasts were lysed and RNA purified using RNEasy plus mini kit (Qiagen) Library construction was done by Beijing Genomics Institute (BGI)	
SRR10303441	PASS	SRX7016059	SAMN13051762	SRP226114	Illumina HiSeq 4000 sequencing: GSM4128527: RNAseq_3B1.3L-d1_s2 Komagataella phaffii RNA-Seq				RNAseq_3B1.3L-d1_s2		GSE139060	PRJNA578165	460519	Komagataella phaffii	RNA-Seq	TRANSCRIPTOMIC	cDNA	Illumina HiSeq 4000	2447207200	GSM4128527	De novo methylaton of the unmethylated K. phaffii genome by human DNA methyltransferases (DNMTs) [RNA-seq]	Illumina HiSeq 4000 sequencing: GSM4128527: RNAseq_3B1.3L-d1_s2 Komagataella phaffii RNA-Seq	Spheroblasts were lysed and RNA purified using RNEasy plus mini kit (Qiagen) Library construction was done by Beijing Genomics Institute (BGI)	
SRR10303445	PASS	SRX7016063	SAMN13051746	SRP226114	Illumina HiSeq 4000 sequencing: GSM4128531: RNAseq_3B1.3L-d2_s3 Komagataella phaffii RNA-Seq				RNAseq_3B1.3L-d2_s3		GSE139060	PRJNA578165	460519	Komagataella phaffii	RNA-Seq	TRANSCRIPTOMIC	cDNA	Illumina HiSeq 4000	2595802400	GSM4128531	De novo methylaton of the unmethylated K. phaffii genome by human DNA methyltransferases (DNMTs) [RNA-seq]	Illumina HiSeq 4000 sequencing: GSM4128531: RNAseq_3B1.3L-d2_s3 Komagataella phaffii RNA-Seq	Spheroblasts were lysed and RNA purified using RNEasy plus mini kit (Qiagen) Library construction was done by Beijing Genomics Institute (BGI)	
SRR10303448	PASS	SRX7016066	SAMN13051743	SRP226114	Illumina HiSeq 4000 sequencing: GSM4128534: RNAseq_3B1.3L-d3_s3 Komagataella phaffii RNA-Seq				RNAseq_3B1.3L-d3_s3		GSE139060	PRJNA578165	460519	Komagataella phaffii	RNA-Seq	TRANSCRIPTOMIC	cDNA	Illumina HiSeq 4000	2589766800	GSM4128534	De novo methylaton of the unmethylated K. phaffii genome by human DNA methyltransferases (DNMTs) [RNA-seq]	Illumina HiSeq 4000 sequencing: GSM4128534: RNAseq_3B1.3L-d3_s3 Komagataella phaffii RNA-Seq	Spheroblasts were lysed and RNA purified using RNEasy plus mini kit (Qiagen) Library construction was done by Beijing Genomics Institute (BGI)	
SRR10303449	PASS	SRX7016067	SAMN13051740	SRP226114	Illumina HiSeq 4000 sequencing: GSM4128535: RNAseq_3B1.3L-d4_s1 Komagataella phaffii RNA-Seq				RNAseq_3B1.3L-d4_s1		GSE139060	PRJNA578165	460519	Komagataella phaffii	RNA-Seq	TRANSCRIPTOMIC	cDNA	Illumina HiSeq 4000	2592678400	GSM4128535	De novo methylaton of the unmethylated K. phaffii genome by human DNA methyltransferases (DNMTs) [RNA-seq]	Illumina HiSeq 4000 sequencing: GSM4128535: RNAseq_3B1.3L-d4_s1 Komagataella phaffii RNA-Seq	Spheroblasts were lysed and RNA purified using RNEasy plus mini kit (Qiagen) Library construction was done by Beijing Genomics Institute (BGI)	
SRR10303451	PASS	SRX7016069	SAMN13051738	SRP226114	Illumina HiSeq 4000 sequencing: GSM4128537: RNAseq_3B1.3L-d4_s3 Komagataella phaffii RNA-Seq				RNAseq_3B1.3L-d4_s3		GSE139060	PRJNA578165	460519	Komagataella phaffii	RNA-Seq	TRANSCRIPTOMIC	cDNA	Illumina HiSeq 4000	2583679200	GSM4128537	De novo methylaton of the unmethylated K. phaffii genome by human DNA methyltransferases (DNMTs) [RNA-seq]	Illumina HiSeq 4000 sequencing: GSM4128537: RNAseq_3B1.3L-d4_s3 Komagataella phaffii RNA-Seq	Spheroblasts were lysed and RNA purified using RNEasy plus mini kit (Qiagen) Library construction was done by Beijing Genomics Institute (BGI)	
SRR12516572	PASS	SRX9007098	SAMN15903084	SRP278754	Illumina HiSeq 2500 sequencing: RNA-seq of K. phaffii CK_1				not applicable		PRJNA659283	PRJNA659283	460519	Komagataella phaffii	RNA-Seq	TRANSCRIPTOMIC	PCR	Illumina HiSeq 2500	6829315052	CK_1	RNA-seq Reads of K. phaffii induced by ammonium formate	Illumina HiSeq 2500 sequencing: RNA-seq of K. phaffii CK_1		
SRR12747688	PASS	SRX9220111	SAMN16306618	SRP285907	Illumina HiSeq 2500 sequencing: RNA extracted from Komagataella phaffii cultivated in mineral medium supplemented with acetic acid: 6g/L, biological replication 3				Biological triplicate in condition containing Acetic acid 6g/L		PRJNA666642	PRJNA666642	460519	Komagataella phaffii	RNA-Seq	TRANSCRIPTOMIC	RANDOM	Illumina HiSeq 2500	2627291992	AA6	Global gene expression of Pichia pastoris (Komagataella phaffii) with and without lignocellulose hydrolysate derived inhibitors	Illumina HiSeq 2500 sequencing: RNA extracted from Komagataella phaffii cultivated in mineral medium supplemented with acetic acid: 6g/L, biological replication 3		
SRR12747697	PASS	SRX9220102	SAMN16306622	SRP285907	Illumina HiSeq 2500 sequencing: RNA extracted from Komagataella phaffii cultivated in mineral medium supplemented with furaldehydes: 1,5 g/L furfural and 0,25 g/L HMF, biological replication 1				Biological triplicate in condition containing 1,5 g/L furfural and 0,25 g/L HMF		PRJNA666642	PRJNA666642	460519	Komagataella phaffii	RNA-Seq	TRANSCRIPTOMIC	RANDOM	Illumina HiSeq 2500	2329244224	FF50	Global gene expression of Pichia pastoris (Komagataella phaffii) with and without lignocellulose hydrolysate derived inhibitors	Illumina HiSeq 2500 sequencing: RNA extracted from Komagataella phaffii cultivated in mineral medium supplemented with furaldehydes: 1,5 g/L furfural and 0,25 g/L HMF, biological replication 1		
SRR12747699	PASS	SRX9220100	SAMN16306621	SRP285907	Illumina HiSeq 2500 sequencing: RNA extracted from Komagataella phaffii cultivated in mineral medium supplemented with furaldehydes: 0,9 g/L furfural and 0,15 g/L HMF, biological replication 2				Biological triplicate in condition containing 0,9 g/L furfural and 0,15 g/L HMF		PRJNA666642	PRJNA666642	460519	Komagataella phaffii	RNA-Seq	TRANSCRIPTOMIC	RANDOM	Illumina HiSeq 2500	2625314412	FF30	Global gene expression of Pichia pastoris (Komagataella phaffii) with and without lignocellulose hydrolysate derived inhibitors	Illumina HiSeq 2500 sequencing: RNA extracted from Komagataella phaffii cultivated in mineral medium supplemented with furaldehydes: 0,9 g/L furfural and 0,15 g/L HMF, biological replication 2		
SRR12747700	PASS	SRX9220099	SAMN16306621	SRP285907	Illumina HiSeq 2500 sequencing: RNA extracted from Komagataella phaffii cultivated in mineral medium supplemented with furaldehydes: 0,9 g/L furfural and 0,15 g/L HMF, biological replication 1				Biological triplicate in condition containing 0,9 g/L furfural and 0,15 g/L HMF		PRJNA666642	PRJNA666642	460519	Komagataella phaffii	RNA-Seq	TRANSCRIPTOMIC	RANDOM	Illumina HiSeq 2500	2489170856	FF30	Global gene expression of Pichia pastoris (Komagataella phaffii) with and without lignocellulose hydrolysate derived inhibitors	Illumina HiSeq 2500 sequencing: RNA extracted from Komagataella phaffii cultivated in mineral medium supplemented with furaldehydes: 0,9 g/L furfural and 0,15 g/L HMF, biological replication 1		
SRR12747701	PASS	SRX9220098	SAMN16306620	SRP285907	Illumina HiSeq 2500 sequencing: RNA extracted from Komagataella phaffii cultivated in mineral medium supplemented with sugarcane bagasse hydrolysate: 30%, biological replication 3				Biological triplicate in condition containing Hydrolysate 30%		PRJNA666642	PRJNA666642	460519	Komagataella phaffii	RNA-Seq	TRANSCRIPTOMIC	RANDOM	Illumina HiSeq 2500	2801868674	HID6	Global gene expression of Pichia pastoris (Komagataella phaffii) with and without lignocellulose hydrolysate derived inhibitors	Illumina HiSeq 2500 sequencing: RNA extracted from Komagataella phaffii cultivated in mineral medium supplemented with sugarcane bagasse hydrolysate: 30%, biological replication 3		
SRR12747705	PASS	SRX9220094	SAMN16306619	SRP285907	Illumina HiSeq 2500 sequencing: RNA extracted from Komagataella phaffii cultivated in mineral medium supplemented with sugarcane bagasse hydrolysate: 10%, biological replication 2				Biological triplicate in condition containing Hidrolysate 10%		PRJNA666642	PRJNA666642	460519	Komagataella phaffii	RNA-Seq	TRANSCRIPTOMIC	RANDOM	Illumina HiSeq 2500	2456943170	HID2	Global gene expression of Pichia pastoris (Komagataella phaffii) with and without lignocellulose hydrolysate derived inhibitors	Illumina HiSeq 2500 sequencing: RNA extracted from Komagataella phaffii cultivated in mineral medium supplemented with sugarcane bagasse hydrolysate: 10%, biological replication 2		
SRR12802789	PASS	SRX9271613	SAMN16407052	SRP286906	NextSeq 500 sequencing: GSM4826587: WT-A Komagataella phaffii RNA-Seq				WT-A		GSE159325	PRJNA668364	460519	Komagataella phaffii	RNA-Seq	TRANSCRIPTOMIC	cDNA	NextSeq 500	2058591200	GSM4826587	Host-informed molecular engineering improves antigen quality and enables integrated manufacturing of a trivalent subunit vaccine [RNA-seq]	NextSeq 500 sequencing: GSM4826587: WT-A Komagataella phaffii RNA-Seq	Cells were first digested in digestion buffer (50 mM EDTA, 500 mM sorbitol, pH 7.4) supplemented with 0.1% (v/v) 2-Mercaptoethanol and Zymolyase (Zymo Research, Irvine, CA) for 25 min at 30°C and 100 rpm shaking. Lysis and RNA purification was then performed using the RNeasy kit (Qiagen, Cat #74104). RNA quality was analyzed to ensure RNA Quality Number >7. KAPA HyperPrep kit (Roche, Basel, SUI)	
SRR12802791	PASS	SRX9271615	SAMN16407049	SRP286906	NextSeq 500 sequencing: GSM4826589: P4-3A Komagataella phaffii RNA-Seq				P4-3A		GSE159325	PRJNA668364	460519	Komagataella phaffii	RNA-Seq	TRANSCRIPTOMIC	cDNA	NextSeq 500	2091748560	GSM4826589	Host-informed molecular engineering improves antigen quality and enables integrated manufacturing of a trivalent subunit vaccine [RNA-seq]	NextSeq 500 sequencing: GSM4826589: P4-3A Komagataella phaffii RNA-Seq	Cells were first digested in digestion buffer (50 mM EDTA, 500 mM sorbitol, pH 7.4) supplemented with 0.1% (v/v) 2-Mercaptoethanol and Zymolyase (Zymo Research, Irvine, CA) for 25 min at 30°C and 100 rpm shaking. Lysis and RNA purification was then performed using the RNeasy kit (Qiagen, Cat #74104). RNA quality was analyzed to ensure RNA Quality Number >7. KAPA HyperPrep kit (Roche, Basel, SUI)	
SRR12802792	PASS	SRX9271616	SAMN16407047	SRP286906	NextSeq 500 sequencing: GSM4826590: P4-3B Komagataella phaffii RNA-Seq				P4-3B		GSE159325	PRJNA668364	460519	Komagataella phaffii	RNA-Seq	TRANSCRIPTOMIC	cDNA	NextSeq 500	1206570000	GSM4826590	Host-informed molecular engineering improves antigen quality and enables integrated manufacturing of a trivalent subunit vaccine [RNA-seq]	NextSeq 500 sequencing: GSM4826590: P4-3B Komagataella phaffii RNA-Seq	Cells were first digested in digestion buffer (50 mM EDTA, 500 mM sorbitol, pH 7.4) supplemented with 0.1% (v/v) 2-Mercaptoethanol and Zymolyase (Zymo Research, Irvine, CA) for 25 min at 30°C and 100 rpm shaking. Lysis and RNA purification was then performed using the RNeasy kit (Qiagen, Cat #74104). RNA quality was analyzed to ensure RNA Quality Number >7. KAPA HyperPrep kit (Roche, Basel, SUI)	
SRR12802793	PASS	SRX9271617	SAMN16407046	SRP286906	NextSeq 500 sequencing: GSM4826591: P4-3C Komagataella phaffii RNA-Seq				P4-3C		GSE159325	PRJNA668364	460519	Komagataella phaffii	RNA-Seq	TRANSCRIPTOMIC	cDNA	NextSeq 500	2377406400	GSM4826591	Host-informed molecular engineering improves antigen quality and enables integrated manufacturing of a trivalent subunit vaccine [RNA-seq]	NextSeq 500 sequencing: GSM4826591: P4-3C Komagataella phaffii RNA-Seq	Cells were first digested in digestion buffer (50 mM EDTA, 500 mM sorbitol, pH 7.4) supplemented with 0.1% (v/v) 2-Mercaptoethanol and Zymolyase (Zymo Research, Irvine, CA) for 25 min at 30°C and 100 rpm shaking. Lysis and RNA purification was then performed using the RNeasy kit (Qiagen, Cat #74104). RNA quality was analyzed to ensure RNA Quality Number >7. KAPA HyperPrep kit (Roche, Basel, SUI)	
SRR12802799	WARN(3)	SRX9271623	SAMN16407037	SRP286906	NextSeq 500 sequencing: GSM4826597: P8-6C Komagataella phaffii RNA-Seq				P8-6C		GSE159325	PRJNA668364	460519	Komagataella phaffii	RNA-Seq	TRANSCRIPTOMIC	cDNA	NextSeq 500	1548737840	GSM4826597	Host-informed molecular engineering improves antigen quality and enables integrated manufacturing of a trivalent subunit vaccine [RNA-seq]	NextSeq 500 sequencing: GSM4826597: P8-6C Komagataella phaffii RNA-Seq	Cells were first digested in digestion buffer (50 mM EDTA, 500 mM sorbitol, pH 7.4) supplemented with 0.1% (v/v) 2-Mercaptoethanol and Zymolyase (Zymo Research, Irvine, CA) for 25 min at 30°C and 100 rpm shaking. Lysis and RNA purification was then performed using the RNeasy kit (Qiagen, Cat #74104). RNA quality was analyzed to ensure RNA Quality Number >7. KAPA HyperPrep kit (Roche, Basel, SUI)	
SRR12802800	PASS	SRX9271624	SAMN16407058	SRP286906	NextSeq 500 sequencing: GSM4826598: P4-A3A Komagataella phaffii RNA-Seq				P4-A3A		GSE159325	PRJNA668364	460519	Komagataella phaffii	RNA-Seq	TRANSCRIPTOMIC	cDNA	NextSeq 500	1948238800	GSM4826598	Host-informed molecular engineering improves antigen quality and enables integrated manufacturing of a trivalent subunit vaccine [RNA-seq]	NextSeq 500 sequencing: GSM4826598: P4-A3A Komagataella phaffii RNA-Seq	Cells were first digested in digestion buffer (50 mM EDTA, 500 mM sorbitol, pH 7.4) supplemented with 0.1% (v/v) 2-Mercaptoethanol and Zymolyase (Zymo Research, Irvine, CA) for 25 min at 30°C and 100 rpm shaking. Lysis and RNA purification was then performed using the RNeasy kit (Qiagen, Cat #74104). RNA quality was analyzed to ensure RNA Quality Number >7. KAPA HyperPrep kit (Roche, Basel, SUI)	
SRR12802802	PASS	SRX9271626	SAMN16407056	SRP286906	NextSeq 500 sequencing: GSM4826600: P4-A3C Komagataella phaffii RNA-Seq				P4-A3C		GSE159325	PRJNA668364	460519	Komagataella phaffii	RNA-Seq	TRANSCRIPTOMIC	cDNA	NextSeq 500	1679872640	GSM4826600	Host-informed molecular engineering improves antigen quality and enables integrated manufacturing of a trivalent subunit vaccine [RNA-seq]	NextSeq 500 sequencing: GSM4826600: P4-A3C Komagataella phaffii RNA-Seq	Cells were first digested in digestion buffer (50 mM EDTA, 500 mM sorbitol, pH 7.4) supplemented with 0.1% (v/v) 2-Mercaptoethanol and Zymolyase (Zymo Research, Irvine, CA) for 25 min at 30°C and 100 rpm shaking. Lysis and RNA purification was then performed using the RNeasy kit (Qiagen, Cat #74104). RNA quality was analyzed to ensure RNA Quality Number >7. KAPA HyperPrep kit (Roche, Basel, SUI)	
SRR12802806	PASS	SRX9271630	SAMN16407066	SRP286906	NextSeq 500 sequencing: GSM4826604: P4-A1A Komagataella phaffii RNA-Seq				P4-A1A		GSE159325	PRJNA668364	460519	Komagataella phaffii	RNA-Seq	TRANSCRIPTOMIC	cDNA	NextSeq 500	2096188640	GSM4826604	Host-informed molecular engineering improves antigen quality and enables integrated manufacturing of a trivalent subunit vaccine [RNA-seq]	NextSeq 500 sequencing: GSM4826604: P4-A1A Komagataella phaffii RNA-Seq	Cells were first digested in digestion buffer (50 mM EDTA, 500 mM sorbitol, pH 7.4) supplemented with 0.1% (v/v) 2-Mercaptoethanol and Zymolyase (Zymo Research, Irvine, CA) for 25 min at 30°C and 100 rpm shaking. Lysis and RNA purification was then performed using the RNeasy kit (Qiagen, Cat #74104). RNA quality was analyzed to ensure RNA Quality Number >7. KAPA HyperPrep kit (Roche, Basel, SUI)	
SRR12804256	PASS	SRX9273044	SAMN16408348	SRP286925	NextSeq 500 sequencing: GSM4826871: RNA.P4 rep2 Komagataella phaffii RNA-Seq				RNA.P4 rep2		GSE159336	PRJNA668384	460519	Komagataella phaffii	RNA-Seq	TRANSCRIPTOMIC	cDNA	NextSeq 500	1539052440	GSM4826871	Host-informed molecular engineering improves antigen quality and enables integrated manufacturing of a trivalent subunit vaccine [Ribo-seq]	NextSeq 500 sequencing: GSM4826871: RNA.P4 rep2 Komagataella phaffii RNA-Seq	KAPA HyperPrep kit (Roche, Basel, SUI) Cell samples from cultures expressing P[4] or P[6] were transferred to a shake-flask containing 500 mL of pre-warmed fresh BMMY media to achieve an OD600 = 0.5. Cell harvest, cell lysis, and recovery of ribosome footprints were performed as described previously (Taggart et al., Cell Syst. 2018). Samples were split following lysis for total RNA-Seq and ribosome profiling (Ribo-Seq).	
SRR12804257	FAIL(7)	SRX9273045	SAMN16408346	SRP286925	NextSeq 500 sequencing: GSM4826872: RNA.P4 rep3 Komagataella phaffii RNA-Seq				RNA.P4 rep3		GSE159336	PRJNA668384	460519	Komagataella phaffii	RNA-Seq	TRANSCRIPTOMIC	cDNA	NextSeq 500	1878284976	GSM4826872	Host-informed molecular engineering improves antigen quality and enables integrated manufacturing of a trivalent subunit vaccine [Ribo-seq]	NextSeq 500 sequencing: GSM4826872: RNA.P4 rep3 Komagataella phaffii RNA-Seq	KAPA HyperPrep kit (Roche, Basel, SUI) Cell samples from cultures expressing P[4] or P[6] were transferred to a shake-flask containing 500 mL of pre-warmed fresh BMMY media to achieve an OD600 = 0.5. Cell harvest, cell lysis, and recovery of ribosome footprints were performed as described previously (Taggart et al., Cell Syst. 2018). Samples were split following lysis for total RNA-Seq and ribosome profiling (Ribo-Seq).	
SRR12804258	PASS	SRX9273046	SAMN16408345	SRP286925	NextSeq 500 sequencing: GSM4826873: RNA.P6 rep1 Komagataella phaffii RNA-Seq				RNA.P6 rep1		GSE159336	PRJNA668384	460519	Komagataella phaffii	RNA-Seq	TRANSCRIPTOMIC	cDNA	NextSeq 500	1949923412	GSM4826873	Host-informed molecular engineering improves antigen quality and enables integrated manufacturing of a trivalent subunit vaccine [Ribo-seq]	NextSeq 500 sequencing: GSM4826873: RNA.P6 rep1 Komagataella phaffii RNA-Seq	KAPA HyperPrep kit (Roche, Basel, SUI) Cell samples from cultures expressing P[4] or P[6] were transferred to a shake-flask containing 500 mL of pre-warmed fresh BMMY media to achieve an OD600 = 0.5. Cell harvest, cell lysis, and recovery of ribosome footprints were performed as described previously (Taggart et al., Cell Syst. 2018). Samples were split following lysis for total RNA-Seq and ribosome profiling (Ribo-Seq).	
SRR12804259	PASS	SRX9273047	SAMN16408344	SRP286925	NextSeq 500 sequencing: GSM4826874: RNA.P6 rep2 Komagataella phaffii RNA-Seq				RNA.P6 rep2		GSE159336	PRJNA668384	460519	Komagataella phaffii	RNA-Seq	TRANSCRIPTOMIC	cDNA	NextSeq 500	1703884812	GSM4826874	Host-informed molecular engineering improves antigen quality and enables integrated manufacturing of a trivalent subunit vaccine [Ribo-seq]	NextSeq 500 sequencing: GSM4826874: RNA.P6 rep2 Komagataella phaffii RNA-Seq	KAPA HyperPrep kit (Roche, Basel, SUI) Cell samples from cultures expressing P[4] or P[6] were transferred to a shake-flask containing 500 mL of pre-warmed fresh BMMY media to achieve an OD600 = 0.5. Cell harvest, cell lysis, and recovery of ribosome footprints were performed as described previously (Taggart et al., Cell Syst. 2018). Samples were split following lysis for total RNA-Seq and ribosome profiling (Ribo-Seq).	
SRR12804261		SRX9273049	SAMN16408342	SRP286925	NextSeq 500 sequencing: GSM4826876: Ribo.P4 Komagataella phaffii OTHER				Ribo.P4		GSE159336	PRJNA668384	460519	Komagataella phaffii	OTHER	TRANSCRIPTOMIC	other	NextSeq 500	4456027800	GSM4826876	Host-informed molecular engineering improves antigen quality and enables integrated manufacturing of a trivalent subunit vaccine [Ribo-seq]	NextSeq 500 sequencing: GSM4826876: Ribo.P4 Komagataella phaffii OTHER	SMARTer smRNA-Seq Kit (Clontech) Cell samples from cultures expressing P[4] or P[6] were transferred to a shake-flask containing 500 mL of pre-warmed fresh BMMY media to achieve an OD600 = 0.5. Cell harvest, cell lysis, and recovery of ribosome footprints were performed as described previously (Taggart et al., Cell Syst. 2018). Samples were split following lysis for total RNA-Seq and ribosome profiling (Ribo-Seq).	
SRR12804262		SRX9273050	SAMN16408341	SRP286925	NextSeq 500 sequencing: GSM4826877: Ribo.P6 Komagataella phaffii OTHER				Ribo.P6		GSE159336	PRJNA668384	460519	Komagataella phaffii	OTHER	TRANSCRIPTOMIC	other	NextSeq 500	3978909840	GSM4826877	Host-informed molecular engineering improves antigen quality and enables integrated manufacturing of a trivalent subunit vaccine [Ribo-seq]	NextSeq 500 sequencing: GSM4826877: Ribo.P6 Komagataella phaffii OTHER	SMARTer smRNA-Seq Kit (Clontech) Cell samples from cultures expressing P[4] or P[6] were transferred to a shake-flask containing 500 mL of pre-warmed fresh BMMY media to achieve an OD600 = 0.5. Cell harvest, cell lysis, and recovery of ribosome footprints were performed as described previously (Taggart et al., Cell Syst. 2018). Samples were split following lysis for total RNA-Seq and ribosome profiling (Ribo-Seq).	
SRR12808427	PASS	SRX9277212	SAMN16414993	SRP287050	Illumina NovaSeq 6000 sequencing: RNA-Seq of Komagataella phaffii: GS115 24h sample replicate 3				Microbe sample from Komagataella phaffii		PRJNA668560	PRJNA668560	460519	Komagataella phaffii	RNA-Seq	TRANSCRIPTOMIC	cDNA	Illumina NovaSeq 6000	6350559000	GS115_24h_rep3	Transcriptome analysis of Pichia pastoris delta-FLD adaptation strain with high methanol utilization and tolerance	Illumina NovaSeq 6000 sequencing: RNA-Seq of Komagataella phaffii: GS115 24h sample replicate 3		
SRR12808431	PASS	SRX9277208	SAMN16414989	SRP287050	Illumina NovaSeq 6000 sequencing: RNA-Seq of Komagataella phaffii: GS115 6h sample replicate 2				Microbe sample from Komagataella phaffii		PRJNA668560	PRJNA668560	460519	Komagataella phaffii	RNA-Seq	TRANSCRIPTOMIC	cDNA	Illumina NovaSeq 6000	6619769100	GS115_6h_rep2	Transcriptome analysis of Pichia pastoris delta-FLD adaptation strain with high methanol utilization and tolerance	Illumina NovaSeq 6000 sequencing: RNA-Seq of Komagataella phaffii: GS115 6h sample replicate 2		
SRR12808432	PASS	SRX9277207	SAMN16414988	SRP287050	Illumina NovaSeq 6000 sequencing: RNA-Seq of Komagataella phaffii: GS115 6h sample replicate 1				Microbe sample from Komagataella phaffii		PRJNA668560	PRJNA668560	460519	Komagataella phaffii	RNA-Seq	TRANSCRIPTOMIC	cDNA	Illumina NovaSeq 6000	6112339200	GS115_6h_rep1	Transcriptome analysis of Pichia pastoris delta-FLD adaptation strain with high methanol utilization and tolerance	Illumina NovaSeq 6000 sequencing: RNA-Seq of Komagataella phaffii: GS115 6h sample replicate 1		
SRR12808435	PASS	SRX9277204	SAMN16415012	SRP287050	Illumina NovaSeq 6000 sequencing: RNA-Seq of Komagataella phaffii: FLDV6 45h sample replicate 1				Microbe sample from Komagataella phaffii		PRJNA668560	PRJNA668560	460519	Komagataella phaffii	RNA-Seq	TRANSCRIPTOMIC	cDNA	Illumina NovaSeq 6000	6661545600	FLDV6_45h_rep1	Transcriptome analysis of Pichia pastoris delta-FLD adaptation strain with high methanol utilization and tolerance	Illumina NovaSeq 6000 sequencing: RNA-Seq of Komagataella phaffii: FLDV6 45h sample replicate 1		
SRR12808440	PASS	SRX9277199	SAMN16415007	SRP287050	Illumina NovaSeq 6000 sequencing: RNA-Seq of Komagataella phaffii: FLDV6 6h sample replicate 2				Microbe sample from Komagataella phaffii		PRJNA668560	PRJNA668560	460519	Komagataella phaffii	RNA-Seq	TRANSCRIPTOMIC	cDNA	Illumina NovaSeq 6000	6499852200	FLDV6_6h_rep2	Transcriptome analysis of Pichia pastoris delta-FLD adaptation strain with high methanol utilization and tolerance	Illumina NovaSeq 6000 sequencing: RNA-Seq of Komagataella phaffii: FLDV6 6h sample replicate 2		
SRR12808445	PASS	SRX9277194	SAMN16415003	SRP287050	Illumina NovaSeq 6000 sequencing: RNA-Seq of Komagataella phaffii: FLD 45h sample replicate 1				Microbe sample from Komagataella phaffii		PRJNA668560	PRJNA668560	460519	Komagataella phaffii	RNA-Seq	TRANSCRIPTOMIC	cDNA	Illumina NovaSeq 6000	6029323500	FLD_45h_rep1	Transcriptome analysis of Pichia pastoris delta-FLD adaptation strain with high methanol utilization and tolerance	Illumina NovaSeq 6000 sequencing: RNA-Seq of Komagataella phaffii: FLD 45h sample replicate 1		
SRR12808447	PASS	SRX9277192	SAMN16415001	SRP287050	Illumina NovaSeq 6000 sequencing: RNA-Seq of Komagataella phaffii: FLD 24h sample replicate 2				Microbe sample from Komagataella phaffii		PRJNA668560	PRJNA668560	460519	Komagataella phaffii	RNA-Seq	TRANSCRIPTOMIC	cDNA	Illumina NovaSeq 6000	6866254200	FLD_24h_rep2	Transcriptome analysis of Pichia pastoris delta-FLD adaptation strain with high methanol utilization and tolerance	Illumina NovaSeq 6000 sequencing: RNA-Seq of Komagataella phaffii: FLD 24h sample replicate 2		
SRR12808448	PASS	SRX9277191	SAMN16415000	SRP287050	Illumina NovaSeq 6000 sequencing: RNA-Seq of Komagataella phaffii: FLD 24h sample replicate 1				Microbe sample from Komagataella phaffii		PRJNA668560	PRJNA668560	460519	Komagataella phaffii	RNA-Seq	TRANSCRIPTOMIC	cDNA	Illumina NovaSeq 6000	7829634300	FLD_24h_rep1	Transcriptome analysis of Pichia pastoris delta-FLD adaptation strain with high methanol utilization and tolerance	Illumina NovaSeq 6000 sequencing: RNA-Seq of Komagataella phaffii: FLD 24h sample replicate 1		
SRR12808455	PASS	SRX9277184	SAMN16414985	SRP287050	Illumina NovaSeq 6000 sequencing: RNA-Seq of Komagataella phaffii: GS115 0h sample replicate 1				Microbe sample from Komagataella phaffii		PRJNA668560	PRJNA668560	460519	Komagataella phaffii	RNA-Seq	TRANSCRIPTOMIC	cDNA	Illumina NovaSeq 6000	7290546300	GS115_0h_rep1	Transcriptome analysis of Pichia pastoris delta-FLD adaptation strain with high methanol utilization and tolerance	Illumina NovaSeq 6000 sequencing: RNA-Seq of Komagataella phaffii: GS115 0h sample replicate 1		
SRR10740050	PASS	SRX7415656	SAMN13633080	SRP238206	Illumina NovaSeq 6000 sequencing: GSM4225322: M_120 Komagataella phaffii RNA-Seq				M_120		GSE142326	PRJNA596645	460519	Komagataella phaffii	RNA-Seq	TRANSCRIPTOMIC	cDNA	Illumina NovaSeq 6000	11150124600	GSM4225322	Transcriptomic analysis of Pichia pastoris (Komagataella phaffii) GS115 during heterologous protein production using a high-cell-density fed-batch cultivation strategy	Illumina NovaSeq 6000 sequencing: GSM4225322: M_120 Komagataella phaffii RNA-Seq	Retinas were removed, flash frozen on dry ice, and RNA was harvested using Trizol reagent. Illumina TruSeq RNA Sample Prep Kit (Cat#FC-122-1001) was used with 1 ug of total RNA for the construction of sequencing libraries. RNA libraries were prepared for sequencing using standard Illumina protocols	
SRR15669384	PASS	SRX11966059	SAMN20981853	SRP334724	MGISEQ-2000RS sequencing: RNA-Seq of Komagataella phaffii				Microbe sample from Komagataella phaffii		PRJNA757827	PRJNA757827	460519	Komagataella phaffii	RNA-Seq	TRANSCRIPTOMIC	PCR	MGISEQ-2000RS	6394599600	KO_FGH_M	Transcriptome of the methanol dissimilation pathway in Pichia pastoris	MGISEQ-2000RS sequencing: RNA-Seq of Komagataella phaffii		
SRR18131268	PASS	SRX14279347	SAMN26155209	SRP361344	Illumina HiSeq 2000 sequencing: RNA-Seq of P. pastoris				Keywords: GSC:MIxS MIGS:5.0		PRJNA809210	PRJNA809210	460519	Komagataella phaffii	RNA-Seq	TRANSCRIPTOMIC	Oligo-dT	Illumina HiSeq 2000	7431150300	MUTGg2	Carbon source utilization of Pichia pastoris	Illumina HiSeq 2000 sequencing: RNA-Seq of P. pastoris		
SRR21913267	PASS	SRX17899199	SAMN31206571	SRP402769	BGISEQ-500 sequencing: sample 10				Glyco4 2 biological replicate 2		PRJNA890185	PRJNA890185	460519	Komagataella phaffii	RNA-Seq	TRANSCRIPTOMIC	cDNA	BGISEQ-500	6347849100	Glyco4 2-2	Komagataella phaffii Transcriptome or Gene expression	BGISEQ-500 sequencing: sample 10		
SRR21913269	PASS	SRX17899197	SAMN31206569	SRP402769	BGISEQ-500 sequencing: sample 8				Glyco4 1 biological replicate 2		PRJNA890185	PRJNA890185	460519	Komagataella phaffii	RNA-Seq	TRANSCRIPTOMIC	cDNA	BGISEQ-500	6453576300	Glyco4 1-2	Komagataella phaffii Transcriptome or Gene expression	BGISEQ-500 sequencing: sample 8		
SRR21913272	PASS	SRX17899194	SAMN31206566	SRP402769	BGISEQ-500 sequencing: sample 5				GS115 3 biological replicate 1		PRJNA890185	PRJNA890185	460519	Komagataella phaffii	RNA-Seq	TRANSCRIPTOMIC	cDNA	BGISEQ-500	6152345700	GS115 3-1	Komagataella phaffii Transcriptome or Gene expression	BGISEQ-500 sequencing: sample 5		
SRR21913274	PASS	SRX17899192	SAMN31206564	SRP402769	BGISEQ-500 sequencing: sample 3				GS115 2 biological replicate 1		PRJNA890185	PRJNA890185	460519	Komagataella phaffii	RNA-Seq	TRANSCRIPTOMIC	cDNA	BGISEQ-500	6446941800	GS115 2-1	Komagataella phaffii Transcriptome or Gene expression	BGISEQ-500 sequencing: sample 3		
SRR21913275	PASS	SRX17899191	SAMN31206573	SRP402769	BGISEQ-500 sequencing: sample 12				Glyco4 3 biological replicate 2		PRJNA890185	PRJNA890185	460519	Komagataella phaffii	RNA-Seq	TRANSCRIPTOMIC	cDNA	BGISEQ-500	6309120600	Glyco4 3-2	Komagataella phaffii Transcriptome or Gene expression	BGISEQ-500 sequencing: sample 12		
SRR21913276	PASS	SRX17899190	SAMN31206572	SRP402769	BGISEQ-500 sequencing: sample 11				Glyco4 3 biological replicate 1		PRJNA890185	PRJNA890185	460519	Komagataella phaffii	RNA-Seq	TRANSCRIPTOMIC	cDNA	BGISEQ-500	6338924100	Glyco4 3-1	Komagataella phaffii Transcriptome or Gene expression	BGISEQ-500 sequencing: sample 11		
SRR23319715	WARN(1,5,7)	SRX19262239	SAMN33011512	SRP420684	Illumina MiSeq sequencing: K_phaffii_KM71F after 47 h methanol fed-batch, replicate 2				K_phaffii_KM71F after 47 h methanol fed-batch, pH 6, 24C, 1.5 g/L contant methanol, replicate 2		PRJNA930494	PRJNA930494	460519	Komagataella phaffii	RNA-Seq	TRANSCRIPTOMIC	unspecified	Illumina MiSeq	678212181	CM3M6_47h	Komagataella phaffii Raw sequence reads	Illumina MiSeq sequencing: K_phaffii_KM71F after 47 h methanol fed-batch, replicate 2		
SRR23330438	PASS	SRX19272689	SAMN33051914	SRP420805	Illumina NovaSeq 6000 sequencing: GSM7022096: Glucose, T=60 (pH 8.0), rep 1 [S22] Komagataella phaffii RNA-Seq				Glucose, T=60 (pH 8.0), rep 1 [S22]		GSE224427	PRJNA931229	460519	Komagataella phaffii	RNA-Seq	TRANSCRIPTOMIC	cDNA	Illumina NovaSeq 6000	3712461600	GSM7022096	Transcriptomic profiling of the yeast Komagataella phaffii in response to environmental alkalinization	Illumina NovaSeq 6000 sequencing: GSM7022096: Glucose, T=60 (pH 8.0), rep 1 [S22] Komagataella phaffii RNA-Seq	Total RNA was extracted with the Ribo Pure™-Yeast kit (Ambion) following the manufacturer's instructions. The quality was assessed by capillary electrophoresis in a Bioanalyzer equipment and RNA amounts quantified by measuring the A260 in a Nanodrop ND-1000 Spectrophotometer. mRNA was purified from total RNA using poly-T oligo-attached magnetic beads. After fragmentation, the first strand cDNA was synthesized using random hexamer primers, followed by the second strand cDNA synthesis using dTTP (non-directional library). The library was checked by Qubit™ assay (Thermofisher) and real-time PCR for quantification and size distribution monitored with a Bioanalyzer.	
SRR23330439	PASS	SRX19272688	SAMN33051915	SRP420805	Illumina NovaSeq 6000 sequencing: GSM7022095: Glucose, T=30 (pH 8.0), rep 2 [S25] Komagataella phaffii RNA-Seq				Glucose, T=30 (pH 8.0), rep 2 [S25]		GSE224427	PRJNA931229	460519	Komagataella phaffii	RNA-Seq	TRANSCRIPTOMIC	cDNA	Illumina NovaSeq 6000	3578974350	GSM7022095	Transcriptomic profiling of the yeast Komagataella phaffii in response to environmental alkalinization	Illumina NovaSeq 6000 sequencing: GSM7022095: Glucose, T=30 (pH 8.0), rep 2 [S25] Komagataella phaffii RNA-Seq	Total RNA was extracted with the Ribo Pure™-Yeast kit (Ambion) following the manufacturer's instructions. The quality was assessed by capillary electrophoresis in a Bioanalyzer equipment and RNA amounts quantified by measuring the A260 in a Nanodrop ND-1000 Spectrophotometer. mRNA was purified from total RNA using poly-T oligo-attached magnetic beads. After fragmentation, the first strand cDNA was synthesized using random hexamer primers, followed by the second strand cDNA synthesis using dTTP (non-directional library). The library was checked by Qubit™ assay (Thermofisher) and real-time PCR for quantification and size distribution monitored with a Bioanalyzer.	
SRR23330445	PASS	SRX19272682	SAMN33051921	SRP420805	Illumina NovaSeq 6000 sequencing: GSM7022089: glycerol, T=60 (pH 8.2), rep 2 [S18] Komagataella phaffii RNA-Seq				glycerol, T=60 (pH 8.2), rep 2 [S18]		GSE224427	PRJNA931229	460519	Komagataella phaffii	RNA-Seq	TRANSCRIPTOMIC	cDNA	Illumina NovaSeq 6000	3303775200	GSM7022089	Transcriptomic profiling of the yeast Komagataella phaffii in response to environmental alkalinization	Illumina NovaSeq 6000 sequencing: GSM7022089: glycerol, T=60 (pH 8.2), rep 2 [S18] Komagataella phaffii RNA-Seq	Total RNA was extracted with the Ribo Pure™-Yeast kit (Ambion) following the manufacturer's instructions. The quality was assessed by capillary electrophoresis in a Bioanalyzer equipment and RNA amounts quantified by measuring the A260 in a Nanodrop ND-1000 Spectrophotometer. mRNA was purified from total RNA using poly-T oligo-attached magnetic beads. After fragmentation, the first strand cDNA was synthesized using random hexamer primers, followed by the second strand cDNA synthesis using dTTP (non-directional library). The library was checked by Qubit™ assay (Thermofisher) and real-time PCR for quantification and size distribution monitored with a Bioanalyzer.	
SRR23330447	PASS	SRX19272680	SAMN33051923	SRP420805	Illumina NovaSeq 6000 sequencing: GSM7022087: glycerol, T=30 (pH 8.2), rep 2 [S17] Komagataella phaffii RNA-Seq				glycerol, T=30 (pH 8.2), rep 2 [S17]		GSE224427	PRJNA931229	460519	Komagataella phaffii	RNA-Seq	TRANSCRIPTOMIC	cDNA	Illumina NovaSeq 6000	3079321800	GSM7022087	Transcriptomic profiling of the yeast Komagataella phaffii in response to environmental alkalinization	Illumina NovaSeq 6000 sequencing: GSM7022087: glycerol, T=30 (pH 8.2), rep 2 [S17] Komagataella phaffii RNA-Seq	Total RNA was extracted with the Ribo Pure™-Yeast kit (Ambion) following the manufacturer's instructions. The quality was assessed by capillary electrophoresis in a Bioanalyzer equipment and RNA amounts quantified by measuring the A260 in a Nanodrop ND-1000 Spectrophotometer. mRNA was purified from total RNA using poly-T oligo-attached magnetic beads. After fragmentation, the first strand cDNA was synthesized using random hexamer primers, followed by the second strand cDNA synthesis using dTTP (non-directional library). The library was checked by Qubit™ assay (Thermofisher) and real-time PCR for quantification and size distribution monitored with a Bioanalyzer.	
SRR23330451	PASS	SRX19272676	SAMN33051927	SRP420805	Illumina NovaSeq 6000 sequencing: GSM7022083: glycerol, T=0 (pH 5.5), rep 2 [S15] Komagataella phaffii RNA-Seq				glycerol, T=0 (pH 5.5), rep 2 [S15]		GSE224427	PRJNA931229	460519	Komagataella phaffii	RNA-Seq	TRANSCRIPTOMIC	cDNA	Illumina NovaSeq 6000	3564005250	GSM7022083	Transcriptomic profiling of the yeast Komagataella phaffii in response to environmental alkalinization	Illumina NovaSeq 6000 sequencing: GSM7022083: glycerol, T=0 (pH 5.5), rep 2 [S15] Komagataella phaffii RNA-Seq	Total RNA was extracted with the Ribo Pure™-Yeast kit (Ambion) following the manufacturer's instructions. The quality was assessed by capillary electrophoresis in a Bioanalyzer equipment and RNA amounts quantified by measuring the A260 in a Nanodrop ND-1000 Spectrophotometer. mRNA was purified from total RNA using poly-T oligo-attached magnetic beads. After fragmentation, the first strand cDNA was synthesized using random hexamer primers, followed by the second strand cDNA synthesis using dTTP (non-directional library). The library was checked by Qubit™ assay (Thermofisher) and real-time PCR for quantification and size distribution monitored with a Bioanalyzer.	
SRR23330453	PASS	SRX19272674	SAMN33051929	SRP420805	Illumina NovaSeq 6000 sequencing: GSM7022081: glycerol, T=60 (pH 8.0), rep 2 [a8] Komagataella phaffii RNA-Seq				glycerol, T=60 (pH 8.0), rep 2 [a8]		GSE224427	PRJNA931229	460519	Komagataella phaffii	RNA-Seq	TRANSCRIPTOMIC	cDNA	Illumina NovaSeq 6000	3364017150	GSM7022081	Transcriptomic profiling of the yeast Komagataella phaffii in response to environmental alkalinization	Illumina NovaSeq 6000 sequencing: GSM7022081: glycerol, T=60 (pH 8.0), rep 2 [a8] Komagataella phaffii RNA-Seq	Total RNA was extracted with the Ribo Pure™-Yeast kit (Ambion) following the manufacturer's instructions. The quality was assessed by capillary electrophoresis in a Bioanalyzer equipment and RNA amounts quantified by measuring the A260 in a Nanodrop ND-1000 Spectrophotometer. mRNA was purified from total RNA using poly-T oligo-attached magnetic beads. After fragmentation, the first strand cDNA was synthesized using random hexamer primers, followed by the second strand cDNA synthesis using dTTP (non-directional library). The library was checked by Qubit™ assay (Thermofisher) and real-time PCR for quantification and size distribution monitored with a Bioanalyzer.	
SRR23330455	PASS	SRX19272672	SAMN33051931	SRP420805	Illumina NovaSeq 6000 sequencing: GSM7022079: glycerol, T=30 (pH 8.0), rep 2 [a7] Komagataella phaffii RNA-Seq				glycerol, T=30 (pH 8.0), rep 2 [a7]		GSE224427	PRJNA931229	460519	Komagataella phaffii	RNA-Seq	TRANSCRIPTOMIC	cDNA	Illumina NovaSeq 6000	3469861350	GSM7022079	Transcriptomic profiling of the yeast Komagataella phaffii in response to environmental alkalinization	Illumina NovaSeq 6000 sequencing: GSM7022079: glycerol, T=30 (pH 8.0), rep 2 [a7] Komagataella phaffii RNA-Seq	Total RNA was extracted with the Ribo Pure™-Yeast kit (Ambion) following the manufacturer's instructions. The quality was assessed by capillary electrophoresis in a Bioanalyzer equipment and RNA amounts quantified by measuring the A260 in a Nanodrop ND-1000 Spectrophotometer. mRNA was purified from total RNA using poly-T oligo-attached magnetic beads. After fragmentation, the first strand cDNA was synthesized using random hexamer primers, followed by the second strand cDNA synthesis using dTTP (non-directional library). The library was checked by Qubit™ assay (Thermofisher) and real-time PCR for quantification and size distribution monitored with a Bioanalyzer.	
SRR23330456	PASS	SRX19272671	SAMN33051932	SRP420805	Illumina NovaSeq 6000 sequencing: GSM7022078: glycerol, T=30 (pH 8.0), rep 1 [a3] Komagataella phaffii RNA-Seq				glycerol, T=30 (pH 8.0), rep 1 [a3]		GSE224427	PRJNA931229	460519	Komagataella phaffii	RNA-Seq	TRANSCRIPTOMIC	cDNA	Illumina NovaSeq 6000	3094098750	GSM7022078	Transcriptomic profiling of the yeast Komagataella phaffii in response to environmental alkalinization	Illumina NovaSeq 6000 sequencing: GSM7022078: glycerol, T=30 (pH 8.0), rep 1 [a3] Komagataella phaffii RNA-Seq	Total RNA was extracted with the Ribo Pure™-Yeast kit (Ambion) following the manufacturer's instructions. The quality was assessed by capillary electrophoresis in a Bioanalyzer equipment and RNA amounts quantified by measuring the A260 in a Nanodrop ND-1000 Spectrophotometer. mRNA was purified from total RNA using poly-T oligo-attached magnetic beads. After fragmentation, the first strand cDNA was synthesized using random hexamer primers, followed by the second strand cDNA synthesis using dTTP (non-directional library). The library was checked by Qubit™ assay (Thermofisher) and real-time PCR for quantification and size distribution monitored with a Bioanalyzer.	
SRR23330457	PASS	SRX19272670	SAMN33051933	SRP420805	Illumina NovaSeq 6000 sequencing: GSM7022077: glycerol, T=15 (pH 8.0), rep 4 [a6] Komagataella phaffii RNA-Seq				glycerol, T=15 (pH 8.0), rep 4 [a6]		GSE224427	PRJNA931229	460519	Komagataella phaffii	RNA-Seq	TRANSCRIPTOMIC	cDNA	Illumina NovaSeq 6000	3104544000	GSM7022077	Transcriptomic profiling of the yeast Komagataella phaffii in response to environmental alkalinization	Illumina NovaSeq 6000 sequencing: GSM7022077: glycerol, T=15 (pH 8.0), rep 4 [a6] Komagataella phaffii RNA-Seq	Total RNA was extracted with the Ribo Pure™-Yeast kit (Ambion) following the manufacturer's instructions. The quality was assessed by capillary electrophoresis in a Bioanalyzer equipment and RNA amounts quantified by measuring the A260 in a Nanodrop ND-1000 Spectrophotometer. mRNA was purified from total RNA using poly-T oligo-attached magnetic beads. After fragmentation, the first strand cDNA was synthesized using random hexamer primers, followed by the second strand cDNA synthesis using dTTP (non-directional library). The library was checked by Qubit™ assay (Thermofisher) and real-time PCR for quantification and size distribution monitored with a Bioanalyzer.	
SRR23974695	PASS	SRX19779144	SAMN33717394	SRP429412	Illumina NovaSeq 6000 sequencing: RNAseq of pichia pastoris				Microbe sample from Komagataella phaffii		PRJNA943385	PRJNA943385	460519	Komagataella phaffii	RNA-Seq	TRANSCRIPTOMIC	Oligo-dT	Illumina NovaSeq 6000	6294208200	BeforeMeOH replicate 1	Komagataella pastoris Raw sequence reads	Illumina NovaSeq 6000 sequencing: RNAseq of pichia pastoris		
SRR25660907	PASS	SRX21386787	SAMN37015730	SRP455504	Illumina HiSeq 2000 sequencing: RNA-seq of Aspergillus terreus				not applicable		PRJNA1006195	PRJNA1006195	460519	Komagataella phaffii	RNA-Seq	TRANSCRIPTOMIC	RANDOM	Illumina HiSeq 2000	17129844300	Komagataella phaffii	RNA-seq analysis of Komagataella phaffii	Illumina HiSeq 2000 sequencing: RNA-seq of Aspergillus terreus		
SRR25915865	PASS	SRX21635739	SAMN37283806	SRP458584	Illumina NovaSeq 6000 sequencing: RNA-Seq of K. phaffii: CBS2612				Retentostat cultivation of a CBS2612 flo8 knockout strain, producing secreted VHH under the control a pG1-3 promoter (CBS2612 delta_flo8 pG1-3 VHH). Long chemostat phase before retentostat initiation. Sample taken ~6 days after initiation. Replicate 1		PRJNA1013119	PRJNA1013119	460519	Komagataella phaffii	RNA-Seq	TRANSCRIPTOMIC	Inverse rRNA	Illumina NovaSeq 6000	9041530200	C025_R3	Transcriptomic analysis of recombinant Komagataella phaffii at near-zero growth rates	Illumina NovaSeq 6000 sequencing: RNA-Seq of K. phaffii: CBS2612		
SRR25915867	PASS	SRX21635737	SAMN37283804	SRP458584	Illumina NovaSeq 6000 sequencing: RNA-Seq of K. phaffii: CBS2612				Retentostat cultivation of a CBS2612 flo8 knockout strain, producing secreted VHH under the control a pG1-3 promoter (CBS2612 delta_flo8 pG1-3 VHH). Short chemostat phase before retentostat initiation. Sample taken ~28 days after initiation. Replicate 2		PRJNA1013119	PRJNA1013119	460519	Komagataella phaffii	RNA-Seq	TRANSCRIPTOMIC	Inverse rRNA	Illumina NovaSeq 6000	8459660400	C024_R10	Transcriptomic analysis of recombinant Komagataella phaffii at near-zero growth rates	Illumina NovaSeq 6000 sequencing: RNA-Seq of K. phaffii: CBS2612		
SRR25915869	PASS	SRX21635735	SAMN37283802	SRP458584	Illumina NovaSeq 6000 sequencing: RNA-Seq of K. phaffii: CBS2612				Retentostat cultivation of a CBS2612 flo8 knockout strain, producing secreted VHH under the control a pG1-3 promoter (CBS2612 delta_flo8 pG1-3 VHH). Short chemostat phase before retentostat initiation. Sample taken ~6 days after initiation. Replicate 2		PRJNA1013119	PRJNA1013119	460519	Komagataella phaffii	RNA-Seq	TRANSCRIPTOMIC	Inverse rRNA	Illumina NovaSeq 6000	7368432000	C024_R3	Transcriptomic analysis of recombinant Komagataella phaffii at near-zero growth rates	Illumina NovaSeq 6000 sequencing: RNA-Seq of K. phaffii: CBS2612		
SRR25915872	PASS	SRX21635732	SAMN37283820	SRP458584	Illumina NovaSeq 6000 sequencing: RNA-Seq of K. phaffii: CBS2612				Chemostat cultivation of a CBS2612 flo8 knockout strain, producing secreted VHH under the control a pG1-3 promoter (CBS2612 delta_flo8 pG1-3 VHH). Sample taken at steady state at mu = 0.1. Replicate 3		PRJNA1013119	PRJNA1013119	460519	Komagataella phaffii	RNA-Seq	TRANSCRIPTOMIC	Inverse rRNA	Illumina NovaSeq 6000	8089437300	C036_SS	Transcriptomic analysis of recombinant Komagataella phaffii at near-zero growth rates	Illumina NovaSeq 6000 sequencing: RNA-Seq of K. phaffii: CBS2612		
SRR25915880	PASS	SRX21635724	SAMN37283813	SRP458584	Illumina NovaSeq 6000 sequencing: RNA-Seq of K. phaffii: CBS2612				Retentostat cultivation of a CBS2612 flo8 knockout strain, producing secreted VHH under the control a pG1-3 promoter (CBS2612 delta_flo8 pG1-3 VHH). Long chemostat phase before retentostat initiation. Sample taken ~28 days after initiation. Replicate 3		PRJNA1013119	PRJNA1013119	460519	Komagataella phaffii	RNA-Seq	TRANSCRIPTOMIC	Inverse rRNA	Illumina NovaSeq 6000	7720281900	C029_R10	Transcriptomic analysis of recombinant Komagataella phaffii at near-zero growth rates	Illumina NovaSeq 6000 sequencing: RNA-Seq of K. phaffii: CBS2612		
SRR25915883	PASS	SRX21635721	SAMN37283810	SRP458584	Illumina NovaSeq 6000 sequencing: RNA-Seq of K. phaffii: CBS2612				Retentostat cultivation of a CBS2612 flo8 knockout strain, producing secreted VHH under the control a pG1-3 promoter (CBS2612 delta_flo8 pG1-3 VHH). Long chemostat phase before retentostat initiation. Sample taken ~28 days after initiation. Replicate 2		PRJNA1013119	PRJNA1013119	460519	Komagataella phaffii	RNA-Seq	TRANSCRIPTOMIC	Inverse rRNA	Illumina NovaSeq 6000	9197210100	C026_R10	Transcriptomic analysis of recombinant Komagataella phaffii at near-zero growth rates	Illumina NovaSeq 6000 sequencing: RNA-Seq of K. phaffii: CBS2612		
SRR25915884	PASS	SRX21635720	SAMN37283809	SRP458584	Illumina NovaSeq 6000 sequencing: RNA-Seq of K. phaffii: CBS2612				Retentostat cultivation of a CBS2612 flo8 knockout strain, producing secreted VHH under the control a pG1-3 promoter (CBS2612 delta_flo8 pG1-3 VHH). Long chemostat phase before retentostat initiation. Sample taken ~6 days after initiation. Replicate 2		PRJNA1013119	PRJNA1013119	460519	Komagataella phaffii	RNA-Seq	TRANSCRIPTOMIC	Inverse rRNA	Illumina NovaSeq 6000	8882175000	C026_R3	Transcriptomic analysis of recombinant Komagataella phaffii at near-zero growth rates	Illumina NovaSeq 6000 sequencing: RNA-Seq of K. phaffii: CBS2612		
SRR25915885	PASS	SRX21635719	SAMN37283808	SRP458584	Illumina NovaSeq 6000 sequencing: RNA-Seq of K. phaffii: CBS2612				Retentostat cultivation of a CBS2612 flo8 knockout strain, producing secreted VHH under the control a pG1-3 promoter (CBS2612 delta_flo8 pG1-3 VHH). Long chemostat phase before retentostat initiation. Sample taken during the chemostat phase (mu=0.025) preceding the retentostat. Replicate 2		PRJNA1013119	PRJNA1013119	460519	Komagataella phaffii	RNA-Seq	TRANSCRIPTOMIC	Inverse rRNA	Illumina NovaSeq 6000	8533971000	C026_SS_0.025	Transcriptomic analysis of recombinant Komagataella phaffii at near-zero growth rates	Illumina NovaSeq 6000 sequencing: RNA-Seq of K. phaffii: CBS2612		
SRR25915886	PASS	SRX21635718	SAMN37283807	SRP458584	Illumina NovaSeq 6000 sequencing: RNA-Seq of K. phaffii: CBS2612				Retentostat cultivation of a CBS2612 flo8 knockout strain, producing secreted VHH under the control a pG1-3 promoter (CBS2612 delta_flo8 pG1-3 VHH). Long chemostat phase before retentostat initiation. Sample taken ~28 days after initiation. Replicate 1		PRJNA1013119	PRJNA1013119	460519	Komagataella phaffii	RNA-Seq	TRANSCRIPTOMIC	Inverse rRNA	Illumina NovaSeq 6000	9193297500	C025_R10	Transcriptomic analysis of recombinant Komagataella phaffii at near-zero growth rates	Illumina NovaSeq 6000 sequencing: RNA-Seq of K. phaffii: CBS2612		
SRR25915887	PASS	SRX21635717	SAMN37283798	SRP458584	Illumina NovaSeq 6000 sequencing: RNA-Seq of K. phaffii: CBS2612				Retentostat cultivation of a CBS2612 flo8 knockout strain, producing secreted VHH under the control a pG1-3 promoter (CBS2612 delta_flo8 pG1-3 VHH). Short chemostat phase before retentostat initiation. Sample taken ~6 days after initiation. Replicate 1		PRJNA1013119	PRJNA1013119	460519	Komagataella phaffii	RNA-Seq	TRANSCRIPTOMIC	Inverse rRNA	Illumina NovaSeq 6000	8394762300	C023_R3	Transcriptomic analysis of recombinant Komagataella phaffii at near-zero growth rates	Illumina NovaSeq 6000 sequencing: RNA-Seq of K. phaffii: CBS2612		
SRR25915888	PASS	SRX21635716	SAMN37283797	SRP458584	Illumina NovaSeq 6000 sequencing: RNA-Seq of K. phaffii: CBS2612				Retentostat cultivation of a CBS2612 flo8 knockout strain, producing secreted VHH under the control a pG1-3 promoter (CBS2612 delta_flo8 pG1-3 VHH). Short chemostat phase before retentostat initiation. Sample taken during the chemostat phase (mu=0.025) preceding the retentostat. Replicate 1		PRJNA1013119	PRJNA1013119	460519	Komagataella phaffii	RNA-Seq	TRANSCRIPTOMIC	Inverse rRNA	Illumina NovaSeq 6000	9250329300	C023_SS_0.025	Transcriptomic analysis of recombinant Komagataella phaffii at near-zero growth rates	Illumina NovaSeq 6000 sequencing: RNA-Seq of K. phaffii: CBS2612		
SRR26855644	PASS	SRX22550824	SAMN38286235	SRP472421	Illumina NovaSeq 6000 sequencing: K.phaffii induced by methanol						PRJNA1041482	PRJNA1041482	460519	Komagataella phaffii	RNA-Seq	TRANSCRIPTOMIC	PolyA	Illumina NovaSeq 6000	7682565932	D3_M1	RNA-seq of K. phaffii without D3 sequence in AOX1 promoter	Illumina NovaSeq 6000 sequencing: K.phaffii induced by methanol		
SRR27441411	PASS	SRX23113694	SAMN39274390	SRP482147	NextSeq 500 sequencing: GSM8003808: ∆6 trastuzumab rep2 Komagataella phaffii RNA-Seq				∆6 trastuzumab rep2		GSE252605	PRJNA1061507	460519	Komagataella phaffii	RNA-Seq	TRANSCRIPTOMIC	cDNA	NextSeq 500	902310000	GSM8003808	CRISPR-Cas9 knockout screen informs efficient reduction of the Komagataella phaffii secretome	NextSeq 500 sequencing: GSM8003808: ∆6 trastuzumab rep2 Komagataella phaffii RNA-Seq	RNA was extracted and purified according to the Qiagen RNeasy kit (cat #74104) and RNA quality was analyzed to ensure RNA Quality Number >6.5. Sequencing libraries were prepared using the Nextera XT kit according to the manufacturer's instructions.	
SRR27441413	PASS	SRX23113692	SAMN39274392	SRP482147	NextSeq 500 sequencing: GSM8003806: ∆6 HSA rep3 Komagataella phaffii RNA-Seq				∆6 HSA rep3		GSE252605	PRJNA1061507	460519	Komagataella phaffii	RNA-Seq	TRANSCRIPTOMIC	cDNA	NextSeq 500	723211200	GSM8003806	CRISPR-Cas9 knockout screen informs efficient reduction of the Komagataella phaffii secretome	NextSeq 500 sequencing: GSM8003806: ∆6 HSA rep3 Komagataella phaffii RNA-Seq	RNA was extracted and purified according to the Qiagen RNeasy kit (cat #74104) and RNA quality was analyzed to ensure RNA Quality Number >6.5. Sequencing libraries were prepared using the Nextera XT kit according to the manufacturer's instructions.	
SRR27441416	PASS	SRX23113689	SAMN39274395	SRP482147	NextSeq 500 sequencing: GSM8003803: Base trastuzumab rep3 Komagataella phaffii RNA-Seq				Base trastuzumab rep3		GSE252605	PRJNA1061507	460519	Komagataella phaffii	RNA-Seq	TRANSCRIPTOMIC	cDNA	NextSeq 500	512237900	GSM8003803	CRISPR-Cas9 knockout screen informs efficient reduction of the Komagataella phaffii secretome	NextSeq 500 sequencing: GSM8003803: Base trastuzumab rep3 Komagataella phaffii RNA-Seq	RNA was extracted and purified according to the Qiagen RNeasy kit (cat #74104) and RNA quality was analyzed to ensure RNA Quality Number >6.5. Sequencing libraries were prepared using the Nextera XT kit according to the manufacturer's instructions.	
SRR28415818	PASS	SRX24020211	SAMN40573323	SRP497117	NextSeq 500 sequencing: RNA-seq of K. phaffii strain AH7_2				Keywords: GSC:MIxS MIGS:6.0		PRJNA1090687	PRJNA1090687	460519	Komagataella phaffii	RNA-Seq	TRANSCRIPTOMIC	PolyA	NextSeq 500	15258307500	AH7	Targeted gene regulation using dMAD7 in the methylotrophic yeast Komagataella phaffii	NextSeq 500 sequencing: RNA-seq of K. phaffii strain AH7_2		
SRR28415826	PASS	SRX24020203	SAMN40573326	SRP497117	NextSeq 500 sequencing: RNA-seq of K. phaffii strain TV1213_2				Keywords: GSC:MIxS MIGS:6.0		PRJNA1090687	PRJNA1090687	460519	Komagataella phaffii	RNA-Seq	TRANSCRIPTOMIC	PolyA	NextSeq 500	14976629400	TV1213	Targeted gene regulation using dMAD7 in the methylotrophic yeast Komagataella phaffii	NextSeq 500 sequencing: RNA-seq of K. phaffii strain TV1213_2		
SRR28415829	PASS	SRX24020200	SAMN40573325	SRP497117	NextSeq 500 sequencing: RNA-seq of K. phaffii strain AH11_3				Keywords: GSC:MIxS MIGS:6.0		PRJNA1090687	PRJNA1090687	460519	Komagataella phaffii	RNA-Seq	TRANSCRIPTOMIC	PolyA	NextSeq 500	16868753400	AH11	Targeted gene regulation using dMAD7 in the methylotrophic yeast Komagataella phaffii	NextSeq 500 sequencing: RNA-seq of K. phaffii strain AH11_3		
SRR28415831	PASS	SRX24020198	SAMN40573325	SRP497117	NextSeq 500 sequencing: RNA-seq of K. phaffii strain AH11_1				Keywords: GSC:MIxS MIGS:6.0		PRJNA1090687	PRJNA1090687	460519	Komagataella phaffii	RNA-Seq	TRANSCRIPTOMIC	PolyA	NextSeq 500	14789001600	AH11	Targeted gene regulation using dMAD7 in the methylotrophic yeast Komagataella phaffii	NextSeq 500 sequencing: RNA-seq of K. phaffii strain AH11_1		
SRR29232739	PASS	SRX24751503	SAMN41600356	SRP510774	Illumina HiSeq X sequencing: RNA-seq of K. phaffii: regular culture				Microbe sample from Komagataella phaffii		PRJNA1118181	PRJNA1118181	460519	Komagataella phaffii	RNA-Seq	TRANSCRIPTOMIC	cDNA_oligo_dT	Illumina HiSeq X	6232170300	3Q-regular	Gene expression pattern change upon H2O2 treatment in P. pastoris	Illumina HiSeq X sequencing: RNA-seq of K. phaffii: regular culture		
SRR30142514	PASS	SRX25610822	SAMN43044185	SRP524418	Illumina NovaSeq 6000 sequencing: RNA-seq of Komagataella phaffi GS115				Kp_LK00721		PRJNA1144800	PRJNA1144800	460519	Komagataella phaffii	RNA-Seq	TRANSCRIPTOMIC	cDNA	Illumina NovaSeq 6000	9892906034	I1G_B_1	Characterizing heterologous protein burden in Komagataella phaffii	Illumina NovaSeq 6000 sequencing: RNA-seq of Komagataella phaffi GS115		
SRR30142515	PASS	SRX25610821	SAMN43044184	SRP524418	Illumina NovaSeq 6000 sequencing: RNA-seq of Komagataella phaffi GS115				Kp_LK00712		PRJNA1144800	PRJNA1144800	460519	Komagataella phaffii	RNA-Seq	TRANSCRIPTOMIC	cDNA	Illumina NovaSeq 6000	10395287564	I1G_A_2	Characterizing heterologous protein burden in Komagataella phaffii	Illumina NovaSeq 6000 sequencing: RNA-seq of Komagataella phaffi GS115		
SRR30142517	PASS	SRX25610819	SAMN43044182	SRP524418	Illumina NovaSeq 6000 sequencing: RNA-seq of Komagataella phaffi GS115				GS115, Wild type		PRJNA1144800	PRJNA1144800	460519	Komagataella phaffii	RNA-Seq	TRANSCRIPTOMIC	cDNA	Illumina NovaSeq 6000	10484698590	GS115_C_2	Characterizing heterologous protein burden in Komagataella phaffii	Illumina NovaSeq 6000 sequencing: RNA-seq of Komagataella phaffi GS115		
SRR30142521	PASS	SRX25610815	SAMN43044204	SRP524418	Illumina NovaSeq 6000 sequencing: RNA-seq of Komagataella phaffi GS115				Kp_LK00882		PRJNA1144800	PRJNA1144800	460519	Komagataella phaffii	RNA-Seq	TRANSCRIPTOMIC	cDNA	Illumina NovaSeq 6000	7467153246	M6G_B_2	Characterizing heterologous protein burden in Komagataella phaffii	Illumina NovaSeq 6000 sequencing: RNA-seq of Komagataella phaffi GS115		
SRR30142522	PASS	SRX25610814	SAMN43044203	SRP524418	Illumina NovaSeq 6000 sequencing: RNA-seq of Komagataella phaffi GS115				Kp_LK00881		PRJNA1144800	PRJNA1144800	460519	Komagataella phaffii	RNA-Seq	TRANSCRIPTOMIC	cDNA	Illumina NovaSeq 6000	10438570204	M6G_B_1	Characterizing heterologous protein burden in Komagataella phaffii	Illumina NovaSeq 6000 sequencing: RNA-seq of Komagataella phaffi GS115		
SRR30142528	PASS	SRX25610808	SAMN43044198	SRP524418	Illumina NovaSeq 6000 sequencing: RNA-seq of Komagataella phaffi GS115				Kp_LK00852		PRJNA1144800	PRJNA1144800	460519	Komagataella phaffii	RNA-Seq	TRANSCRIPTOMIC	cDNA	Illumina NovaSeq 6000	10505587628	M1G_B_2	Characterizing heterologous protein burden in Komagataella phaffii	Illumina NovaSeq 6000 sequencing: RNA-seq of Komagataella phaffi GS115		
SRR30142529	PASS	SRX25610807	SAMN43044197	SRP524418	Illumina NovaSeq 6000 sequencing: RNA-seq of Komagataella phaffi GS115				Kp_LK00851		PRJNA1144800	PRJNA1144800	460519	Komagataella phaffii	RNA-Seq	TRANSCRIPTOMIC	cDNA	Illumina NovaSeq 6000	10734848512	M1G_B_1	Characterizing heterologous protein burden in Komagataella phaffii	Illumina NovaSeq 6000 sequencing: RNA-seq of Komagataella phaffi GS115		
SRR30142531	PASS	SRX25610805	SAMN43044195	SRP524418	Illumina NovaSeq 6000 sequencing: RNA-seq of Komagataella phaffi GS115				Kp_LK00841		PRJNA1144800	PRJNA1144800	460519	Komagataella phaffii	RNA-Seq	TRANSCRIPTOMIC	cDNA	Illumina NovaSeq 6000	10258451062	M1G_A_1	Characterizing heterologous protein burden in Komagataella phaffii	Illumina NovaSeq 6000 sequencing: RNA-seq of Komagataella phaffi GS115		
SRR30142532	PASS	SRX25610804	SAMN43044212	SRP524418	Illumina NovaSeq 6000 sequencing: RNA-seq of Komagataella phaffi GS115				Kp_LK01032		PRJNA1144800	PRJNA1144800	460519	Komagataella phaffii	RNA-Seq	TRANSCRIPTOMIC	cDNA	Illumina NovaSeq 6000	10472846902	I1S_C_2	Characterizing heterologous protein burden in Komagataella phaffii	Illumina NovaSeq 6000 sequencing: RNA-seq of Komagataella phaffi GS115		
SRR30142534	PASS	SRX25610802	SAMN43044210	SRP524418	Illumina NovaSeq 6000 sequencing: RNA-seq of Komagataella phaffi GS115				Kp_LK01022		PRJNA1144800	PRJNA1144800	460519	Komagataella phaffii	RNA-Seq	TRANSCRIPTOMIC	cDNA	Illumina NovaSeq 6000	10975371882	I1S_B_2	Characterizing heterologous protein burden in Komagataella phaffii	Illumina NovaSeq 6000 sequencing: RNA-seq of Komagataella phaffi GS115		
SRR30142536	PASS	SRX25610800	SAMN43044179	SRP524418	Illumina NovaSeq 6000 sequencing: RNA-seq of Komagataella phaffi GS115				GS115, Wild type		PRJNA1144800	PRJNA1144800	460519	Komagataella phaffii	RNA-Seq	TRANSCRIPTOMIC	cDNA	Illumina NovaSeq 6000	9668518524	GS115_B_1	Characterizing heterologous protein burden in Komagataella phaffii	Illumina NovaSeq 6000 sequencing: RNA-seq of Komagataella phaffi GS115		
SRR30142546	PASS	SRX25610790	SAMN43044187	SRP524418	Illumina NovaSeq 6000 sequencing: RNA-seq of Komagataella phaffi GS115				Kp_LK00731		PRJNA1144800	PRJNA1144800	460519	Komagataella phaffii	RNA-Seq	TRANSCRIPTOMIC	cDNA	Illumina NovaSeq 6000	10248743876	I1G_C_1	Characterizing heterologous protein burden in Komagataella phaffii	Illumina NovaSeq 6000 sequencing: RNA-seq of Komagataella phaffi GS115		
SRR30806801	FAIL(4,6,7)	SRX26207603	SAMN43943129	SRP534992	Illumina NovaSeq 6000 sequencing: GSM8539956: K. phaffii, N Starvation, rep2 Komagataella phaffii RNA-Seq				K. phaffii, N Starvation, rep2		GSE278110	PRJNA1165720	460519	Komagataella phaffii	RNA-Seq	TRANSCRIPTOMIC	cDNA	Illumina NovaSeq 6000	182096000	GSM8539956	Specific features of the transcriptomic response to nitrogen starvation in methylotrophic yeast Komagataella phaffi	Illumina NovaSeq 6000 sequencing: GSM8539956: K. phaffii, N Starvation, rep2 Komagataella phaffii RNA-Seq	RNA was harvested using YeaStar RNA Kit (Zymo Research, USA). 300 ng of total RNA was used for the construction of sequencing libraries. RNA libraries for RNA-seq were prepared using the QuantSeq 3′ mRNA-Seq Library Prep Kit FWD for Illumina (Lexogen, Austria) following manufacturer's protocols.	
SRR31155560	PASS	SRX26539113	SAMN44500168	SRP541930	HiSeq X Ten sequencing: RNA seq GS115 R2 Control Induced in YNBM				RNA seq GS115 R2 Control Induced in YNBM		PRJNA1179660	PRJNA1179660	460519	Komagataella phaffii	RNA-Seq	TRANSCRIPTOMIC	cDNA	HiSeq X Ten	1591272428	M1Rep2	Synthetic transcription factors establish the function of nine amino acid transactivation domains of Komagataella phaffii Mxr1	HiSeq X Ten sequencing: RNA seq GS115 R2 Control Induced in YNBM		
SRR31155563	WARN(3,4)	SRX26539110	SAMN44500165	SRP541930	HiSeq X Ten sequencing: RNA seq mxr1: Mxr1N400 TAD-A R3 test stain induced in YNBE				RNA seq mxr1: Mxr1N400 TAD-A R3 test stain induced in YNBE		PRJNA1179660	PRJNA1179660	460519	Komagataella phaffii	RNA-Seq	TRANSCRIPTOMIC	cDNA	HiSeq X Ten	4604799058	E2Rep3	Synthetic transcription factors establish the function of nine amino acid transactivation domains of Komagataella phaffii Mxr1	HiSeq X Ten sequencing: RNA seq mxr1: Mxr1N400 TAD-A R3 test stain induced in YNBE		
SRR31155564	WARN(3,4)	SRX26539109	SAMN44500164	SRP541930	HiSeq X Ten sequencing: RNA seq mxr1: Mxr1N400 TAD-A R2 test stain induced in YNBE				RNA seq mxr1: Mxr1N400 TAD-A R2 test stain induced in YNBE		PRJNA1179660	PRJNA1179660	460519	Komagataella phaffii	RNA-Seq	TRANSCRIPTOMIC	cDNA	HiSeq X Ten	3390460078	E2Rep2	Synthetic transcription factors establish the function of nine amino acid transactivation domains of Komagataella phaffii Mxr1	HiSeq X Ten sequencing: RNA seq mxr1: Mxr1N400 TAD-A R2 test stain induced in YNBE		
SRR31155568	PASS	SRX26539105	SAMN44500174	SRP541930	HiSeq X Ten sequencing: RNA seq mxr1: Mxr1N400 TAD-A R4 test stain induced in YNBM				RNA seq mxr1: Mxr1N400 TAD-A R4 test stain induced in YNBM		PRJNA1179660	PRJNA1179660	460519	Komagataella phaffii	RNA-Seq	TRANSCRIPTOMIC	cDNA	HiSeq X Ten	1870338850	M2Rep4	Synthetic transcription factors establish the function of nine amino acid transactivation domains of Komagataella phaffii Mxr1	HiSeq X Ten sequencing: RNA seq mxr1: Mxr1N400 TAD-A R4 test stain induced in YNBM		
SRR31155571	WARN(3)	SRX26539102	SAMN44500171	SRP541930	HiSeq X Ten sequencing: RNA seq mxr1: Mxr1N400 TAD-A R1 test stain induced in YNBM				RNA seq mxr1: Mxr1N400 TAD-A R1 test stain induced in YNBM		PRJNA1179660	PRJNA1179660	460519	Komagataella phaffii	RNA-Seq	TRANSCRIPTOMIC	cDNA	HiSeq X Ten	1624058756	M2Rep1	Synthetic transcription factors establish the function of nine amino acid transactivation domains of Komagataella phaffii Mxr1	HiSeq X Ten sequencing: RNA seq mxr1: Mxr1N400 TAD-A R1 test stain induced in YNBM		
SRR31155575	WARN(3,4)	SRX26539098	SAMN44500159	SRP541930	HiSeq X Ten sequencing: RNA seq GS115 R1 Control Induced in YNBE				RNA seq GS115 R1 Control Induced in YNBE		PRJNA1179660	PRJNA1179660	460519	Komagataella phaffii	RNA-Seq	TRANSCRIPTOMIC	cDNA	HiSeq X Ten	4395810226	E1Rep1	Synthetic transcription factors establish the function of nine amino acid transactivation domains of Komagataella phaffii Mxr1	HiSeq X Ten sequencing: RNA seq GS115 R1 Control Induced in YNBE		
SRR3182735	PASS	SRX1596774	SAMN04506115	SRP070669	NextSeq 550 sequencing: K_phaffii_GS115-B-0-G				K_phaffii_GS115 high density 0h glycerol		PRJNA311606	PRJNA311606	460519	Komagataella phaffii	RNA-Seq	TRANSCRIPTOMIC	unspecified	NextSeq 550	2652631496	K_phaffii_GS115-B-0-G	Pichia pastoris transcriptomic studies	NextSeq 550 sequencing: K_phaffii_GS115-B-0-G		
SRR3182737	PASS	SRX1596776	SAMN04506117	SRP070669	NextSeq 550 sequencing: K_phaffii_GS115-B-48-M				K_phaffii_GS115 high density 48h methanol		PRJNA311606	PRJNA311606	460519	Komagataella phaffii	RNA-Seq	TRANSCRIPTOMIC	unspecified	NextSeq 550	925250448	K_phaffii_GS115-B-48-M	Pichia pastoris transcriptomic studies	NextSeq 550 sequencing: K_phaffii_GS115-B-48-M		
SRR3182742	PASS	SRX1596781	SAMN04506121	SRP070669	NextSeq 550 sequencing: K_phaffii_GS115-A-0-G				K_phaffii_GS115 low density 0h glycerol		PRJNA311606	PRJNA311606	460519	Komagataella phaffii	RNA-Seq	TRANSCRIPTOMIC	unspecified	NextSeq 550	662386968	K_phaffii_GS115-A-0-G	Pichia pastoris transcriptomic studies	NextSeq 550 sequencing: K_phaffii_GS115-A-0-G		
SRR3182751	PASS	SRX1596790	SAMN04506129	SRP070669	NextSeq 550 sequencing: K_phaffii_GS115-A-6-G				K_phaffii_GS115 low density 6h glycerol		PRJNA311606	PRJNA311606	460519	Komagataella phaffii	RNA-Seq	TRANSCRIPTOMIC	unspecified	NextSeq 550	877879648	K_phaffii_GS115-A-6-G	Pichia pastoris transcriptomic studies	NextSeq 550 sequencing: K_phaffii_GS115-A-6-G		
SRR3182754	PASS	SRX1596793	SAMN04506132	SRP070669	NextSeq 550 sequencing: K_phaffii_WT-B-24-M				K_phaffii_WT high density 24h methanol		PRJNA311606	PRJNA311606	460519	Komagataella phaffii	RNA-Seq	TRANSCRIPTOMIC	unspecified	NextSeq 550	1368668192	K_phaffii_WT-B-24-M	Pichia pastoris transcriptomic studies	NextSeq 550 sequencing: K_phaffii_WT-B-24-M		
SRR3182755	PASS	SRX1596794	SAMN04506133	SRP070669	NextSeq 550 sequencing: K_phaffii_WT-B-48-M				K_phaffii_WT high density 48h methanol		PRJNA311606	PRJNA311606	460519	Komagataella phaffii	RNA-Seq	TRANSCRIPTOMIC	unspecified	NextSeq 550	1205812504	K_phaffii_WT-B-48-M	Pichia pastoris transcriptomic studies	NextSeq 550 sequencing: K_phaffii_WT-B-48-M		
SRR3182756	PASS	SRX1610454	SAMN04506134	SRP070669	NextSeq 550 sequencing: K_phaffii_WT-B-6-D-R1				K_phaffii_WT high density 6h glucose		PRJNA311606	PRJNA311606	460519	Komagataella phaffii	RNA-Seq	TRANSCRIPTOMIC	unspecified	NextSeq 550	673352248	K_phaffii_WT-B-6-D	Pichia pastoris transcriptomic studies	NextSeq 550 sequencing: K_phaffii_WT-B-6-D-R1		
SRR3182757	WARN(1,5,7)	SRX1610459	SAMN04506135	SRP070669	NextSeq 550 sequencing: K_phaffii_WT-B-6-G-R2				K_phaffii_WT high density 6h glycerol		PRJNA311606	PRJNA311606	460519	Komagataella phaffii	RNA-Seq	TRANSCRIPTOMIC	unspecified	NextSeq 550	323796024	K_phaffii_WT-B-6-G	Pichia pastoris transcriptomic studies	NextSeq 550 sequencing: K_phaffii_WT-B-6-G-R2		
SRR31989002	PASS	SRX27343969	SAMN46238840	SRP557139	BGISEQ-500 sequencing: RNA-Seq of a vanillin-producing Komagataella phaffi GS115						PRJNA1210090	PRJNA1210090	460519	Komagataella phaffii	RNA-Seq	TRANSCRIPTOMIC	RANDOM PCR	BGISEQ-500	6805970400	FE_0h_1	Ferulic acid tolerance mechanisms in a vanillin-producing Komagataella phaffii	BGISEQ-500 sequencing: RNA-Seq of a vanillin-producing Komagataella phaffi GS115		
SRR31989003	PASS	SRX27343968	SAMN46238839	SRP557139	BGISEQ-500 sequencing: RNA-Seq of wild type Komagataella phaffii GS115						PRJNA1210090	PRJNA1210090	460519	Komagataella phaffii	RNA-Seq	TRANSCRIPTOMIC	RANDOM PCR	BGISEQ-500	6822673500	WT_48h_3	Ferulic acid tolerance mechanisms in a vanillin-producing Komagataella phaffii	BGISEQ-500 sequencing: RNA-Seq of wild type Komagataella phaffii GS115		
SRR31989005	PASS	SRX27343966	SAMN46238837	SRP557139	BGISEQ-500 sequencing: RNA-Seq of wild type Komagataella phaffii GS115						PRJNA1210090	PRJNA1210090	460519	Komagataella phaffii	RNA-Seq	TRANSCRIPTOMIC	RANDOM PCR	BGISEQ-500	6809749500	WT_48h_1	Ferulic acid tolerance mechanisms in a vanillin-producing Komagataella phaffii	BGISEQ-500 sequencing: RNA-Seq of wild type Komagataella phaffii GS115		
SRR31989007	PASS	SRX27343964	SAMN46238835	SRP557139	BGISEQ-500 sequencing: RNA-Seq of wild type Komagataella phaffii GS115						PRJNA1210090	PRJNA1210090	460519	Komagataella phaffii	RNA-Seq	TRANSCRIPTOMIC	RANDOM PCR	BGISEQ-500	6786662700	WT_24h_2	Ferulic acid tolerance mechanisms in a vanillin-producing Komagataella phaffii	BGISEQ-500 sequencing: RNA-Seq of wild type Komagataella phaffii GS115		
SRR31989008	PASS	SRX27343963	SAMN46238834	SRP557139	BGISEQ-500 sequencing: RNA-Seq of wild type Komagataella phaffii GS115						PRJNA1210090	PRJNA1210090	460519	Komagataella phaffii	RNA-Seq	TRANSCRIPTOMIC	RANDOM PCR	BGISEQ-500	6752013900	WT_24h_1	Ferulic acid tolerance mechanisms in a vanillin-producing Komagataella phaffii	BGISEQ-500 sequencing: RNA-Seq of wild type Komagataella phaffii GS115		
SRR31989009	PASS	SRX27343962	SAMN46238857	SRP557139	BGISEQ-500 sequencing: RNA-Seq of a vanillin-producing Komagataella phaffii GS115						PRJNA1210090	PRJNA1210090	460519	Komagataella phaffii	RNA-Seq	TRANSCRIPTOMIC	RANDOM PCR	BGISEQ-500	6824799300	FE(I)_48h_3	Ferulic acid tolerance mechanisms in a vanillin-producing Komagataella phaffii	BGISEQ-500 sequencing: RNA-Seq of a vanillin-producing Komagataella phaffii GS115		
SRR31989011	PASS	SRX27343960	SAMN46238855	SRP557139	BGISEQ-500 sequencing: RNA-Seq of a vanillin-producing Komagataella phaffii GS115						PRJNA1210090	PRJNA1210090	460519	Komagataella phaffii	RNA-Seq	TRANSCRIPTOMIC	RANDOM PCR	BGISEQ-500	6584207700	FE(I)_48h_1	Ferulic acid tolerance mechanisms in a vanillin-producing Komagataella phaffii	BGISEQ-500 sequencing: RNA-Seq of a vanillin-producing Komagataella phaffii GS115		
SRR31989012	PASS	SRX27343959	SAMN46238854	SRP557139	BGISEQ-500 sequencing: RNA-Seq of a vanillin-producing Komagataella phaffii GS115						PRJNA1210090	PRJNA1210090	460519	Komagataella phaffii	RNA-Seq	TRANSCRIPTOMIC	RANDOM PCR	BGISEQ-500	6613242900	FE(I)_24h_3	Ferulic acid tolerance mechanisms in a vanillin-producing Komagataella phaffii	BGISEQ-500 sequencing: RNA-Seq of a vanillin-producing Komagataella phaffii GS115		
SRR31989019	PASS	SRX27343952	SAMN46238848	SRP557139	BGISEQ-500 sequencing: RNA-Seq of a vanillin-producing Komagataella phaffii GS115						PRJNA1210090	PRJNA1210090	460519	Komagataella phaffii	RNA-Seq	TRANSCRIPTOMIC	RANDOM PCR	BGISEQ-500	6641798100	FE_48h_3	Ferulic acid tolerance mechanisms in a vanillin-producing Komagataella phaffii	BGISEQ-500 sequencing: RNA-Seq of a vanillin-producing Komagataella phaffii GS115		
SRR31989021	PASS	SRX27343950	SAMN46238846	SRP557139	BGISEQ-500 sequencing: RNA-Seq of a vanillin-producing Komagataella phaffii GS115						PRJNA1210090	PRJNA1210090	460519	Komagataella phaffii	RNA-Seq	TRANSCRIPTOMIC	RANDOM PCR	BGISEQ-500	6595640700	FE_48h_1	Ferulic acid tolerance mechanisms in a vanillin-producing Komagataella phaffii	BGISEQ-500 sequencing: RNA-Seq of a vanillin-producing Komagataella phaffii GS115		
SRR31989024	PASS	SRX27343947	SAMN46238843	SRP557139	BGISEQ-500 sequencing: RNA-Seq of a vanillin-producing Komagataella phaffii GS115						PRJNA1210090	PRJNA1210090	460519	Komagataella phaffii	RNA-Seq	TRANSCRIPTOMIC	RANDOM PCR	BGISEQ-500	6578985600	FE_24h_1	Ferulic acid tolerance mechanisms in a vanillin-producing Komagataella phaffii	BGISEQ-500 sequencing: RNA-Seq of a vanillin-producing Komagataella phaffii GS115		
SRR31989025	PASS	SRX27343946	SAMN46238842	SRP557139	BGISEQ-500 sequencing: RNA-Seq of a vanillin-producing Komagataella phaffii GS115						PRJNA1210090	PRJNA1210090	460519	Komagataella phaffii	RNA-Seq	TRANSCRIPTOMIC	RANDOM PCR	BGISEQ-500	6715790400	FE_0h_3	Ferulic acid tolerance mechanisms in a vanillin-producing Komagataella phaffii	BGISEQ-500 sequencing: RNA-Seq of a vanillin-producing Komagataella phaffii GS115		
SRR31989027	PASS	SRX27343944	SAMN46238832	SRP557139	BGISEQ-500 sequencing: RNA-Seq of wild type Komagataella phaffii GS115						PRJNA1210090	PRJNA1210090	460519	Komagataella phaffii	RNA-Seq	TRANSCRIPTOMIC	RANDOM PCR	BGISEQ-500	6658471500	WT_0h_2	Ferulic acid tolerance mechanisms in a vanillin-producing Komagataella phaffii	BGISEQ-500 sequencing: RNA-Seq of wild type Komagataella phaffii GS115		
SRR3200651	PASS	SRX1610456	SAMN04506134	SRP070669	NextSeq 550 sequencing: K_phaffii_WT-B-6-D-R3				K_phaffii_WT high density 6h glucose		PRJNA311606	PRJNA311606	460519	Komagataella phaffii	RNA-Seq	TRANSCRIPTOMIC	unspecified	NextSeq 550	886794904	K_phaffii_WT-B-6-D	Pichia pastoris transcriptomic studies	NextSeq 550 sequencing: K_phaffii_WT-B-6-D-R3		
SRR3200659	PASS	SRX1610468	SAMN04506137	SRP070669	NextSeq 550 sequencing: K_phaffii_WT-A-0-G-R3				K_phaffii_WT low density 0h glycerol		PRJNA311606	PRJNA311606	460519	Komagataella phaffii	RNA-Seq	TRANSCRIPTOMIC	unspecified	NextSeq 550	1570528448	K_phaffii_WT-A-0-G	Pichia pastoris transcriptomic studies	NextSeq 550 sequencing: K_phaffii_WT-A-0-G-R3		
SRR3200660	PASS	SRX1610469	SAMN04506138	SRP070669	NextSeq 550 sequencing: K_phaffii_WT-A-24-D-R1				K_phaffii_WT low density 24h glucose		PRJNA311606	PRJNA311606	460519	Komagataella phaffii	RNA-Seq	TRANSCRIPTOMIC	unspecified	NextSeq 550	993671576	K_phaffii_WT-A-24-D	Pichia pastoris transcriptomic studies	NextSeq 550 sequencing: K_phaffii_WT-A-24-D-R1		
SRR3200665	PASS	SRX1610476	SAMN04506140	SRP070669	NextSeq 550 sequencing: K_phaffii_WT-A-24-M-R1				K_phaffii_WT low density 24h methanol		PRJNA311606	PRJNA311606	460519	Komagataella phaffii	RNA-Seq	TRANSCRIPTOMIC	unspecified	NextSeq 550	887497600	K_phaffii_WT-A-24-M	Pichia pastoris transcriptomic studies	NextSeq 550 sequencing: K_phaffii_WT-A-24-M-R1		
SRR3200666	WARN(5,7)	SRX1610477	SAMN04506140	SRP070669	NextSeq 550 sequencing: K_phaffii_WT-A-24-M-R2				K_phaffii_WT low density 24h methanol		PRJNA311606	PRJNA311606	460519	Komagataella phaffii	RNA-Seq	TRANSCRIPTOMIC	unspecified	NextSeq 550	448728776	K_phaffii_WT-A-24-M	Pichia pastoris transcriptomic studies	NextSeq 550 sequencing: K_phaffii_WT-A-24-M-R2		
SRR3200668	PASS	SRX1610479	SAMN04506141	SRP070669	NextSeq 550 sequencing: K_phaffii_WT-A-48-D-R3				K_phaffii_WT low density 48h glucose		PRJNA311606	PRJNA311606	460519	Komagataella phaffii	RNA-Seq	TRANSCRIPTOMIC	unspecified	NextSeq 550	980648672	K_phaffii_WT-A-48-D	Pichia pastoris transcriptomic studies	NextSeq 550 sequencing: K_phaffii_WT-A-48-D-R3		
SRR3200670	WARN(5,7)	SRX1610481	SAMN04506142	SRP070669	NextSeq 550 sequencing: K_phaffii_WT-A-48-G-R3				K_phaffii_WT low density 48h glycerol		PRJNA311606	PRJNA311606	460519	Komagataella phaffii	RNA-Seq	TRANSCRIPTOMIC	unspecified	NextSeq 550	426087312	K_phaffii_WT-A-48-G	Pichia pastoris transcriptomic studies	NextSeq 550 sequencing: K_phaffii_WT-A-48-G-R3		
SRR3200674	PASS	SRX1610485	SAMN04506144	SRP070669	NextSeq 550 sequencing: K_phaffii_WT-A-6-D-R1				K_phaffii_WT low density 6h glucose		PRJNA311606	PRJNA311606	460519	Komagataella phaffii	RNA-Seq	TRANSCRIPTOMIC	unspecified	NextSeq 550	850827600	K_phaffii_WT-A-6-D	Pichia pastoris transcriptomic studies	NextSeq 550 sequencing: K_phaffii_WT-A-6-D-R1		
SRR3200676	PASS	SRX1610487	SAMN04506145	SRP070669	NextSeq 550 sequencing: K_phaffii_WT-A-6-G-R1				K_phaffii_WT low density 6h glycerol		PRJNA311606	PRJNA311606	460519	Komagataella phaffii	RNA-Seq	TRANSCRIPTOMIC	unspecified	NextSeq 550	1450337792	K_phaffii_WT-A-6-G	Pichia pastoris transcriptomic studies	NextSeq 550 sequencing: K_phaffii_WT-A-6-G-R1		
SRR3200679	PASS	SRX1610490	SAMN04506146	SRP070669	NextSeq 550 sequencing: K_phaffii_WT-A-6-M-R2				K_phaffii_WT low density 6h methanol		PRJNA311606	PRJNA311606	460519	Komagataella phaffii	RNA-Seq	TRANSCRIPTOMIC	unspecified	NextSeq 550	1312644032	K_phaffii_WT-A-6-M	Pichia pastoris transcriptomic studies	NextSeq 550 sequencing: K_phaffii_WT-A-6-M-R2		
SRR3200740	PASS	SRX1610560	SAMN04506117	SRP070669	NextSeq 550 sequencing: K_phaffii_GS115-B-48-M-R2				K_phaffii_GS115 high density 48h methanol		PRJNA311606	PRJNA311606	460519	Komagataella phaffii	RNA-Seq	TRANSCRIPTOMIC	unspecified	NextSeq 550	935625664	K_phaffii_GS115-B-48-M	Pichia pastoris transcriptomic studies	NextSeq 550 sequencing: K_phaffii_GS115-B-48-M-R2		
SRR3200742	PASS	SRX1610562	SAMN04506118	SRP070669	NextSeq 550 sequencing: K_phaffii_GS115-B-6-D-R2				K_phaffii_GS115 high density 6h glucose		PRJNA311606	PRJNA311606	460519	Komagataella phaffii	RNA-Seq	TRANSCRIPTOMIC	unspecified	NextSeq 550	2320175424	K_phaffii_GS115-B-6-D	Pichia pastoris transcriptomic studies	NextSeq 550 sequencing: K_phaffii_GS115-B-6-D-R2		
SRR3200749	PASS	SRX1610569	SAMN04506121	SRP070669	NextSeq 550 sequencing: K_phaffii_GS115-A-0-G-R1				K_phaffii_GS115 low density 0h glycerol		PRJNA311606	PRJNA311606	460519	Komagataella phaffii	RNA-Seq	TRANSCRIPTOMIC	unspecified	NextSeq 550	1388267528	K_phaffii_GS115-A-0-G	Pichia pastoris transcriptomic studies	NextSeq 550 sequencing: K_phaffii_GS115-A-0-G-R1		
SRR3200754	PASS	SRX1610574	SAMN04506123	SRP070669	NextSeq 550 sequencing: K_phaffii_GS115-A-24-G-R2				K_phaffii_GS115 low density 24h glycerol		PRJNA311606	PRJNA311606	460519	Komagataella phaffii	RNA-Seq	TRANSCRIPTOMIC	unspecified	NextSeq 550	1033528864	K_phaffii_GS115-A-24-G	Pichia pastoris transcriptomic studies	NextSeq 550 sequencing: K_phaffii_GS115-A-24-G-R2		
SRR3200755	PASS	SRX1610575	SAMN04506124	SRP070669	NextSeq 550 sequencing: K_phaffii_GS115-A-24-M-R1				K_phaffii_GS115 low density 24h methanol		PRJNA311606	PRJNA311606	460519	Komagataella phaffii	RNA-Seq	TRANSCRIPTOMIC	unspecified	NextSeq 550	1058176880	K_phaffii_GS115-A-24-M	Pichia pastoris transcriptomic studies	NextSeq 550 sequencing: K_phaffii_GS115-A-24-M-R1		
SRR3200756	WARN(5,7)	SRX1610576	SAMN04506124	SRP070669	NextSeq 550 sequencing: K_phaffii_GS115-A-24-M-R2				K_phaffii_GS115 low density 24h methanol		PRJNA311606	PRJNA311606	460519	Komagataella phaffii	RNA-Seq	TRANSCRIPTOMIC	unspecified	NextSeq 550	493877640	K_phaffii_GS115-A-24-M	Pichia pastoris transcriptomic studies	NextSeq 550 sequencing: K_phaffii_GS115-A-24-M-R2		
SRR3200757	PASS	SRX1610577	SAMN04506125	SRP070669	NextSeq 550 sequencing: K_phaffii_GS115-A-48-D-R1				K_phaffii_GS115 low density 48h glucose		PRJNA311606	PRJNA311606	460519	Komagataella phaffii	RNA-Seq	TRANSCRIPTOMIC	unspecified	NextSeq 550	1384623024	K_phaffii_GS115-A-48-D	Pichia pastoris transcriptomic studies	NextSeq 550 sequencing: K_phaffii_GS115-A-48-D-R1		
SRR3200758	PASS	SRX1610578	SAMN04506125	SRP070669	NextSeq 550 sequencing: K_phaffii_GS115-A-48-D-R3				K_phaffii_GS115 low density 48h glucose		PRJNA311606	PRJNA311606	460519	Komagataella phaffii	RNA-Seq	TRANSCRIPTOMIC	unspecified	NextSeq 550	1135958928	K_phaffii_GS115-A-48-D	Pichia pastoris transcriptomic studies	NextSeq 550 sequencing: K_phaffii_GS115-A-48-D-R3		
SRR3201092	PASS	SRX1610888	SAMN04506130	SRP070669	NextSeq 550 sequencing: K_phaffii_GS115-A-6-M-R1				K_phaffii_GS115 low density 6h methanol		PRJNA311606	PRJNA311606	460519	Komagataella phaffii	RNA-Seq	TRANSCRIPTOMIC	unspecified	NextSeq 550	1057151792	K_phaffii_GS115-A-6-M	Pichia pastoris transcriptomic studies	NextSeq 550 sequencing: K_phaffii_GS115-A-6-M-R1		
SRR3201093	PASS	SRX1610889	SAMN04506130	SRP070669	NextSeq 550 sequencing: K_phaffii_GS115-A-6-M-R3				K_phaffii_GS115 low density 6h methanol		PRJNA311606	PRJNA311606	460519	Komagataella phaffii	RNA-Seq	TRANSCRIPTOMIC	unspecified	NextSeq 550	554592824	K_phaffii_GS115-A-6-M	Pichia pastoris transcriptomic studies	NextSeq 550 sequencing: K_phaffii_GS115-A-6-M-R3		
SRR3201096	PASS	SRX1610892	SAMN04506132	SRP070669	NextSeq 550 sequencing: K_phaffii_WT-B-24-M-R1				K_phaffii_WT high density 24h methanol		PRJNA311606	PRJNA311606	460519	Komagataella phaffii	RNA-Seq	TRANSCRIPTOMIC	unspecified	NextSeq 550	1088205392	K_phaffii_WT-B-24-M	Pichia pastoris transcriptomic studies	NextSeq 550 sequencing: K_phaffii_WT-B-24-M-R1		
SRR32475750	PASS	SRX27789704	SAMN46974849	SRP566044	Illumina HiSeq 1500 sequencing: 6				Microbe sample from Komagataella phaffii		PRJNA1227200	PRJNA1227200	460519	Komagataella phaffii	RNA-Seq	TRANSCRIPTOMIC	RANDOM	Illumina HiSeq 1500	6863311192	HS373	Komagataella phaffii Raw sequence reads	Illumina HiSeq 1500 sequencing: 6		
SRR32475754	PASS	SRX27789700	SAMN46974845	SRP566044	Illumina HiSeq 1500 sequencing: 2				Microbe sample from Komagataella phaffii		PRJNA1227200	PRJNA1227200	460519	Komagataella phaffii	RNA-Seq	TRANSCRIPTOMIC	RANDOM	Illumina HiSeq 1500	7092017000	ppHis2	Komagataella phaffii Raw sequence reads	Illumina HiSeq 1500 sequencing: 2		
SRR33569622	PASS	SRX28799642	SAMN48502108	SRP585318	Illumina NovaSeq X sequencing: GSM8984409: rim101 strain T=60 min (pH 8.0), replicate 1 Komagataella phaffii RNA-Seq				rim101 strain T=60 min (pH 8.0), replicate 1		GSE297128	PRJNA1262845	460519	Komagataella phaffii	RNA-Seq	TRANSCRIPTOMIC	cDNA	Illumina NovaSeq X	13530117600	GSM8984409	The contribution of the transcription factors Crz1 and Rim101 to the response to alkalinization in Komagataella phaffii	Illumina NovaSeq X sequencing: GSM8984409: rim101 strain T=60 min (pH 8.0), replicate 1 Komagataella phaffii RNA-Seq	Total RNA was extracted with the Ribo Pure™-Yeast kit (Ambion) following the manufacturer's instructions. The quality was assessed by capillary electrophoresis in a Bioanalyzer equipment and RNA amounts quantified by measuring the A260 in a Nanodrop ND-1000 Spectrophotometer. mRNA was purified from total RNA using poly-T oligo-attached magnetic beads. After fragmentation, the first strand cDNA was synthesized using random hexamer primers, followed by the second strand cDNA synthesis using dTTP (non-directional library). The library was ready after end repair, A-tailing, adapter ligation, size selection, amplification, and purification, and was checked by Qubit™ assay (Thermofisher) and real-time PCR for quantification and size distribution monitored with a Bioanalyzer.	
SRR33569624	PASS	SRX28799640	SAMN48502111	SRP585318	Illumina NovaSeq X sequencing: GSM8984407: rim101 strain T=30 min (pH 8.0), replicate 1 Komagataella phaffii RNA-Seq				rim101 strain T=30 min (pH 8.0), replicate 1		GSE297128	PRJNA1262845	460519	Komagataella phaffii	RNA-Seq	TRANSCRIPTOMIC	cDNA	Illumina NovaSeq X	4352599800	GSM8984407	The contribution of the transcription factors Crz1 and Rim101 to the response to alkalinization in Komagataella phaffii	Illumina NovaSeq X sequencing: GSM8984407: rim101 strain T=30 min (pH 8.0), replicate 1 Komagataella phaffii RNA-Seq	Total RNA was extracted with the Ribo Pure™-Yeast kit (Ambion) following the manufacturer's instructions. The quality was assessed by capillary electrophoresis in a Bioanalyzer equipment and RNA amounts quantified by measuring the A260 in a Nanodrop ND-1000 Spectrophotometer. mRNA was purified from total RNA using poly-T oligo-attached magnetic beads. After fragmentation, the first strand cDNA was synthesized using random hexamer primers, followed by the second strand cDNA synthesis using dTTP (non-directional library). The library was ready after end repair, A-tailing, adapter ligation, size selection, amplification, and purification, and was checked by Qubit™ assay (Thermofisher) and real-time PCR for quantification and size distribution monitored with a Bioanalyzer.	
SRR33569626	PASS	SRX28799639	SAMN48502113	SRP585318	Illumina NovaSeq X sequencing: GSM8984406: rim101 strain T=15 min (pH 8.0), replicate 2 Komagataella phaffii RNA-Seq				rim101 strain T=15 min (pH 8.0), replicate 2		GSE297128	PRJNA1262845	460519	Komagataella phaffii	RNA-Seq	TRANSCRIPTOMIC	cDNA	Illumina NovaSeq X	4571181900	GSM8984406	The contribution of the transcription factors Crz1 and Rim101 to the response to alkalinization in Komagataella phaffii	Illumina NovaSeq X sequencing: GSM8984406: rim101 strain T=15 min (pH 8.0), replicate 2 Komagataella phaffii RNA-Seq	Total RNA was extracted with the Ribo Pure™-Yeast kit (Ambion) following the manufacturer's instructions. The quality was assessed by capillary electrophoresis in a Bioanalyzer equipment and RNA amounts quantified by measuring the A260 in a Nanodrop ND-1000 Spectrophotometer. mRNA was purified from total RNA using poly-T oligo-attached magnetic beads. After fragmentation, the first strand cDNA was synthesized using random hexamer primers, followed by the second strand cDNA synthesis using dTTP (non-directional library). The library was ready after end repair, A-tailing, adapter ligation, size selection, amplification, and purification, and was checked by Qubit™ assay (Thermofisher) and real-time PCR for quantification and size distribution monitored with a Bioanalyzer.	
SRR33569627	PASS	SRX28799638	SAMN48502114	SRP585318	Illumina NovaSeq X sequencing: GSM8984405: rim101 strain T=15 min (pH 8.0), replicate 1 Komagataella phaffii RNA-Seq				rim101 strain T=15 min (pH 8.0), replicate 1		GSE297128	PRJNA1262845	460519	Komagataella phaffii	RNA-Seq	TRANSCRIPTOMIC	cDNA	Illumina NovaSeq X	4815472500	GSM8984405	The contribution of the transcription factors Crz1 and Rim101 to the response to alkalinization in Komagataella phaffii	Illumina NovaSeq X sequencing: GSM8984405: rim101 strain T=15 min (pH 8.0), replicate 1 Komagataella phaffii RNA-Seq	Total RNA was extracted with the Ribo Pure™-Yeast kit (Ambion) following the manufacturer's instructions. The quality was assessed by capillary electrophoresis in a Bioanalyzer equipment and RNA amounts quantified by measuring the A260 in a Nanodrop ND-1000 Spectrophotometer. mRNA was purified from total RNA using poly-T oligo-attached magnetic beads. After fragmentation, the first strand cDNA was synthesized using random hexamer primers, followed by the second strand cDNA synthesis using dTTP (non-directional library). The library was ready after end repair, A-tailing, adapter ligation, size selection, amplification, and purification, and was checked by Qubit™ assay (Thermofisher) and real-time PCR for quantification and size distribution monitored with a Bioanalyzer.	
SRR33569628	PASS	SRX28799637	SAMN48502115	SRP585318	Illumina NovaSeq X sequencing: GSM8984404: rim101 strain T=0 (pH 5.5), replicate 2 Komagataella phaffii RNA-Seq				rim101 strain T=0 (pH 5.5), replicate 2		GSE297128	PRJNA1262845	460519	Komagataella phaffii	RNA-Seq	TRANSCRIPTOMIC	cDNA	Illumina NovaSeq X	5458030500	GSM8984404	The contribution of the transcription factors Crz1 and Rim101 to the response to alkalinization in Komagataella phaffii	Illumina NovaSeq X sequencing: GSM8984404: rim101 strain T=0 (pH 5.5), replicate 2 Komagataella phaffii RNA-Seq	Total RNA was extracted with the Ribo Pure™-Yeast kit (Ambion) following the manufacturer's instructions. The quality was assessed by capillary electrophoresis in a Bioanalyzer equipment and RNA amounts quantified by measuring the A260 in a Nanodrop ND-1000 Spectrophotometer. mRNA was purified from total RNA using poly-T oligo-attached magnetic beads. After fragmentation, the first strand cDNA was synthesized using random hexamer primers, followed by the second strand cDNA synthesis using dTTP (non-directional library). The library was ready after end repair, A-tailing, adapter ligation, size selection, amplification, and purification, and was checked by Qubit™ assay (Thermofisher) and real-time PCR for quantification and size distribution monitored with a Bioanalyzer.	
SRR33569630	PASS	SRX28799635	SAMN48502118	SRP585318	Illumina NovaSeq X sequencing: GSM8984402: crz1 strain T=60 min (pH 8.0), replicate 3 Komagataella phaffii RNA-Seq				crz1 strain T=60 min (pH 8.0), replicate 3		GSE297128	PRJNA1262845	460519	Komagataella phaffii	RNA-Seq	TRANSCRIPTOMIC	cDNA	Illumina NovaSeq X	4850129700	GSM8984402	The contribution of the transcription factors Crz1 and Rim101 to the response to alkalinization in Komagataella phaffii	Illumina NovaSeq X sequencing: GSM8984402: crz1 strain T=60 min (pH 8.0), replicate 3 Komagataella phaffii RNA-Seq	Total RNA was extracted with the Ribo Pure™-Yeast kit (Ambion) following the manufacturer's instructions. The quality was assessed by capillary electrophoresis in a Bioanalyzer equipment and RNA amounts quantified by measuring the A260 in a Nanodrop ND-1000 Spectrophotometer. mRNA was purified from total RNA using poly-T oligo-attached magnetic beads. After fragmentation, the first strand cDNA was synthesized using random hexamer primers, followed by the second strand cDNA synthesis using dTTP (non-directional library). The library was ready after end repair, A-tailing, adapter ligation, size selection, amplification, and purification, and was checked by Qubit™ assay (Thermofisher) and real-time PCR for quantification and size distribution monitored with a Bioanalyzer.	
SRR33569631	PASS	SRX28799634	SAMN48502119	SRP585318	Illumina NovaSeq X sequencing: GSM8984401: crz1 strain T=60 min (pH 8.0), replicate 2 Komagataella phaffii RNA-Seq				crz1 strain T=60 min (pH 8.0), replicate 2		GSE297128	PRJNA1262845	460519	Komagataella phaffii	RNA-Seq	TRANSCRIPTOMIC	cDNA	Illumina NovaSeq X	5271838200	GSM8984401	The contribution of the transcription factors Crz1 and Rim101 to the response to alkalinization in Komagataella phaffii	Illumina NovaSeq X sequencing: GSM8984401: crz1 strain T=60 min (pH 8.0), replicate 2 Komagataella phaffii RNA-Seq	Total RNA was extracted with the Ribo Pure™-Yeast kit (Ambion) following the manufacturer's instructions. The quality was assessed by capillary electrophoresis in a Bioanalyzer equipment and RNA amounts quantified by measuring the A260 in a Nanodrop ND-1000 Spectrophotometer. mRNA was purified from total RNA using poly-T oligo-attached magnetic beads. After fragmentation, the first strand cDNA was synthesized using random hexamer primers, followed by the second strand cDNA synthesis using dTTP (non-directional library). The library was ready after end repair, A-tailing, adapter ligation, size selection, amplification, and purification, and was checked by Qubit™ assay (Thermofisher) and real-time PCR for quantification and size distribution monitored with a Bioanalyzer.	
SRR33569632	PASS	SRX28799633	SAMN48502120	SRP585318	Illumina NovaSeq X sequencing: GSM8984400: crz1 strain T=60 min (pH 8.0), replicate 1 Komagataella phaffii RNA-Seq				crz1 strain T=60 min (pH 8.0), replicate 1		GSE297128	PRJNA1262845	460519	Komagataella phaffii	RNA-Seq	TRANSCRIPTOMIC	cDNA	Illumina NovaSeq X	4541163600	GSM8984400	The contribution of the transcription factors Crz1 and Rim101 to the response to alkalinization in Komagataella phaffii	Illumina NovaSeq X sequencing: GSM8984400: crz1 strain T=60 min (pH 8.0), replicate 1 Komagataella phaffii RNA-Seq	Total RNA was extracted with the Ribo Pure™-Yeast kit (Ambion) following the manufacturer's instructions. The quality was assessed by capillary electrophoresis in a Bioanalyzer equipment and RNA amounts quantified by measuring the A260 in a Nanodrop ND-1000 Spectrophotometer. mRNA was purified from total RNA using poly-T oligo-attached magnetic beads. After fragmentation, the first strand cDNA was synthesized using random hexamer primers, followed by the second strand cDNA synthesis using dTTP (non-directional library). The library was ready after end repair, A-tailing, adapter ligation, size selection, amplification, and purification, and was checked by Qubit™ assay (Thermofisher) and real-time PCR for quantification and size distribution monitored with a Bioanalyzer.	
SRR33569636	PASS	SRX28799629	SAMN48502125	SRP585318	Illumina NovaSeq X sequencing: GSM8984396: crz1 strain T=15 min (pH 8.0), replicate 3 Komagataella phaffii RNA-Seq				crz1 strain T=15 min (pH 8.0), replicate 3		GSE297128	PRJNA1262845	460519	Komagataella phaffii	RNA-Seq	TRANSCRIPTOMIC	cDNA	Illumina NovaSeq X	4667249400	GSM8984396	The contribution of the transcription factors Crz1 and Rim101 to the response to alkalinization in Komagataella phaffii	Illumina NovaSeq X sequencing: GSM8984396: crz1 strain T=15 min (pH 8.0), replicate 3 Komagataella phaffii RNA-Seq	Total RNA was extracted with the Ribo Pure™-Yeast kit (Ambion) following the manufacturer's instructions. The quality was assessed by capillary electrophoresis in a Bioanalyzer equipment and RNA amounts quantified by measuring the A260 in a Nanodrop ND-1000 Spectrophotometer. mRNA was purified from total RNA using poly-T oligo-attached magnetic beads. After fragmentation, the first strand cDNA was synthesized using random hexamer primers, followed by the second strand cDNA synthesis using dTTP (non-directional library). The library was ready after end repair, A-tailing, adapter ligation, size selection, amplification, and purification, and was checked by Qubit™ assay (Thermofisher) and real-time PCR for quantification and size distribution monitored with a Bioanalyzer.	
SRR33569643	PASS	SRX28799622	SAMN48502134	SRP585318	Illumina NovaSeq X sequencing: GSM8984389: wild-type strain T=60 min (pH 8.0), replicate 2 Komagataella phaffii RNA-Seq				wild-type strain T=60 min (pH 8.0), replicate 2		GSE297128	PRJNA1262845	460519	Komagataella phaffii	RNA-Seq	TRANSCRIPTOMIC	cDNA	Illumina NovaSeq X	5523479700	GSM8984389	The contribution of the transcription factors Crz1 and Rim101 to the response to alkalinization in Komagataella phaffii	Illumina NovaSeq X sequencing: GSM8984389: wild-type strain T=60 min (pH 8.0), replicate 2 Komagataella phaffii RNA-Seq	Total RNA was extracted with the Ribo Pure™-Yeast kit (Ambion) following the manufacturer's instructions. The quality was assessed by capillary electrophoresis in a Bioanalyzer equipment and RNA amounts quantified by measuring the A260 in a Nanodrop ND-1000 Spectrophotometer. mRNA was purified from total RNA using poly-T oligo-attached magnetic beads. After fragmentation, the first strand cDNA was synthesized using random hexamer primers, followed by the second strand cDNA synthesis using dTTP (non-directional library). The library was ready after end repair, A-tailing, adapter ligation, size selection, amplification, and purification, and was checked by Qubit™ assay (Thermofisher) and real-time PCR for quantification and size distribution monitored with a Bioanalyzer.	
SRR33569645	PASS	SRX28799620	SAMN48502136	SRP585318	Illumina NovaSeq X sequencing: GSM8984387: wild-type strain T=30 min (pH 8.0), replicate 3 Komagataella phaffii RNA-Seq				wild-type strain T=30 min (pH 8.0), replicate 3		GSE297128	PRJNA1262845	460519	Komagataella phaffii	RNA-Seq	TRANSCRIPTOMIC	cDNA	Illumina NovaSeq X	6257032200	GSM8984387	The contribution of the transcription factors Crz1 and Rim101 to the response to alkalinization in Komagataella phaffii	Illumina NovaSeq X sequencing: GSM8984387: wild-type strain T=30 min (pH 8.0), replicate 3 Komagataella phaffii RNA-Seq	Total RNA was extracted with the Ribo Pure™-Yeast kit (Ambion) following the manufacturer's instructions. The quality was assessed by capillary electrophoresis in a Bioanalyzer equipment and RNA amounts quantified by measuring the A260 in a Nanodrop ND-1000 Spectrophotometer. mRNA was purified from total RNA using poly-T oligo-attached magnetic beads. After fragmentation, the first strand cDNA was synthesized using random hexamer primers, followed by the second strand cDNA synthesis using dTTP (non-directional library). The library was ready after end repair, A-tailing, adapter ligation, size selection, amplification, and purification, and was checked by Qubit™ assay (Thermofisher) and real-time PCR for quantification and size distribution monitored with a Bioanalyzer.	
SRR33569646	PASS	SRX28799619	SAMN48502138	SRP585318	Illumina NovaSeq X sequencing: GSM8984386: wild-type strain T=30 min (pH 8.0), replicate 2 Komagataella phaffii RNA-Seq				wild-type strain T=30 min (pH 8.0), replicate 2		GSE297128	PRJNA1262845	460519	Komagataella phaffii	RNA-Seq	TRANSCRIPTOMIC	cDNA	Illumina NovaSeq X	4905095100	GSM8984386	The contribution of the transcription factors Crz1 and Rim101 to the response to alkalinization in Komagataella phaffii	Illumina NovaSeq X sequencing: GSM8984386: wild-type strain T=30 min (pH 8.0), replicate 2 Komagataella phaffii RNA-Seq	Total RNA was extracted with the Ribo Pure™-Yeast kit (Ambion) following the manufacturer's instructions. The quality was assessed by capillary electrophoresis in a Bioanalyzer equipment and RNA amounts quantified by measuring the A260 in a Nanodrop ND-1000 Spectrophotometer. mRNA was purified from total RNA using poly-T oligo-attached magnetic beads. After fragmentation, the first strand cDNA was synthesized using random hexamer primers, followed by the second strand cDNA synthesis using dTTP (non-directional library). The library was ready after end repair, A-tailing, adapter ligation, size selection, amplification, and purification, and was checked by Qubit™ assay (Thermofisher) and real-time PCR for quantification and size distribution monitored with a Bioanalyzer.	
SRR34446213	FAIL(3)	SRX29606816	SAMN49881381	SRP599661	NextSeq 500 sequencing: GSM9098059: S-1076_F_0.5_0.3_perc_meoh rep3 Komagataella phaffii RNA-Seq				S-1076_F_0.5_0.3_perc_meoh rep3		GSE302182	PRJNA1289153	460519	Komagataella phaffii	RNA-Seq	TRANSCRIPTOMIC	cDNA	NextSeq 500	322572246	GSM9098059	GEO accession GSE302182 is currently private and is scheduled to be released on Jul 01, 2029.	NextSeq 500 sequencing: GSM9098059: S-1076_F_0.5_0.3_perc_meoh rep3 Komagataella phaffii RNA-Seq	Qiagen RNeasy 96 kit Nextera XT DNA Library Preparation Kit with the Illumina DNA/RNA UD Indexes	
SRR34446215	FAIL(3)	SRX29606814	SAMN49881383	SRP599661	NextSeq 500 sequencing: GSM9098057: S-1076_F_0.5_0.3_perc_meoh rep1 Komagataella phaffii RNA-Seq				S-1076_F_0.5_0.3_perc_meoh rep1		GSE302182	PRJNA1289153	460519	Komagataella phaffii	RNA-Seq	TRANSCRIPTOMIC	cDNA	NextSeq 500	419596278	GSM9098057	GEO accession GSE302182 is currently private and is scheduled to be released on Jul 01, 2029.	NextSeq 500 sequencing: GSM9098057: S-1076_F_0.5_0.3_perc_meoh rep1 Komagataella phaffii RNA-Seq	Qiagen RNeasy 96 kit Nextera XT DNA Library Preparation Kit with the Illumina DNA/RNA UD Indexes	
SRR34446216	FAIL(3)	SRX29606813	SAMN49881384	SRP599661	NextSeq 500 sequencing: GSM9098056: S-1076_F_std_0.3_perc_meoh rep3 Komagataella phaffii RNA-Seq				S-1076_F_std_0.3_perc_meoh rep3		GSE302182	PRJNA1289153	460519	Komagataella phaffii	RNA-Seq	TRANSCRIPTOMIC	cDNA	NextSeq 500	479538618	GSM9098056	GEO accession GSE302182 is currently private and is scheduled to be released on Jul 01, 2029.	NextSeq 500 sequencing: GSM9098056: S-1076_F_std_0.3_perc_meoh rep3 Komagataella phaffii RNA-Seq	Qiagen RNeasy 96 kit Nextera XT DNA Library Preparation Kit with the Illumina DNA/RNA UD Indexes	
SRR34446222	FAIL(3,4,6)	SRX29606807	SAMN49881390	SRP599661	NextSeq 500 sequencing: GSM9098050: S-1076_E_0.5_0.3_perc_meoh rep3 Komagataella phaffii RNA-Seq				S-1076_E_0.5_0.3_perc_meoh rep3		GSE302182	PRJNA1289153	460519	Komagataella phaffii	RNA-Seq	TRANSCRIPTOMIC	cDNA	NextSeq 500	692886510	GSM9098050	GEO accession GSE302182 is currently private and is scheduled to be released on Jul 01, 2029.	NextSeq 500 sequencing: GSM9098050: S-1076_E_0.5_0.3_perc_meoh rep3 Komagataella phaffii RNA-Seq	Qiagen RNeasy 96 kit Nextera XT DNA Library Preparation Kit with the Illumina DNA/RNA UD Indexes	
SRR34446223	FAIL(3)	SRX29606806	SAMN49881391	SRP599661	NextSeq 500 sequencing: GSM9098049: S-1076_E_0.5_0.3_perc_meoh rep2 Komagataella phaffii RNA-Seq				S-1076_E_0.5_0.3_perc_meoh rep2		GSE302182	PRJNA1289153	460519	Komagataella phaffii	RNA-Seq	TRANSCRIPTOMIC	cDNA	NextSeq 500	413831646	GSM9098049	GEO accession GSE302182 is currently private and is scheduled to be released on Jul 01, 2029.	NextSeq 500 sequencing: GSM9098049: S-1076_E_0.5_0.3_perc_meoh rep2 Komagataella phaffii RNA-Seq	Qiagen RNeasy 96 kit Nextera XT DNA Library Preparation Kit with the Illumina DNA/RNA UD Indexes	
SRR34446224	FAIL(3)	SRX29606805	SAMN49881392	SRP599661	NextSeq 500 sequencing: GSM9098048: S-1076_E_0.5_0.3_perc_meoh rep1 Komagataella phaffii RNA-Seq				S-1076_E_0.5_0.3_perc_meoh rep1		GSE302182	PRJNA1289153	460519	Komagataella phaffii	RNA-Seq	TRANSCRIPTOMIC	cDNA	NextSeq 500	280394328	GSM9098048	GEO accession GSE302182 is currently private and is scheduled to be released on Jul 01, 2029.	NextSeq 500 sequencing: GSM9098048: S-1076_E_0.5_0.3_perc_meoh rep1 Komagataella phaffii RNA-Seq	Qiagen RNeasy 96 kit Nextera XT DNA Library Preparation Kit with the Illumina DNA/RNA UD Indexes	
SRR34446227	FAIL(3)	SRX29606802	SAMN49881395	SRP599661	NextSeq 500 sequencing: GSM9098045: S-1076_E_std_0.3_perc_meoh rep1 Komagataella phaffii RNA-Seq				S-1076_E_std_0.3_perc_meoh rep1		GSE302182	PRJNA1289153	460519	Komagataella phaffii	RNA-Seq	TRANSCRIPTOMIC	cDNA	NextSeq 500	767265420	GSM9098045	GEO accession GSE302182 is currently private and is scheduled to be released on Jul 01, 2029.	NextSeq 500 sequencing: GSM9098045: S-1076_E_std_0.3_perc_meoh rep1 Komagataella phaffii RNA-Seq	Qiagen RNeasy 96 kit Nextera XT DNA Library Preparation Kit with the Illumina DNA/RNA UD Indexes	
SRR34446230	FAIL(3,4,6)	SRX29606799	SAMN49881398	SRP599661	NextSeq 500 sequencing: GSM9098042: S-1076_D_std_0.3_perc_meoh rep1 Komagataella phaffii RNA-Seq				S-1076_D_std_0.3_perc_meoh rep1		GSE302182	PRJNA1289153	460519	Komagataella phaffii	RNA-Seq	TRANSCRIPTOMIC	cDNA	NextSeq 500	280925952	GSM9098042	GEO accession GSE302182 is currently private and is scheduled to be released on Jul 01, 2029.	NextSeq 500 sequencing: GSM9098042: S-1076_D_std_0.3_perc_meoh rep1 Komagataella phaffii RNA-Seq	Qiagen RNeasy 96 kit Nextera XT DNA Library Preparation Kit with the Illumina DNA/RNA UD Indexes	
SRR34446235	FAIL(3)	SRX29606794	SAMN49881403	SRP599661	NextSeq 500 sequencing: GSM9098037: S-1076_C_0.5_0.3_perc_meoh rep2 Komagataella phaffii RNA-Seq				S-1076_C_0.5_0.3_perc_meoh rep2		GSE302182	PRJNA1289153	460519	Komagataella phaffii	RNA-Seq	TRANSCRIPTOMIC	cDNA	NextSeq 500	312627246	GSM9098037	GEO accession GSE302182 is currently private and is scheduled to be released on Jul 01, 2029.	NextSeq 500 sequencing: GSM9098037: S-1076_C_0.5_0.3_perc_meoh rep2 Komagataella phaffii RNA-Seq	Qiagen RNeasy 96 kit Nextera XT DNA Library Preparation Kit with the Illumina DNA/RNA UD Indexes	
SRR34446237	WARN(3,4,5,6,7)	SRX29606792	SAMN49881405	SRP599661	NextSeq 500 sequencing: GSM9098035: S-1076_C_std_0.3_perc_meoh rep3 Komagataella phaffii RNA-Seq				S-1076_C_std_0.3_perc_meoh rep3		GSE302182	PRJNA1289153	460519	Komagataella phaffii	RNA-Seq	TRANSCRIPTOMIC	cDNA	NextSeq 500	497067420	GSM9098035	GEO accession GSE302182 is currently private and is scheduled to be released on Jul 01, 2029.	NextSeq 500 sequencing: GSM9098035: S-1076_C_std_0.3_perc_meoh rep3 Komagataella phaffii RNA-Seq	Qiagen RNeasy 96 kit Nextera XT DNA Library Preparation Kit with the Illumina DNA/RNA UD Indexes	
SRR34446239	WARN(3,4,5,6,7)	SRX29606790	SAMN49881407	SRP599661	NextSeq 500 sequencing: GSM9098033: S-1076_C_std_0.3_perc_meoh rep1 Komagataella phaffii RNA-Seq				S-1076_C_std_0.3_perc_meoh rep1		GSE302182	PRJNA1289153	460519	Komagataella phaffii	RNA-Seq	TRANSCRIPTOMIC	cDNA	NextSeq 500	482409714	GSM9098033	GEO accession GSE302182 is currently private and is scheduled to be released on Jul 01, 2029.	NextSeq 500 sequencing: GSM9098033: S-1076_C_std_0.3_perc_meoh rep1 Komagataella phaffii RNA-Seq	Qiagen RNeasy 96 kit Nextera XT DNA Library Preparation Kit with the Illumina DNA/RNA UD Indexes	
SRR34446246	WARN(1,3,4,5,6,7)	SRX29606783	SAMN49881442	SRP599661	NextSeq 500 sequencing: GSM9097998: S-1076_G_std_0.7_perc_meoh rep1 Komagataella phaffii RNA-Seq				S-1076_G_std_0.7_perc_meoh rep1		GSE302182	PRJNA1289153	460519	Komagataella phaffii	RNA-Seq	TRANSCRIPTOMIC	cDNA	NextSeq 500	116175960	GSM9097998	GEO accession GSE302182 is currently private and is scheduled to be released on Jul 01, 2029.	NextSeq 500 sequencing: GSM9097998: S-1076_G_std_0.7_perc_meoh rep1 Komagataella phaffii RNA-Seq	Qiagen RNeasy 96 kit Nextera XT DNA Library Preparation Kit with the Illumina DNA/RNA UD Indexes	
SRR34446252	FAIL(3,4,6)	SRX29606777	SAMN49881448	SRP599661	NextSeq 500 sequencing: GSM9097992: S-1076_F_0.5_0.7_perc_meoh rep1 Komagataella phaffii RNA-Seq				S-1076_F_0.5_0.7_perc_meoh rep1		GSE302182	PRJNA1289153	460519	Komagataella phaffii	RNA-Seq	TRANSCRIPTOMIC	cDNA	NextSeq 500	288840642	GSM9097992	GEO accession GSE302182 is currently private and is scheduled to be released on Jul 01, 2029.	NextSeq 500 sequencing: GSM9097992: S-1076_F_0.5_0.7_perc_meoh rep1 Komagataella phaffii RNA-Seq	Qiagen RNeasy 96 kit Nextera XT DNA Library Preparation Kit with the Illumina DNA/RNA UD Indexes	
SRR34446253	FAIL(3)	SRX29606776	SAMN49881449	SRP599661	NextSeq 500 sequencing: GSM9097991: S-1076_F_std_0.7_perc_meoh rep3 Komagataella phaffii RNA-Seq				S-1076_F_std_0.7_perc_meoh rep3		GSE302182	PRJNA1289153	460519	Komagataella phaffii	RNA-Seq	TRANSCRIPTOMIC	cDNA	NextSeq 500	213170514	GSM9097991	GEO accession GSE302182 is currently private and is scheduled to be released on Jul 01, 2029.	NextSeq 500 sequencing: GSM9097991: S-1076_F_std_0.7_perc_meoh rep3 Komagataella phaffii RNA-Seq	Qiagen RNeasy 96 kit Nextera XT DNA Library Preparation Kit with the Illumina DNA/RNA UD Indexes	
SRR34446255	FAIL(3)	SRX29606774	SAMN49881451	SRP599661	NextSeq 500 sequencing: GSM9097989: S-1076_F_std_0.7_perc_meoh rep1 Komagataella phaffii RNA-Seq				S-1076_F_std_0.7_perc_meoh rep1		GSE302182	PRJNA1289153	460519	Komagataella phaffii	RNA-Seq	TRANSCRIPTOMIC	cDNA	NextSeq 500	251208660	GSM9097989	GEO accession GSE302182 is currently private and is scheduled to be released on Jul 01, 2029.	NextSeq 500 sequencing: GSM9097989: S-1076_F_std_0.7_perc_meoh rep1 Komagataella phaffii RNA-Seq	Qiagen RNeasy 96 kit Nextera XT DNA Library Preparation Kit with the Illumina DNA/RNA UD Indexes	
SRR34446256	FAIL(3)	SRX29606773	SAMN49881452	SRP599661	NextSeq 500 sequencing: GSM9097988: S-1076_E_0.1_0.7_perc_meoh rep3 Komagataella phaffii RNA-Seq				S-1076_E_0.1_0.7_perc_meoh rep3		GSE302182	PRJNA1289153	460519	Komagataella phaffii	RNA-Seq	TRANSCRIPTOMIC	cDNA	NextSeq 500	436653534	GSM9097988	GEO accession GSE302182 is currently private and is scheduled to be released on Jul 01, 2029.	NextSeq 500 sequencing: GSM9097988: S-1076_E_0.1_0.7_perc_meoh rep3 Komagataella phaffii RNA-Seq	Qiagen RNeasy 96 kit Nextera XT DNA Library Preparation Kit with the Illumina DNA/RNA UD Indexes	
SRR34446258	FAIL(3)	SRX29606771	SAMN49881454	SRP599661	NextSeq 500 sequencing: GSM9097986: S-1076_E_0.1_0.7_perc_meoh rep1 Komagataella phaffii RNA-Seq				S-1076_E_0.1_0.7_perc_meoh rep1		GSE302182	PRJNA1289153	460519	Komagataella phaffii	RNA-Seq	TRANSCRIPTOMIC	cDNA	NextSeq 500	481699692	GSM9097986	GEO accession GSE302182 is currently private and is scheduled to be released on Jul 01, 2029.	NextSeq 500 sequencing: GSM9097986: S-1076_E_0.1_0.7_perc_meoh rep1 Komagataella phaffii RNA-Seq	Qiagen RNeasy 96 kit Nextera XT DNA Library Preparation Kit with the Illumina DNA/RNA UD Indexes	
SRR34446261	FAIL(3)	SRX29606768	SAMN49881457	SRP599661	NextSeq 500 sequencing: GSM9097983: S-1076_E_0.5_0.7_perc_meoh rep1 Komagataella phaffii RNA-Seq				S-1076_E_0.5_0.7_perc_meoh rep1		GSE302182	PRJNA1289153	460519	Komagataella phaffii	RNA-Seq	TRANSCRIPTOMIC	cDNA	NextSeq 500	577290624	GSM9097983	GEO accession GSE302182 is currently private and is scheduled to be released on Jul 01, 2029.	NextSeq 500 sequencing: GSM9097983: S-1076_E_0.5_0.7_perc_meoh rep1 Komagataella phaffii RNA-Seq	Qiagen RNeasy 96 kit Nextera XT DNA Library Preparation Kit with the Illumina DNA/RNA UD Indexes	
SRR34446264	WARN(3,4,6)	SRX29606765	SAMN49881460	SRP599661	NextSeq 500 sequencing: GSM9097980: S-1076_E_std_0.7_perc_meoh rep1 Komagataella phaffii RNA-Seq				S-1076_E_std_0.7_perc_meoh rep1		GSE302182	PRJNA1289153	460519	Komagataella phaffii	RNA-Seq	TRANSCRIPTOMIC	cDNA	NextSeq 500	608834736	GSM9097980	GEO accession GSE302182 is currently private and is scheduled to be released on Jul 01, 2029.	NextSeq 500 sequencing: GSM9097980: S-1076_E_std_0.7_perc_meoh rep1 Komagataella phaffii RNA-Seq	Qiagen RNeasy 96 kit Nextera XT DNA Library Preparation Kit with the Illumina DNA/RNA UD Indexes	
SRR34446270	FAIL(3)	SRX29606759	SAMN49881359	SRP599661	NextSeq 500 sequencing: GSM9098081: S-1076_J_std_0.3_perc_meoh rep1 Komagataella phaffii RNA-Seq				S-1076_J_std_0.3_perc_meoh rep1		GSE302182	PRJNA1289153	460519	Komagataella phaffii	RNA-Seq	TRANSCRIPTOMIC	cDNA	NextSeq 500	279686652	GSM9098081	GEO accession GSE302182 is currently private and is scheduled to be released on Jul 01, 2029.	NextSeq 500 sequencing: GSM9098081: S-1076_J_std_0.3_perc_meoh rep1 Komagataella phaffii RNA-Seq	Qiagen RNeasy 96 kit Nextera XT DNA Library Preparation Kit with the Illumina DNA/RNA UD Indexes	
SRR34446271	FAIL(3)	SRX29606758	SAMN49881360	SRP599661	NextSeq 500 sequencing: GSM9098080: S-1076_H_0.1_0.3_perc_meoh rep3 Komagataella phaffii RNA-Seq				S-1076_H_0.1_0.3_perc_meoh rep3		GSE302182	PRJNA1289153	460519	Komagataella phaffii	RNA-Seq	TRANSCRIPTOMIC	cDNA	NextSeq 500	237291882	GSM9098080	GEO accession GSE302182 is currently private and is scheduled to be released on Jul 01, 2029.	NextSeq 500 sequencing: GSM9098080: S-1076_H_0.1_0.3_perc_meoh rep3 Komagataella phaffii RNA-Seq	Qiagen RNeasy 96 kit Nextera XT DNA Library Preparation Kit with the Illumina DNA/RNA UD Indexes	
SRR34446275	WARN(3,4,5,6,7)	SRX29606754	SAMN49881364	SRP599661	NextSeq 500 sequencing: GSM9098076: S-1076_H_0.5_0.3_perc_meoh rep2 Komagataella phaffii RNA-Seq				S-1076_H_0.5_0.3_perc_meoh rep2		GSE302182	PRJNA1289153	460519	Komagataella phaffii	RNA-Seq	TRANSCRIPTOMIC	cDNA	NextSeq 500	509751834	GSM9098076	GEO accession GSE302182 is currently private and is scheduled to be released on Jul 01, 2029.	NextSeq 500 sequencing: GSM9098076: S-1076_H_0.5_0.3_perc_meoh rep2 Komagataella phaffii RNA-Seq	Qiagen RNeasy 96 kit Nextera XT DNA Library Preparation Kit with the Illumina DNA/RNA UD Indexes	
SRR34446279	WARN(3,4,5,6,7)	SRX29606750	SAMN49881368	SRP599661	NextSeq 500 sequencing: GSM9098072: S-1076_H_std_0.3_perc_meoh rep1 Komagataella phaffii RNA-Seq				S-1076_H_std_0.3_perc_meoh rep1		GSE302182	PRJNA1289153	460519	Komagataella phaffii	RNA-Seq	TRANSCRIPTOMIC	cDNA	NextSeq 500	305046606	GSM9098072	GEO accession GSE302182 is currently private and is scheduled to be released on Jul 01, 2029.	NextSeq 500 sequencing: GSM9098072: S-1076_H_std_0.3_perc_meoh rep1 Komagataella phaffii RNA-Seq	Qiagen RNeasy 96 kit Nextera XT DNA Library Preparation Kit with the Illumina DNA/RNA UD Indexes	
SRR34446280	FAIL(3,4)	SRX29606749	SAMN49881369	SRP599661	NextSeq 500 sequencing: GSM9098071: S-1076_G_0.1_0.3_perc_meoh rep3 Komagataella phaffii RNA-Seq				S-1076_G_0.1_0.3_perc_meoh rep3		GSE302182	PRJNA1289153	460519	Komagataella phaffii	RNA-Seq	TRANSCRIPTOMIC	cDNA	NextSeq 500	364268214	GSM9098071	GEO accession GSE302182 is currently private and is scheduled to be released on Jul 01, 2029.	NextSeq 500 sequencing: GSM9098071: S-1076_G_0.1_0.3_perc_meoh rep3 Komagataella phaffii RNA-Seq	Qiagen RNeasy 96 kit Nextera XT DNA Library Preparation Kit with the Illumina DNA/RNA UD Indexes	
SRR34446281	FAIL(3,4)	SRX29606748	SAMN49881370	SRP599661	NextSeq 500 sequencing: GSM9098070: S-1076_G_0.1_0.3_perc_meoh rep2 Komagataella phaffii RNA-Seq				S-1076_G_0.1_0.3_perc_meoh rep2		GSE302182	PRJNA1289153	460519	Komagataella phaffii	RNA-Seq	TRANSCRIPTOMIC	cDNA	NextSeq 500	277682046	GSM9098070	GEO accession GSE302182 is currently private and is scheduled to be released on Jul 01, 2029.	NextSeq 500 sequencing: GSM9098070: S-1076_G_0.1_0.3_perc_meoh rep2 Komagataella phaffii RNA-Seq	Qiagen RNeasy 96 kit Nextera XT DNA Library Preparation Kit with the Illumina DNA/RNA UD Indexes	
SRR34446283	WARN(3,4,5,6,7)	SRX29606746	SAMN49881372	SRP599661	NextSeq 500 sequencing: GSM9098068: S-1076_G_0.5_0.3_perc_meoh rep3 Komagataella phaffii RNA-Seq				S-1076_G_0.5_0.3_perc_meoh rep3		GSE302182	PRJNA1289153	460519	Komagataella phaffii	RNA-Seq	TRANSCRIPTOMIC	cDNA	NextSeq 500	402674682	GSM9098068	GEO accession GSE302182 is currently private and is scheduled to be released on Jul 01, 2029.	NextSeq 500 sequencing: GSM9098068: S-1076_G_0.5_0.3_perc_meoh rep3 Komagataella phaffii RNA-Seq	Qiagen RNeasy 96 kit Nextera XT DNA Library Preparation Kit with the Illumina DNA/RNA UD Indexes	
SRR34446284	FAIL(3)	SRX29606745	SAMN49881373	SRP599661	NextSeq 500 sequencing: GSM9098067: S-1076_G_0.5_0.3_perc_meoh rep2 Komagataella phaffii RNA-Seq				S-1076_G_0.5_0.3_perc_meoh rep2		GSE302182	PRJNA1289153	460519	Komagataella phaffii	RNA-Seq	TRANSCRIPTOMIC	cDNA	NextSeq 500	355651254	GSM9098067	GEO accession GSE302182 is currently private and is scheduled to be released on Jul 01, 2029.	NextSeq 500 sequencing: GSM9098067: S-1076_G_0.5_0.3_perc_meoh rep2 Komagataella phaffii RNA-Seq	Qiagen RNeasy 96 kit Nextera XT DNA Library Preparation Kit with the Illumina DNA/RNA UD Indexes	
SRR34446287	WARN(3,4,5,6,7)	SRX29606742	SAMN49881376	SRP599661	NextSeq 500 sequencing: GSM9098064: S-1076_G_std_0.3_perc_meoh rep2 Komagataella phaffii RNA-Seq				S-1076_G_std_0.3_perc_meoh rep2		GSE302182	PRJNA1289153	460519	Komagataella phaffii	RNA-Seq	TRANSCRIPTOMIC	cDNA	NextSeq 500	330113310	GSM9098064	GEO accession GSE302182 is currently private and is scheduled to be released on Jul 01, 2029.	NextSeq 500 sequencing: GSM9098064: S-1076_G_std_0.3_perc_meoh rep2 Komagataella phaffii RNA-Seq	Qiagen RNeasy 96 kit Nextera XT DNA Library Preparation Kit with the Illumina DNA/RNA UD Indexes	
SRR34446289	FAIL(3)	SRX29606740	SAMN49881378	SRP599661	NextSeq 500 sequencing: GSM9098062: S-1076_F_0.1_0.3_perc_meoh rep3 Komagataella phaffii RNA-Seq				S-1076_F_0.1_0.3_perc_meoh rep3		GSE302182	PRJNA1289153	460519	Komagataella phaffii	RNA-Seq	TRANSCRIPTOMIC	cDNA	NextSeq 500	465680796	GSM9098062	GEO accession GSE302182 is currently private and is scheduled to be released on Jul 01, 2029.	NextSeq 500 sequencing: GSM9098062: S-1076_F_0.1_0.3_perc_meoh rep3 Komagataella phaffii RNA-Seq	Qiagen RNeasy 96 kit Nextera XT DNA Library Preparation Kit with the Illumina DNA/RNA UD Indexes	
SRR34446294	WARN(3,4)	SRX29606735	SAMN49881495	SRP599661	NextSeq 500 sequencing: GSM9097945: S-1076_H_0.5_1_perc_meoh rep2 Komagataella phaffii RNA-Seq				S-1076_H_0.5_1_perc_meoh rep2		GSE302182	PRJNA1289153	460519	Komagataella phaffii	RNA-Seq	TRANSCRIPTOMIC	cDNA	NextSeq 500	545083002	GSM9097945	GEO accession GSE302182 is currently private and is scheduled to be released on Jul 01, 2029.	NextSeq 500 sequencing: GSM9097945: S-1076_H_0.5_1_perc_meoh rep2 Komagataella phaffii RNA-Seq	Qiagen RNeasy 96 kit Nextera XT DNA Library Preparation Kit with the Illumina DNA/RNA UD Indexes	
SRR34446296	WARN(3)	SRX29606733	SAMN49881497	SRP599661	NextSeq 500 sequencing: GSM9097943: S-1076_H_std_1_perc_meoh rep3 Komagataella phaffii RNA-Seq				S-1076_H_std_1_perc_meoh rep3		GSE302182	PRJNA1289153	460519	Komagataella phaffii	RNA-Seq	TRANSCRIPTOMIC	cDNA	NextSeq 500	511418616	GSM9097943	GEO accession GSE302182 is currently private and is scheduled to be released on Jul 01, 2029.	NextSeq 500 sequencing: GSM9097943: S-1076_H_std_1_perc_meoh rep3 Komagataella phaffii RNA-Seq	Qiagen RNeasy 96 kit Nextera XT DNA Library Preparation Kit with the Illumina DNA/RNA UD Indexes	
SRR34446297	WARN(3)	SRX29606732	SAMN49881498	SRP599661	NextSeq 500 sequencing: GSM9097942: S-1076_H_std_1_perc_meoh rep2 Komagataella phaffii RNA-Seq				S-1076_H_std_1_perc_meoh rep2		GSE302182	PRJNA1289153	460519	Komagataella phaffii	RNA-Seq	TRANSCRIPTOMIC	cDNA	NextSeq 500	425825622	GSM9097942	GEO accession GSE302182 is currently private and is scheduled to be released on Jul 01, 2029.	NextSeq 500 sequencing: GSM9097942: S-1076_H_std_1_perc_meoh rep2 Komagataella phaffii RNA-Seq	Qiagen RNeasy 96 kit Nextera XT DNA Library Preparation Kit with the Illumina DNA/RNA UD Indexes	
SRR34446301	WARN(3,4,5,6,7)	SRX29606728	SAMN49881502	SRP599661	NextSeq 500 sequencing: GSM9097938: S-1076_G_0.1_1_perc_meoh rep1 Komagataella phaffii RNA-Seq				S-1076_G_0.1_1_perc_meoh rep1		GSE302182	PRJNA1289153	460519	Komagataella phaffii	RNA-Seq	TRANSCRIPTOMIC	cDNA	NextSeq 500	431886156	GSM9097938	GEO accession GSE302182 is currently private and is scheduled to be released on Jul 01, 2029.	NextSeq 500 sequencing: GSM9097938: S-1076_G_0.1_1_perc_meoh rep1 Komagataella phaffii RNA-Seq	Qiagen RNeasy 96 kit Nextera XT DNA Library Preparation Kit with the Illumina DNA/RNA UD Indexes	
SRR34446302	WARN(3,4,5,6,7)	SRX29606727	SAMN49881503	SRP599661	NextSeq 500 sequencing: GSM9097937: S-1076_G_0.5_1_perc_meoh rep3 Komagataella phaffii RNA-Seq				S-1076_G_0.5_1_perc_meoh rep3		GSE302182	PRJNA1289153	460519	Komagataella phaffii	RNA-Seq	TRANSCRIPTOMIC	cDNA	NextSeq 500	398869878	GSM9097937	GEO accession GSE302182 is currently private and is scheduled to be released on Jul 01, 2029.	NextSeq 500 sequencing: GSM9097937: S-1076_G_0.5_1_perc_meoh rep3 Komagataella phaffii RNA-Seq	Qiagen RNeasy 96 kit Nextera XT DNA Library Preparation Kit with the Illumina DNA/RNA UD Indexes	
SRR34446305	WARN(3)	SRX29606724	SAMN49881506	SRP599661	NextSeq 500 sequencing: GSM9097934: S-1076_G_std_1_perc_meoh rep3 Komagataella phaffii RNA-Seq				S-1076_G_std_1_perc_meoh rep3		GSE302182	PRJNA1289153	460519	Komagataella phaffii	RNA-Seq	TRANSCRIPTOMIC	cDNA	NextSeq 500	551164446	GSM9097934	GEO accession GSE302182 is currently private and is scheduled to be released on Jul 01, 2029.	NextSeq 500 sequencing: GSM9097934: S-1076_G_std_1_perc_meoh rep3 Komagataella phaffii RNA-Seq	Qiagen RNeasy 96 kit Nextera XT DNA Library Preparation Kit with the Illumina DNA/RNA UD Indexes	
SRR34446309	FAIL(3)	SRX29606720	SAMN49881510	SRP599661	NextSeq 500 sequencing: GSM9097930: S-1076_F_0.1_1_perc_meoh rep2 Komagataella phaffii RNA-Seq				S-1076_F_0.1_1_perc_meoh rep2		GSE302182	PRJNA1289153	460519	Komagataella phaffii	RNA-Seq	TRANSCRIPTOMIC	cDNA	NextSeq 500	502427316	GSM9097930	GEO accession GSE302182 is currently private and is scheduled to be released on Jul 01, 2029.	NextSeq 500 sequencing: GSM9097930: S-1076_F_0.1_1_perc_meoh rep2 Komagataella phaffii RNA-Seq	Qiagen RNeasy 96 kit Nextera XT DNA Library Preparation Kit with the Illumina DNA/RNA UD Indexes	
SRR34446318	FAIL(3)	SRX29606711	SAMN49881519	SRP599661	NextSeq 500 sequencing: GSM9097921: S-1076_E_0.1_1_perc_meoh rep2 Komagataella phaffii RNA-Seq				S-1076_E_0.1_1_perc_meoh rep2		GSE302182	PRJNA1289153	460519	Komagataella phaffii	RNA-Seq	TRANSCRIPTOMIC	cDNA	NextSeq 500	424941588	GSM9097921	GEO accession GSE302182 is currently private and is scheduled to be released on Jul 01, 2029.	NextSeq 500 sequencing: GSM9097921: S-1076_E_0.1_1_perc_meoh rep2 Komagataella phaffii RNA-Seq	Qiagen RNeasy 96 kit Nextera XT DNA Library Preparation Kit with the Illumina DNA/RNA UD Indexes	
SRR34446322	FAIL(3)	SRX29606707	SAMN49881411	SRP599661	NextSeq 500 sequencing: GSM9098029: S-1076_B_0.5_0.3_perc_meoh rep3 Komagataella phaffii RNA-Seq				S-1076_B_0.5_0.3_perc_meoh rep3		GSE302182	PRJNA1289153	460519	Komagataella phaffii	RNA-Seq	TRANSCRIPTOMIC	cDNA	NextSeq 500	415112970	GSM9098029	GEO accession GSE302182 is currently private and is scheduled to be released on Jul 01, 2029.	NextSeq 500 sequencing: GSM9098029: S-1076_B_0.5_0.3_perc_meoh rep3 Komagataella phaffii RNA-Seq	Qiagen RNeasy 96 kit Nextera XT DNA Library Preparation Kit with the Illumina DNA/RNA UD Indexes	
SRR34446323	FAIL(3,4,6)	SRX29606706	SAMN49881412	SRP599661	NextSeq 500 sequencing: GSM9098028: S-1076_B_0.5_0.3_perc_meoh rep2 Komagataella phaffii RNA-Seq				S-1076_B_0.5_0.3_perc_meoh rep2		GSE302182	PRJNA1289153	460519	Komagataella phaffii	RNA-Seq	TRANSCRIPTOMIC	cDNA	NextSeq 500	336820626	GSM9098028	GEO accession GSE302182 is currently private and is scheduled to be released on Jul 01, 2029.	NextSeq 500 sequencing: GSM9098028: S-1076_B_0.5_0.3_perc_meoh rep2 Komagataella phaffii RNA-Seq	Qiagen RNeasy 96 kit Nextera XT DNA Library Preparation Kit with the Illumina DNA/RNA UD Indexes	
SRR34446327	FAIL(1,3,4,5,6,7)	SRX29606702	SAMN49881416	SRP599661	NextSeq 500 sequencing: GSM9098024: S-1076_B_std_0.3_perc_meoh rep1 Komagataella phaffii RNA-Seq				S-1076_B_std_0.3_perc_meoh rep1		GSE302182	PRJNA1289153	460519	Komagataella phaffii	RNA-Seq	TRANSCRIPTOMIC	cDNA	NextSeq 500	9268842	GSM9098024	GEO accession GSE302182 is currently private and is scheduled to be released on Jul 01, 2029.	NextSeq 500 sequencing: GSM9098024: S-1076_B_std_0.3_perc_meoh rep1 Komagataella phaffii RNA-Seq	Qiagen RNeasy 96 kit Nextera XT DNA Library Preparation Kit with the Illumina DNA/RNA UD Indexes	
SRR34446331	FAIL(3)	SRX29606698	SAMN49881420	SRP599661	NextSeq 500 sequencing: GSM9098020: S-1076_J_0.5_0.7_perc_meoh rep3 Komagataella phaffii RNA-Seq				S-1076_J_0.5_0.7_perc_meoh rep3		GSE302182	PRJNA1289153	460519	Komagataella phaffii	RNA-Seq	TRANSCRIPTOMIC	cDNA	NextSeq 500	451759938	GSM9098020	GEO accession GSE302182 is currently private and is scheduled to be released on Jul 01, 2029.	NextSeq 500 sequencing: GSM9098020: S-1076_J_0.5_0.7_perc_meoh rep3 Komagataella phaffii RNA-Seq	Qiagen RNeasy 96 kit Nextera XT DNA Library Preparation Kit with the Illumina DNA/RNA UD Indexes	
SRR34446333	FAIL(3)	SRX29606696	SAMN49881422	SRP599661	NextSeq 500 sequencing: GSM9098018: S-1076_J_0.5_0.7_perc_meoh rep1 Komagataella phaffii RNA-Seq				S-1076_J_0.5_0.7_perc_meoh rep1		GSE302182	PRJNA1289153	460519	Komagataella phaffii	RNA-Seq	TRANSCRIPTOMIC	cDNA	NextSeq 500	290563320	GSM9098018	GEO accession GSE302182 is currently private and is scheduled to be released on Jul 01, 2029.	NextSeq 500 sequencing: GSM9098018: S-1076_J_0.5_0.7_perc_meoh rep1 Komagataella phaffii RNA-Seq	Qiagen RNeasy 96 kit Nextera XT DNA Library Preparation Kit with the Illumina DNA/RNA UD Indexes	
SRR34446334	WARN(3,4,5,6,7)	SRX29606695	SAMN49881423	SRP599661	NextSeq 500 sequencing: GSM9098017: S-1076_J_std_0.7_perc_meoh rep3 Komagataella phaffii RNA-Seq				S-1076_J_std_0.7_perc_meoh rep3		GSE302182	PRJNA1289153	460519	Komagataella phaffii	RNA-Seq	TRANSCRIPTOMIC	cDNA	NextSeq 500	305994186	GSM9098017	GEO accession GSE302182 is currently private and is scheduled to be released on Jul 01, 2029.	NextSeq 500 sequencing: GSM9098017: S-1076_J_std_0.7_perc_meoh rep3 Komagataella phaffii RNA-Seq	Qiagen RNeasy 96 kit Nextera XT DNA Library Preparation Kit with the Illumina DNA/RNA UD Indexes	
SRR34446340	WARN(3,4,6)	SRX29606689	SAMN49881429	SRP599661	NextSeq 500 sequencing: GSM9098011: S-1076_H_0.5_0.7_perc_meoh rep3 Komagataella phaffii RNA-Seq				S-1076_H_0.5_0.7_perc_meoh rep3		GSE302182	PRJNA1289153	460519	Komagataella phaffii	RNA-Seq	TRANSCRIPTOMIC	cDNA	NextSeq 500	1151605296	GSM9098011	GEO accession GSE302182 is currently private and is scheduled to be released on Jul 01, 2029.	NextSeq 500 sequencing: GSM9098011: S-1076_H_0.5_0.7_perc_meoh rep3 Komagataella phaffii RNA-Seq	Qiagen RNeasy 96 kit Nextera XT DNA Library Preparation Kit with the Illumina DNA/RNA UD Indexes	
SRR34446343	WARN(3,4,5,6,7)	SRX29606686	SAMN49881432	SRP599661	NextSeq 500 sequencing: GSM9098008: S-1076_H_std_0.7_perc_meoh rep3 Komagataella phaffii RNA-Seq				S-1076_H_std_0.7_perc_meoh rep3		GSE302182	PRJNA1289153	460519	Komagataella phaffii	RNA-Seq	TRANSCRIPTOMIC	cDNA	NextSeq 500	281062938	GSM9098008	GEO accession GSE302182 is currently private and is scheduled to be released on Jul 01, 2029.	NextSeq 500 sequencing: GSM9098008: S-1076_H_std_0.7_perc_meoh rep3 Komagataella phaffii RNA-Seq	Qiagen RNeasy 96 kit Nextera XT DNA Library Preparation Kit with the Illumina DNA/RNA UD Indexes	
SRR34446344	WARN(1,3,4,5,6,7)	SRX29606685	SAMN49881433	SRP599661	NextSeq 500 sequencing: GSM9098007: S-1076_H_std_0.7_perc_meoh rep2 Komagataella phaffii RNA-Seq				S-1076_H_std_0.7_perc_meoh rep2		GSE302182	PRJNA1289153	460519	Komagataella phaffii	RNA-Seq	TRANSCRIPTOMIC	cDNA	NextSeq 500	256278366	GSM9098007	GEO accession GSE302182 is currently private and is scheduled to be released on Jul 01, 2029.	NextSeq 500 sequencing: GSM9098007: S-1076_H_std_0.7_perc_meoh rep2 Komagataella phaffii RNA-Seq	Qiagen RNeasy 96 kit Nextera XT DNA Library Preparation Kit with the Illumina DNA/RNA UD Indexes	
SRR34446346	FAIL(3,4,6)	SRX29606683	SAMN49881435	SRP599661	NextSeq 500 sequencing: GSM9098005: S-1076_G_0.1_0.7_perc_meoh rep3 Komagataella phaffii RNA-Seq				S-1076_G_0.1_0.7_perc_meoh rep3		GSE302182	PRJNA1289153	460519	Komagataella phaffii	RNA-Seq	TRANSCRIPTOMIC	cDNA	NextSeq 500	331180536	GSM9098005	GEO accession GSE302182 is currently private and is scheduled to be released on Jul 01, 2029.	NextSeq 500 sequencing: GSM9098005: S-1076_G_0.1_0.7_perc_meoh rep3 Komagataella phaffii RNA-Seq	Qiagen RNeasy 96 kit Nextera XT DNA Library Preparation Kit with the Illumina DNA/RNA UD Indexes	
SRR34446347	FAIL(3)	SRX29606682	SAMN49881464	SRP599661	NextSeq 500 sequencing: GSM9097976: S-1076_C_0.1_0.7_perc_meoh rep3 Komagataella phaffii RNA-Seq				S-1076_C_0.1_0.7_perc_meoh rep3		GSE302182	PRJNA1289153	460519	Komagataella phaffii	RNA-Seq	TRANSCRIPTOMIC	cDNA	NextSeq 500	412308888	GSM9097976	GEO accession GSE302182 is currently private and is scheduled to be released on Jul 01, 2029.	NextSeq 500 sequencing: GSM9097976: S-1076_C_0.1_0.7_perc_meoh rep3 Komagataella phaffii RNA-Seq	Qiagen RNeasy 96 kit Nextera XT DNA Library Preparation Kit with the Illumina DNA/RNA UD Indexes	
SRR34446350	WARN(3,4,6)	SRX29606679	SAMN49881467	SRP599661	NextSeq 500 sequencing: GSM9097973: S-1076_C_0.5_0.7_perc_meoh rep3 Komagataella phaffii RNA-Seq				S-1076_C_0.5_0.7_perc_meoh rep3		GSE302182	PRJNA1289153	460519	Komagataella phaffii	RNA-Seq	TRANSCRIPTOMIC	cDNA	NextSeq 500	533402982	GSM9097973	GEO accession GSE302182 is currently private and is scheduled to be released on Jul 01, 2029.	NextSeq 500 sequencing: GSM9097973: S-1076_C_0.5_0.7_perc_meoh rep3 Komagataella phaffii RNA-Seq	Qiagen RNeasy 96 kit Nextera XT DNA Library Preparation Kit with the Illumina DNA/RNA UD Indexes	
SRR34446351	WARN(3,4,6)	SRX29606678	SAMN49881468	SRP599661	NextSeq 500 sequencing: GSM9097972: S-1076_C_0.5_0.7_perc_meoh rep2 Komagataella phaffii RNA-Seq				S-1076_C_0.5_0.7_perc_meoh rep2		GSE302182	PRJNA1289153	460519	Komagataella phaffii	RNA-Seq	TRANSCRIPTOMIC	cDNA	NextSeq 500	557216208	GSM9097972	GEO accession GSE302182 is currently private and is scheduled to be released on Jul 01, 2029.	NextSeq 500 sequencing: GSM9097972: S-1076_C_0.5_0.7_perc_meoh rep2 Komagataella phaffii RNA-Seq	Qiagen RNeasy 96 kit Nextera XT DNA Library Preparation Kit with the Illumina DNA/RNA UD Indexes	
SRR34446356	FAIL(3)	SRX29606673	SAMN49881473	SRP599661	NextSeq 500 sequencing: GSM9097967: S-1076_B_0.1_0.7_perc_meoh rep3 Komagataella phaffii RNA-Seq				S-1076_B_0.1_0.7_perc_meoh rep3		GSE302182	PRJNA1289153	460519	Komagataella phaffii	RNA-Seq	TRANSCRIPTOMIC	cDNA	NextSeq 500	524749302	GSM9097967	GEO accession GSE302182 is currently private and is scheduled to be released on Jul 01, 2029.	NextSeq 500 sequencing: GSM9097967: S-1076_B_0.1_0.7_perc_meoh rep3 Komagataella phaffii RNA-Seq	Qiagen RNeasy 96 kit Nextera XT DNA Library Preparation Kit with the Illumina DNA/RNA UD Indexes	
SRR34446360	WARN(3,4,5,6,7)	SRX29606669	SAMN49881477	SRP599661	NextSeq 500 sequencing: GSM9097963: S-1076_B_0.5_0.7_perc_meoh rep2 Komagataella phaffii RNA-Seq				S-1076_B_0.5_0.7_perc_meoh rep2		GSE302182	PRJNA1289153	460519	Komagataella phaffii	RNA-Seq	TRANSCRIPTOMIC	cDNA	NextSeq 500	364350834	GSM9097963	GEO accession GSE302182 is currently private and is scheduled to be released on Jul 01, 2029.	NextSeq 500 sequencing: GSM9097963: S-1076_B_0.5_0.7_perc_meoh rep2 Komagataella phaffii RNA-Seq	Qiagen RNeasy 96 kit Nextera XT DNA Library Preparation Kit with the Illumina DNA/RNA UD Indexes	
SRR34446361	WARN(3,4,5,6,7)	SRX29606668	SAMN49881478	SRP599661	NextSeq 500 sequencing: GSM9097962: S-1076_B_0.5_0.7_perc_meoh rep1 Komagataella phaffii RNA-Seq				S-1076_B_0.5_0.7_perc_meoh rep1		GSE302182	PRJNA1289153	460519	Komagataella phaffii	RNA-Seq	TRANSCRIPTOMIC	cDNA	NextSeq 500	404421432	GSM9097962	GEO accession GSE302182 is currently private and is scheduled to be released on Jul 01, 2029.	NextSeq 500 sequencing: GSM9097962: S-1076_B_0.5_0.7_perc_meoh rep1 Komagataella phaffii RNA-Seq	Qiagen RNeasy 96 kit Nextera XT DNA Library Preparation Kit with the Illumina DNA/RNA UD Indexes	
SRR34446365	WARN(3,4,5,6,7)	SRX29606664	SAMN49881482	SRP599661	NextSeq 500 sequencing: GSM9097958: S-1076_J_0.1_1_perc_meoh rep3 Komagataella phaffii RNA-Seq				S-1076_J_0.1_1_perc_meoh rep3		GSE302182	PRJNA1289153	460519	Komagataella phaffii	RNA-Seq	TRANSCRIPTOMIC	cDNA	NextSeq 500	398356002	GSM9097958	GEO accession GSE302182 is currently private and is scheduled to be released on Jul 01, 2029.	NextSeq 500 sequencing: GSM9097958: S-1076_J_0.1_1_perc_meoh rep3 Komagataella phaffii RNA-Seq	Qiagen RNeasy 96 kit Nextera XT DNA Library Preparation Kit with the Illumina DNA/RNA UD Indexes	
SRR34446366	WARN(3,4,5,6,7)	SRX29606663	SAMN49881483	SRP599661	NextSeq 500 sequencing: GSM9097957: S-1076_J_0.1_1_perc_meoh rep2 Komagataella phaffii RNA-Seq				S-1076_J_0.1_1_perc_meoh rep2		GSE302182	PRJNA1289153	460519	Komagataella phaffii	RNA-Seq	TRANSCRIPTOMIC	cDNA	NextSeq 500	484499898	GSM9097957	GEO accession GSE302182 is currently private and is scheduled to be released on Jul 01, 2029.	NextSeq 500 sequencing: GSM9097957: S-1076_J_0.1_1_perc_meoh rep2 Komagataella phaffii RNA-Seq	Qiagen RNeasy 96 kit Nextera XT DNA Library Preparation Kit with the Illumina DNA/RNA UD Indexes	
SRR34446367	FAIL(3)	SRX29606662	SAMN49881484	SRP599661	NextSeq 500 sequencing: GSM9097956: S-1076_J_0.1_1_perc_meoh rep1 Komagataella phaffii RNA-Seq				S-1076_J_0.1_1_perc_meoh rep1		GSE302182	PRJNA1289153	460519	Komagataella phaffii	RNA-Seq	TRANSCRIPTOMIC	cDNA	NextSeq 500	435172698	GSM9097956	GEO accession GSE302182 is currently private and is scheduled to be released on Jul 01, 2029.	NextSeq 500 sequencing: GSM9097956: S-1076_J_0.1_1_perc_meoh rep1 Komagataella phaffii RNA-Seq	Qiagen RNeasy 96 kit Nextera XT DNA Library Preparation Kit with the Illumina DNA/RNA UD Indexes	
SRR34446372	WARN(3,4,5,6,7)	SRX29606657	SAMN49881489	SRP599661	NextSeq 500 sequencing: GSM9097951: S-1076_J_std_1_perc_meoh rep2 Komagataella phaffii RNA-Seq				S-1076_J_std_1_perc_meoh rep2		GSE302182	PRJNA1289153	460519	Komagataella phaffii	RNA-Seq	TRANSCRIPTOMIC	cDNA	NextSeq 500	412169964	GSM9097951	GEO accession GSE302182 is currently private and is scheduled to be released on Jul 01, 2029.	NextSeq 500 sequencing: GSM9097951: S-1076_J_std_1_perc_meoh rep2 Komagataella phaffii RNA-Seq	Qiagen RNeasy 96 kit Nextera XT DNA Library Preparation Kit with the Illumina DNA/RNA UD Indexes	
SRR34446374	WARN(3,4,5,6,7)	SRX29606655	SAMN49881491	SRP599661	NextSeq 500 sequencing: GSM9097949: S-1076_H_0.1_1_perc_meoh rep3 Komagataella phaffii RNA-Seq				S-1076_H_0.1_1_perc_meoh rep3		GSE302182	PRJNA1289153	460519	Komagataella phaffii	RNA-Seq	TRANSCRIPTOMIC	cDNA	NextSeq 500	501024000	GSM9097949	GEO accession GSE302182 is currently private and is scheduled to be released on Jul 01, 2029.	NextSeq 500 sequencing: GSM9097949: S-1076_H_0.1_1_perc_meoh rep3 Komagataella phaffii RNA-Seq	Qiagen RNeasy 96 kit Nextera XT DNA Library Preparation Kit with the Illumina DNA/RNA UD Indexes	
SRR34446376	WARN(3,4,5,6,7)	SRX29606653	SAMN49881521	SRP599661	NextSeq 500 sequencing: GSM9097919: S-1076_E_0.5_1_perc_meoh rep3 Komagataella phaffii RNA-Seq				S-1076_E_0.5_1_perc_meoh rep3		GSE302182	PRJNA1289153	460519	Komagataella phaffii	RNA-Seq	TRANSCRIPTOMIC	cDNA	NextSeq 500	363019122	GSM9097919	GEO accession GSE302182 is currently private and is scheduled to be released on Jul 01, 2029.	NextSeq 500 sequencing: GSM9097919: S-1076_E_0.5_1_perc_meoh rep3 Komagataella phaffii RNA-Seq	Qiagen RNeasy 96 kit Nextera XT DNA Library Preparation Kit with the Illumina DNA/RNA UD Indexes	
SRR34446377	WARN(3,4,5,6,7)	SRX29606652	SAMN49881522	SRP599661	NextSeq 500 sequencing: GSM9097918: S-1076_E_0.5_1_perc_meoh rep2 Komagataella phaffii RNA-Seq				S-1076_E_0.5_1_perc_meoh rep2		GSE302182	PRJNA1289153	460519	Komagataella phaffii	RNA-Seq	TRANSCRIPTOMIC	cDNA	NextSeq 500	327153474	GSM9097918	GEO accession GSE302182 is currently private and is scheduled to be released on Jul 01, 2029.	NextSeq 500 sequencing: GSM9097918: S-1076_E_0.5_1_perc_meoh rep2 Komagataella phaffii RNA-Seq	Qiagen RNeasy 96 kit Nextera XT DNA Library Preparation Kit with the Illumina DNA/RNA UD Indexes	
SRR34446381	WARN(3,4,5,6,7)	SRX29606648	SAMN49881526	SRP599661	NextSeq 500 sequencing: GSM9097914: S-1076_E_std_1_perc_meoh rep1 Komagataella phaffii RNA-Seq				S-1076_E_std_1_perc_meoh rep1		GSE302182	PRJNA1289153	460519	Komagataella phaffii	RNA-Seq	TRANSCRIPTOMIC	cDNA	NextSeq 500	416640726	GSM9097914	GEO accession GSE302182 is currently private and is scheduled to be released on Jul 01, 2029.	NextSeq 500 sequencing: GSM9097914: S-1076_E_std_1_perc_meoh rep1 Komagataella phaffii RNA-Seq	Qiagen RNeasy 96 kit Nextera XT DNA Library Preparation Kit with the Illumina DNA/RNA UD Indexes	
SRR34446382	FAIL(3)	SRX29606647	SAMN49881527	SRP599661	NextSeq 500 sequencing: GSM9097913: S-1076_D_std_1_perc_meoh rep3 Komagataella phaffii RNA-Seq				S-1076_D_std_1_perc_meoh rep3		GSE302182	PRJNA1289153	460519	Komagataella phaffii	RNA-Seq	TRANSCRIPTOMIC	cDNA	NextSeq 500	315030366	GSM9097913	GEO accession GSE302182 is currently private and is scheduled to be released on Jul 01, 2029.	NextSeq 500 sequencing: GSM9097913: S-1076_D_std_1_perc_meoh rep3 Komagataella phaffii RNA-Seq	Qiagen RNeasy 96 kit Nextera XT DNA Library Preparation Kit with the Illumina DNA/RNA UD Indexes	
SRR34446383	FAIL(3)	SRX29606646	SAMN49881528	SRP599661	NextSeq 500 sequencing: GSM9097912: S-1076_D_std_1_perc_meoh rep2 Komagataella phaffii RNA-Seq				S-1076_D_std_1_perc_meoh rep2		GSE302182	PRJNA1289153	460519	Komagataella phaffii	RNA-Seq	TRANSCRIPTOMIC	cDNA	NextSeq 500	323680068	GSM9097912	GEO accession GSE302182 is currently private and is scheduled to be released on Jul 01, 2029.	NextSeq 500 sequencing: GSM9097912: S-1076_D_std_1_perc_meoh rep2 Komagataella phaffii RNA-Seq	Qiagen RNeasy 96 kit Nextera XT DNA Library Preparation Kit with the Illumina DNA/RNA UD Indexes	
SRR34446385	FAIL(3)	SRX29606644	SAMN49881530	SRP599661	NextSeq 500 sequencing: GSM9097910: S-1076_C_0.1_1_perc_meoh rep3 Komagataella phaffii RNA-Seq				S-1076_C_0.1_1_perc_meoh rep3		GSE302182	PRJNA1289153	460519	Komagataella phaffii	RNA-Seq	TRANSCRIPTOMIC	cDNA	NextSeq 500	414009126	GSM9097910	GEO accession GSE302182 is currently private and is scheduled to be released on Jul 01, 2029.	NextSeq 500 sequencing: GSM9097910: S-1076_C_0.1_1_perc_meoh rep3 Komagataella phaffii RNA-Seq	Qiagen RNeasy 96 kit Nextera XT DNA Library Preparation Kit with the Illumina DNA/RNA UD Indexes	
SRR34446391	WARN(1,3,4,5,6,7)	SRX29606638	SAMN49881536	SRP599661	NextSeq 500 sequencing: GSM9097904: S-1076_C_std_1_perc_meoh rep3 Komagataella phaffii RNA-Seq				S-1076_C_std_1_perc_meoh rep3		GSE302182	PRJNA1289153	460519	Komagataella phaffii	RNA-Seq	TRANSCRIPTOMIC	cDNA	NextSeq 500	251969478	GSM9097904	GEO accession GSE302182 is currently private and is scheduled to be released on Jul 01, 2029.	NextSeq 500 sequencing: GSM9097904: S-1076_C_std_1_perc_meoh rep3 Komagataella phaffii RNA-Seq	Qiagen RNeasy 96 kit Nextera XT DNA Library Preparation Kit with the Illumina DNA/RNA UD Indexes	
SRR34446393	WARN(3,5,7)	SRX29606636	SAMN49881538	SRP599661	NextSeq 500 sequencing: GSM9097902: S-1076_C_std_1_perc_meoh rep1 Komagataella phaffii RNA-Seq				S-1076_C_std_1_perc_meoh rep1		GSE302182	PRJNA1289153	460519	Komagataella phaffii	RNA-Seq	TRANSCRIPTOMIC	cDNA	NextSeq 500	363669780	GSM9097902	GEO accession GSE302182 is currently private and is scheduled to be released on Jul 01, 2029.	NextSeq 500 sequencing: GSM9097902: S-1076_C_std_1_perc_meoh rep1 Komagataella phaffii RNA-Seq	Qiagen RNeasy 96 kit Nextera XT DNA Library Preparation Kit with the Illumina DNA/RNA UD Indexes	
SRR34446397	WARN(3,4,5,6,7)	SRX29606632	SAMN49881542	SRP599661	NextSeq 500 sequencing: GSM9097898: S-1076_B_0.5_1_perc_meoh rep3 Komagataella phaffii RNA-Seq				S-1076_B_0.5_1_perc_meoh rep3		GSE302182	PRJNA1289153	460519	Komagataella phaffii	RNA-Seq	TRANSCRIPTOMIC	cDNA	NextSeq 500	368795892	GSM9097898	GEO accession GSE302182 is currently private and is scheduled to be released on Jul 01, 2029.	NextSeq 500 sequencing: GSM9097898: S-1076_B_0.5_1_perc_meoh rep3 Komagataella phaffii RNA-Seq	Qiagen RNeasy 96 kit Nextera XT DNA Library Preparation Kit with the Illumina DNA/RNA UD Indexes	
SRR34446401	WARN(1,3,4,5,6,7)	SRX29606628	SAMN49881546	SRP599661	NextSeq 500 sequencing: GSM9097894: S-1076_B_std_1_perc_Meoh rep2 Komagataella phaffii RNA-Seq				S-1076_B_std_1_perc_Meoh rep2		GSE302182	PRJNA1289153	460519	Komagataella phaffii	RNA-Seq	TRANSCRIPTOMIC	cDNA	NextSeq 500	244528884	GSM9097894	GEO accession GSE302182 is currently private and is scheduled to be released on Jul 01, 2029.	NextSeq 500 sequencing: GSM9097894: S-1076_B_std_1_perc_Meoh rep2 Komagataella phaffii RNA-Seq	Qiagen RNeasy 96 kit Nextera XT DNA Library Preparation Kit with the Illumina DNA/RNA UD Indexes	
SRR34446758	FAIL(3)	SRX29607356	SAMN49882066	SRP599672	NextSeq 500 sequencing: GSM9097836: S953_B_0.5_0.3 rep1 Komagataella phaffii RNA-Seq				S953_B_0.5_0.3 rep1		GSE302181	PRJNA1289154	460519	Komagataella phaffii	RNA-Seq	TRANSCRIPTOMIC	cDNA	NextSeq 500	343863465	GSM9097836	GEO accession GSE302181 is currently private and is scheduled to be released on Jul 01, 2029.	NextSeq 500 sequencing: GSM9097836: S953_B_0.5_0.3 rep1 Komagataella phaffii RNA-Seq	Qiagen RNeasy 96 kit Nextera XT DNA Library Preparation Kit with the Illumina DNA/RNA UD Indexes	
SRR34446762	FAIL(3)	SRX29607352	SAMN49882070	SRP599672	NextSeq 500 sequencing: GSM9097832: S953_J_0.1_0.7 rep3 Komagataella phaffii RNA-Seq				S953_J_0.1_0.7 rep3		GSE302181	PRJNA1289154	460519	Komagataella phaffii	RNA-Seq	TRANSCRIPTOMIC	cDNA	NextSeq 500	388543045	GSM9097832	GEO accession GSE302181 is currently private and is scheduled to be released on Jul 01, 2029.	NextSeq 500 sequencing: GSM9097832: S953_J_0.1_0.7 rep3 Komagataella phaffii RNA-Seq	Qiagen RNeasy 96 kit Nextera XT DNA Library Preparation Kit with the Illumina DNA/RNA UD Indexes	
SRR34446764	WARN(3,4,6)	SRX29607350	SAMN49882072	SRP599672	NextSeq 500 sequencing: GSM9097830: S953_J_0.1_0.7 rep1 Komagataella phaffii RNA-Seq				S953_J_0.1_0.7 rep1		GSE302181	PRJNA1289154	460519	Komagataella phaffii	RNA-Seq	TRANSCRIPTOMIC	cDNA	NextSeq 500	355201165	GSM9097830	GEO accession GSE302181 is currently private and is scheduled to be released on Jul 01, 2029.	NextSeq 500 sequencing: GSM9097830: S953_J_0.1_0.7 rep1 Komagataella phaffii RNA-Seq	Qiagen RNeasy 96 kit Nextera XT DNA Library Preparation Kit with the Illumina DNA/RNA UD Indexes	
SRR34446767	WARN(3,4,6)	SRX29607347	SAMN49882075	SRP599672	NextSeq 500 sequencing: GSM9097827: S953_J_0.5_0.7 rep1 Komagataella phaffii RNA-Seq				S953_J_0.5_0.7 rep1		GSE302181	PRJNA1289154	460519	Komagataella phaffii	RNA-Seq	TRANSCRIPTOMIC	cDNA	NextSeq 500	310555300	GSM9097827	GEO accession GSE302181 is currently private and is scheduled to be released on Jul 01, 2029.	NextSeq 500 sequencing: GSM9097827: S953_J_0.5_0.7 rep1 Komagataella phaffii RNA-Seq	Qiagen RNeasy 96 kit Nextera XT DNA Library Preparation Kit with the Illumina DNA/RNA UD Indexes	
SRR34446775	WARN(3,4,6)	SRX29607339	SAMN49882083	SRP599672	NextSeq 500 sequencing: GSM9097819: S953_H_0.5_0.7 rep2 Komagataella phaffii RNA-Seq				S953_H_0.5_0.7 rep2		GSE302181	PRJNA1289154	460519	Komagataella phaffii	RNA-Seq	TRANSCRIPTOMIC	cDNA	NextSeq 500	352256905	GSM9097819	GEO accession GSE302181 is currently private and is scheduled to be released on Jul 01, 2029.	NextSeq 500 sequencing: GSM9097819: S953_H_0.5_0.7 rep2 Komagataella phaffii RNA-Seq	Qiagen RNeasy 96 kit Nextera XT DNA Library Preparation Kit with the Illumina DNA/RNA UD Indexes	
SRR34446781	FAIL(3)	SRX29607333	SAMN49882089	SRP599672	NextSeq 500 sequencing: GSM9097813: S953_G_0.1_0.7 rep2 Komagataella phaffii RNA-Seq				S953_G_0.1_0.7 rep2		GSE302181	PRJNA1289154	460519	Komagataella phaffii	RNA-Seq	TRANSCRIPTOMIC	cDNA	NextSeq 500	345581940	GSM9097813	GEO accession GSE302181 is currently private and is scheduled to be released on Jul 01, 2029.	NextSeq 500 sequencing: GSM9097813: S953_G_0.1_0.7 rep2 Komagataella phaffii RNA-Seq	Qiagen RNeasy 96 kit Nextera XT DNA Library Preparation Kit with the Illumina DNA/RNA UD Indexes	
SRR34446783	WARN(3,4,6)	SRX29607331	SAMN49882091	SRP599672	NextSeq 500 sequencing: GSM9097811: S953_G_0.5_0.7 rep3 Komagataella phaffii RNA-Seq				S953_G_0.5_0.7 rep3		GSE302181	PRJNA1289154	460519	Komagataella phaffii	RNA-Seq	TRANSCRIPTOMIC	cDNA	NextSeq 500	400219380	GSM9097811	GEO accession GSE302181 is currently private and is scheduled to be released on Jul 01, 2029.	NextSeq 500 sequencing: GSM9097811: S953_G_0.5_0.7 rep3 Komagataella phaffii RNA-Seq	Qiagen RNeasy 96 kit Nextera XT DNA Library Preparation Kit with the Illumina DNA/RNA UD Indexes	
SRR34446786	WARN(3,4,6)	SRX29607328	SAMN49882094	SRP599672	NextSeq 500 sequencing: GSM9097808: S953_G_std_0.7 rep3 Komagataella phaffii RNA-Seq				S953_G_std_0.7 rep3		GSE302181	PRJNA1289154	460519	Komagataella phaffii	RNA-Seq	TRANSCRIPTOMIC	cDNA	NextSeq 500	415815125	GSM9097808	GEO accession GSE302181 is currently private and is scheduled to be released on Jul 01, 2029.	NextSeq 500 sequencing: GSM9097808: S953_G_std_0.7 rep3 Komagataella phaffii RNA-Seq	Qiagen RNeasy 96 kit Nextera XT DNA Library Preparation Kit with the Illumina DNA/RNA UD Indexes	
SRR34446792	WARN(3,4,6)	SRX29607322	SAMN49882100	SRP599672	NextSeq 500 sequencing: GSM9097802: S953_F_0.5_0.7 rep3 Komagataella phaffii RNA-Seq				S953_F_0.5_0.7 rep3		GSE302181	PRJNA1289154	460519	Komagataella phaffii	RNA-Seq	TRANSCRIPTOMIC	cDNA	NextSeq 500	344031160	GSM9097802	GEO accession GSE302181 is currently private and is scheduled to be released on Jul 01, 2029.	NextSeq 500 sequencing: GSM9097802: S953_F_0.5_0.7 rep3 Komagataella phaffii RNA-Seq	Qiagen RNeasy 96 kit Nextera XT DNA Library Preparation Kit with the Illumina DNA/RNA UD Indexes	
SRR34446795	WARN(3,4,6)	SRX29607319	SAMN49882103	SRP599672	NextSeq 500 sequencing: GSM9097799: S953_F_std_0.7 rep3 Komagataella phaffii RNA-Seq				S953_F_std_0.7 rep3		GSE302181	PRJNA1289154	460519	Komagataella phaffii	RNA-Seq	TRANSCRIPTOMIC	cDNA	NextSeq 500	362245180	GSM9097799	GEO accession GSE302181 is currently private and is scheduled to be released on Jul 01, 2029.	NextSeq 500 sequencing: GSM9097799: S953_F_std_0.7 rep3 Komagataella phaffii RNA-Seq	Qiagen RNeasy 96 kit Nextera XT DNA Library Preparation Kit with the Illumina DNA/RNA UD Indexes	
SRR34446801	FAIL(3)	SRX29607313	SAMN49882109	SRP599672	NextSeq 500 sequencing: GSM9097793: S953_E_0.5_0.7 rep3 Komagataella phaffii RNA-Seq				S953_E_0.5_0.7 rep3		GSE302181	PRJNA1289154	460519	Komagataella phaffii	RNA-Seq	TRANSCRIPTOMIC	cDNA	NextSeq 500	185297145	GSM9097793	GEO accession GSE302181 is currently private and is scheduled to be released on Jul 01, 2029.	NextSeq 500 sequencing: GSM9097793: S953_E_0.5_0.7 rep3 Komagataella phaffii RNA-Seq	Qiagen RNeasy 96 kit Nextera XT DNA Library Preparation Kit with the Illumina DNA/RNA UD Indexes	
SRR34446802	WARN(3,4,5,6,7)	SRX29607312	SAMN49882110	SRP599672	NextSeq 500 sequencing: GSM9097792: S953_E_0.5_0.7 rep2 Komagataella phaffii RNA-Seq				S953_E_0.5_0.7 rep2		GSE302181	PRJNA1289154	460519	Komagataella phaffii	RNA-Seq	TRANSCRIPTOMIC	cDNA	NextSeq 500	181384995	GSM9097792	GEO accession GSE302181 is currently private and is scheduled to be released on Jul 01, 2029.	NextSeq 500 sequencing: GSM9097792: S953_E_0.5_0.7 rep2 Komagataella phaffii RNA-Seq	Qiagen RNeasy 96 kit Nextera XT DNA Library Preparation Kit with the Illumina DNA/RNA UD Indexes	
SRR34446804	WARN(3,4,5,6,7)	SRX29607310	SAMN49882112	SRP599672	NextSeq 500 sequencing: GSM9097790: S953_E_std_0.7 rep3 Komagataella phaffii RNA-Seq				S953_E_std_0.7 rep3		GSE302181	PRJNA1289154	460519	Komagataella phaffii	RNA-Seq	TRANSCRIPTOMIC	cDNA	NextSeq 500	204644495	GSM9097790	GEO accession GSE302181 is currently private and is scheduled to be released on Jul 01, 2029.	NextSeq 500 sequencing: GSM9097790: S953_E_std_0.7 rep3 Komagataella phaffii RNA-Seq	Qiagen RNeasy 96 kit Nextera XT DNA Library Preparation Kit with the Illumina DNA/RNA UD Indexes	
SRR34446808	FAIL(3)	SRX29607306	SAMN49882116	SRP599672	NextSeq 500 sequencing: GSM9097786: S953_D_std_0.7 rep2 Komagataella phaffii RNA-Seq				S953_D_std_0.7 rep2		GSE302181	PRJNA1289154	460519	Komagataella phaffii	RNA-Seq	TRANSCRIPTOMIC	cDNA	NextSeq 500	156717165	GSM9097786	GEO accession GSE302181 is currently private and is scheduled to be released on Jul 01, 2029.	NextSeq 500 sequencing: GSM9097786: S953_D_std_0.7 rep2 Komagataella phaffii RNA-Seq	Qiagen RNeasy 96 kit Nextera XT DNA Library Preparation Kit with the Illumina DNA/RNA UD Indexes	
SRR34446810	FAIL(1,5,7)	SRX29607304	SAMN49882034	SRP599672	NextSeq 500 sequencing: GSM9097868: S953_F_0.5_0.3 rep3 Komagataella phaffii RNA-Seq				S953_F_0.5_0.3 rep3		GSE302181	PRJNA1289154	460519	Komagataella phaffii	RNA-Seq	TRANSCRIPTOMIC	cDNA	NextSeq 500	551320	GSM9097868	GEO accession GSE302181 is currently private and is scheduled to be released on Jul 01, 2029.	NextSeq 500 sequencing: GSM9097868: S953_F_0.5_0.3 rep3 Komagataella phaffii RNA-Seq	Qiagen RNeasy 96 kit Nextera XT DNA Library Preparation Kit with the Illumina DNA/RNA UD Indexes	
SRR34446820	FAIL(3)	SRX29607294	SAMN49882044	SRP599672	NextSeq 500 sequencing: GSM9097858: S953_E_0.5_0.3 rep2 Komagataella phaffii RNA-Seq				S953_E_0.5_0.3 rep2		GSE302181	PRJNA1289154	460519	Komagataella phaffii	RNA-Seq	TRANSCRIPTOMIC	cDNA	NextSeq 500	328337790	GSM9097858	GEO accession GSE302181 is currently private and is scheduled to be released on Jul 01, 2029.	NextSeq 500 sequencing: GSM9097858: S953_E_0.5_0.3 rep2 Komagataella phaffii RNA-Seq	Qiagen RNeasy 96 kit Nextera XT DNA Library Preparation Kit with the Illumina DNA/RNA UD Indexes	
SRR34446825	FAIL(3,4,6)	SRX29607289	SAMN49882049	SRP599672	NextSeq 500 sequencing: GSM9097853: S953_D_std_0.3 rep3 Komagataella phaffii RNA-Seq				S953_D_std_0.3 rep3		GSE302181	PRJNA1289154	460519	Komagataella phaffii	RNA-Seq	TRANSCRIPTOMIC	cDNA	NextSeq 500	323688420	GSM9097853	GEO accession GSE302181 is currently private and is scheduled to be released on Jul 01, 2029.	NextSeq 500 sequencing: GSM9097853: S953_D_std_0.3 rep3 Komagataella phaffii RNA-Seq	Qiagen RNeasy 96 kit Nextera XT DNA Library Preparation Kit with the Illumina DNA/RNA UD Indexes	
SRR34446826	FAIL(3)	SRX29607288	SAMN49882050	SRP599672	NextSeq 500 sequencing: GSM9097852: S953_D_std_0.3 rep2 Komagataella phaffii RNA-Seq				S953_D_std_0.3 rep2		GSE302181	PRJNA1289154	460519	Komagataella phaffii	RNA-Seq	TRANSCRIPTOMIC	cDNA	NextSeq 500	357561600	GSM9097852	GEO accession GSE302181 is currently private and is scheduled to be released on Jul 01, 2029.	NextSeq 500 sequencing: GSM9097852: S953_D_std_0.3 rep2 Komagataella phaffii RNA-Seq	Qiagen RNeasy 96 kit Nextera XT DNA Library Preparation Kit with the Illumina DNA/RNA UD Indexes	
SRR34446828	FAIL(3)	SRX29607286	SAMN49882052	SRP599672	NextSeq 500 sequencing: GSM9097850: S953_C_0.1_0.3 rep3 Komagataella phaffii RNA-Seq				S953_C_0.1_0.3 rep3		GSE302181	PRJNA1289154	460519	Komagataella phaffii	RNA-Seq	TRANSCRIPTOMIC	cDNA	NextSeq 500	309653795	GSM9097850	GEO accession GSE302181 is currently private and is scheduled to be released on Jul 01, 2029.	NextSeq 500 sequencing: GSM9097850: S953_C_0.1_0.3 rep3 Komagataella phaffii RNA-Seq	Qiagen RNeasy 96 kit Nextera XT DNA Library Preparation Kit with the Illumina DNA/RNA UD Indexes	
SRR34446831	WARN(3,4,6)	SRX29607283	SAMN49882055	SRP599672	NextSeq 500 sequencing: GSM9097847: S953_C_0.5_0.3 rep3 Komagataella phaffii RNA-Seq				S953_C_0.5_0.3 rep3		GSE302181	PRJNA1289154	460519	Komagataella phaffii	RNA-Seq	TRANSCRIPTOMIC	cDNA	NextSeq 500	337779475	GSM9097847	GEO accession GSE302181 is currently private and is scheduled to be released on Jul 01, 2029.	NextSeq 500 sequencing: GSM9097847: S953_C_0.5_0.3 rep3 Komagataella phaffii RNA-Seq	Qiagen RNeasy 96 kit Nextera XT DNA Library Preparation Kit with the Illumina DNA/RNA UD Indexes	
SRR34446832	WARN(3,4,6)	SRX29607282	SAMN49882056	SRP599672	NextSeq 500 sequencing: GSM9097846: S953_C_0.5_0.3 rep2 Komagataella phaffii RNA-Seq				S953_C_0.5_0.3 rep2		GSE302181	PRJNA1289154	460519	Komagataella phaffii	RNA-Seq	TRANSCRIPTOMIC	cDNA	NextSeq 500	374678480	GSM9097846	GEO accession GSE302181 is currently private and is scheduled to be released on Jul 01, 2029.	NextSeq 500 sequencing: GSM9097846: S953_C_0.5_0.3 rep2 Komagataella phaffii RNA-Seq	Qiagen RNeasy 96 kit Nextera XT DNA Library Preparation Kit with the Illumina DNA/RNA UD Indexes	
SRR34446833	WARN(3,4,6)	SRX29607281	SAMN49882057	SRP599672	NextSeq 500 sequencing: GSM9097845: S953_C_0.5_0.3 rep1 Komagataella phaffii RNA-Seq				S953_C_0.5_0.3 rep1		GSE302181	PRJNA1289154	460519	Komagataella phaffii	RNA-Seq	TRANSCRIPTOMIC	cDNA	NextSeq 500	404634505	GSM9097845	GEO accession GSE302181 is currently private and is scheduled to be released on Jul 01, 2029.	NextSeq 500 sequencing: GSM9097845: S953_C_0.5_0.3 rep1 Komagataella phaffii RNA-Seq	Qiagen RNeasy 96 kit Nextera XT DNA Library Preparation Kit with the Illumina DNA/RNA UD Indexes	
SRR34446835	WARN(3,4)	SRX29607279	SAMN49882059	SRP599672	NextSeq 500 sequencing: GSM9097843: S953_C_std_0.3 rep2 Komagataella phaffii RNA-Seq				S953_C_std_0.3 rep2		GSE302181	PRJNA1289154	460519	Komagataella phaffii	RNA-Seq	TRANSCRIPTOMIC	cDNA	NextSeq 500	308186890	GSM9097843	GEO accession GSE302181 is currently private and is scheduled to be released on Jul 01, 2029.	NextSeq 500 sequencing: GSM9097843: S953_C_std_0.3 rep2 Komagataella phaffii RNA-Seq	Qiagen RNeasy 96 kit Nextera XT DNA Library Preparation Kit with the Illumina DNA/RNA UD Indexes	
SRR34446836	WARN(3,4,6)	SRX29607278	SAMN49882060	SRP599672	NextSeq 500 sequencing: GSM9097842: S953_C_std_0.3 rep1 Komagataella phaffii RNA-Seq				S953_C_std_0.3 rep1		GSE302181	PRJNA1289154	460519	Komagataella phaffii	RNA-Seq	TRANSCRIPTOMIC	cDNA	NextSeq 500	373259095	GSM9097842	GEO accession GSE302181 is currently private and is scheduled to be released on Jul 01, 2029.	NextSeq 500 sequencing: GSM9097842: S953_C_std_0.3 rep1 Komagataella phaffii RNA-Seq	Qiagen RNeasy 96 kit Nextera XT DNA Library Preparation Kit with the Illumina DNA/RNA UD Indexes	
SRR34446839	WARN(3,4,5,6,7)	SRX29607275	SAMN49882147	SRP599672	NextSeq 500 sequencing: GSM9097755: S953_H_0.1_1 rep1 Komagataella phaffii RNA-Seq				S953_H_0.1_1 rep1		GSE302181	PRJNA1289154	460519	Komagataella phaffii	RNA-Seq	TRANSCRIPTOMIC	cDNA	NextSeq 500	208326195	GSM9097755	GEO accession GSE302181 is currently private and is scheduled to be released on Jul 01, 2029.	NextSeq 500 sequencing: GSM9097755: S953_H_0.1_1 rep1 Komagataella phaffii RNA-Seq	Qiagen RNeasy 96 kit Nextera XT DNA Library Preparation Kit with the Illumina DNA/RNA UD Indexes	
SRR34446842	WARN(3,4,5)	SRX29607272	SAMN49882150	SRP599672	NextSeq 500 sequencing: GSM9097752: S953_H_0.5_1 rep1 Komagataella phaffii RNA-Seq				S953_H_0.5_1 rep1		GSE302181	PRJNA1289154	460519	Komagataella phaffii	RNA-Seq	TRANSCRIPTOMIC	cDNA	NextSeq 500	249528785	GSM9097752	GEO accession GSE302181 is currently private and is scheduled to be released on Jul 01, 2029.	NextSeq 500 sequencing: GSM9097752: S953_H_0.5_1 rep1 Komagataella phaffii RNA-Seq	Qiagen RNeasy 96 kit Nextera XT DNA Library Preparation Kit with the Illumina DNA/RNA UD Indexes	
SRR34446848	WARN(3,4,5,6,7)	SRX29607266	SAMN49882156	SRP599672	NextSeq 500 sequencing: GSM9097746: S953_G_0.1_1 rep1 Komagataella phaffii RNA-Seq				S953_G_0.1_1 rep1		GSE302181	PRJNA1289154	460519	Komagataella phaffii	RNA-Seq	TRANSCRIPTOMIC	cDNA	NextSeq 500	219382460	GSM9097746	GEO accession GSE302181 is currently private and is scheduled to be released on Jul 01, 2029.	NextSeq 500 sequencing: GSM9097746: S953_G_0.1_1 rep1 Komagataella phaffii RNA-Seq	Qiagen RNeasy 96 kit Nextera XT DNA Library Preparation Kit with the Illumina DNA/RNA UD Indexes	
SRR34446850	WARN(3,4,5,6,7)	SRX29607264	SAMN49882158	SRP599672	NextSeq 500 sequencing: GSM9097744: S953_G_0.5_1 rep2 Komagataella phaffii RNA-Seq				S953_G_0.5_1 rep2		GSE302181	PRJNA1289154	460519	Komagataella phaffii	RNA-Seq	TRANSCRIPTOMIC	cDNA	NextSeq 500	184580000	GSM9097744	GEO accession GSE302181 is currently private and is scheduled to be released on Jul 01, 2029.	NextSeq 500 sequencing: GSM9097744: S953_G_0.5_1 rep2 Komagataella phaffii RNA-Seq	Qiagen RNeasy 96 kit Nextera XT DNA Library Preparation Kit with the Illumina DNA/RNA UD Indexes	
SRR34446851	WARN(3,4,5,6,7)	SRX29607263	SAMN49882159	SRP599672	NextSeq 500 sequencing: GSM9097743: S953_G_0.5_1 rep1 Komagataella phaffii RNA-Seq				S953_G_0.5_1 rep1		GSE302181	PRJNA1289154	460519	Komagataella phaffii	RNA-Seq	TRANSCRIPTOMIC	cDNA	NextSeq 500	197724010	GSM9097743	GEO accession GSE302181 is currently private and is scheduled to be released on Jul 01, 2029.	NextSeq 500 sequencing: GSM9097743: S953_G_0.5_1 rep1 Komagataella phaffii RNA-Seq	Qiagen RNeasy 96 kit Nextera XT DNA Library Preparation Kit with the Illumina DNA/RNA UD Indexes	
SRR34446852	WARN(3,4,5,7)	SRX29607262	SAMN49882160	SRP599672	NextSeq 500 sequencing: GSM9097742: S953_G_std_1 rep3 Komagataella phaffii RNA-Seq				S953_G_std_1 rep3		GSE302181	PRJNA1289154	460519	Komagataella phaffii	RNA-Seq	TRANSCRIPTOMIC	cDNA	NextSeq 500	207833010	GSM9097742	GEO accession GSE302181 is currently private and is scheduled to be released on Jul 01, 2029.	NextSeq 500 sequencing: GSM9097742: S953_G_std_1 rep3 Komagataella phaffii RNA-Seq	Qiagen RNeasy 96 kit Nextera XT DNA Library Preparation Kit with the Illumina DNA/RNA UD Indexes	
SRR34446854	WARN(3,4)	SRX29607260	SAMN49882162	SRP599672	NextSeq 500 sequencing: GSM9097740: S953_G_std_1 rep1 Komagataella phaffii RNA-Seq				S953_G_std_1 rep1		GSE302181	PRJNA1289154	460519	Komagataella phaffii	RNA-Seq	TRANSCRIPTOMIC	cDNA	NextSeq 500	290310790	GSM9097740	GEO accession GSE302181 is currently private and is scheduled to be released on Jul 01, 2029.	NextSeq 500 sequencing: GSM9097740: S953_G_std_1 rep1 Komagataella phaffii RNA-Seq	Qiagen RNeasy 96 kit Nextera XT DNA Library Preparation Kit with the Illumina DNA/RNA UD Indexes	
SRR34446857	WARN(3,4,5,6,7)	SRX29607257	SAMN49882165	SRP599672	NextSeq 500 sequencing: GSM9097737: S953_F_0.1_1 rep1 Komagataella phaffii RNA-Seq				S953_F_0.1_1 rep1		GSE302181	PRJNA1289154	460519	Komagataella phaffii	RNA-Seq	TRANSCRIPTOMIC	cDNA	NextSeq 500	194964880	GSM9097737	GEO accession GSE302181 is currently private and is scheduled to be released on Jul 01, 2029.	NextSeq 500 sequencing: GSM9097737: S953_F_0.1_1 rep1 Komagataella phaffii RNA-Seq	Qiagen RNeasy 96 kit Nextera XT DNA Library Preparation Kit with the Illumina DNA/RNA UD Indexes	
SRR34446858	WARN(3,4,5,6,7)	SRX29607256	SAMN49882166	SRP599672	NextSeq 500 sequencing: GSM9097736: S953_F_0.5_1 rep3 Komagataella phaffii RNA-Seq				S953_F_0.5_1 rep3		GSE302181	PRJNA1289154	460519	Komagataella phaffii	RNA-Seq	TRANSCRIPTOMIC	cDNA	NextSeq 500	201711180	GSM9097736	GEO accession GSE302181 is currently private and is scheduled to be released on Jul 01, 2029.	NextSeq 500 sequencing: GSM9097736: S953_F_0.5_1 rep3 Komagataella phaffii RNA-Seq	Qiagen RNeasy 96 kit Nextera XT DNA Library Preparation Kit with the Illumina DNA/RNA UD Indexes	
SRR34446859	WARN(3,4,5,6,7)	SRX29607255	SAMN49882167	SRP599672	NextSeq 500 sequencing: GSM9097735: S953_F_0.5_1 rep2 Komagataella phaffii RNA-Seq				S953_F_0.5_1 rep2		GSE302181	PRJNA1289154	460519	Komagataella phaffii	RNA-Seq	TRANSCRIPTOMIC	cDNA	NextSeq 500	208602570	GSM9097735	GEO accession GSE302181 is currently private and is scheduled to be released on Jul 01, 2029.	NextSeq 500 sequencing: GSM9097735: S953_F_0.5_1 rep2 Komagataella phaffii RNA-Seq	Qiagen RNeasy 96 kit Nextera XT DNA Library Preparation Kit with the Illumina DNA/RNA UD Indexes	
SRR34446860	FAIL(3)	SRX29607254	SAMN49882168	SRP599672	NextSeq 500 sequencing: GSM9097734: S953_F_0.5_1 rep1 Komagataella phaffii RNA-Seq				S953_F_0.5_1 rep1		GSE302181	PRJNA1289154	460519	Komagataella phaffii	RNA-Seq	TRANSCRIPTOMIC	cDNA	NextSeq 500	197595530	GSM9097734	GEO accession GSE302181 is currently private and is scheduled to be released on Jul 01, 2029.	NextSeq 500 sequencing: GSM9097734: S953_F_0.5_1 rep1 Komagataella phaffii RNA-Seq	Qiagen RNeasy 96 kit Nextera XT DNA Library Preparation Kit with the Illumina DNA/RNA UD Indexes	
SRR34446861	WARN(3,4,5,6,7)	SRX29607253	SAMN49882169	SRP599672	NextSeq 500 sequencing: GSM9097733: S953_F_std_1 rep3 Komagataella phaffii RNA-Seq				S953_F_std_1 rep3		GSE302181	PRJNA1289154	460519	Komagataella phaffii	RNA-Seq	TRANSCRIPTOMIC	cDNA	NextSeq 500	246660260	GSM9097733	GEO accession GSE302181 is currently private and is scheduled to be released on Jul 01, 2029.	NextSeq 500 sequencing: GSM9097733: S953_F_std_1 rep3 Komagataella phaffii RNA-Seq	Qiagen RNeasy 96 kit Nextera XT DNA Library Preparation Kit with the Illumina DNA/RNA UD Indexes	
SRR34446864	WARN(3,4,5,6,7)	SRX29607250	SAMN49882172	SRP599672	NextSeq 500 sequencing: GSM9097730: S953_E_0.1_1 rep3 Komagataella phaffii RNA-Seq				S953_E_0.1_1 rep3		GSE302181	PRJNA1289154	460519	Komagataella phaffii	RNA-Seq	TRANSCRIPTOMIC	cDNA	NextSeq 500	196176530	GSM9097730	GEO accession GSE302181 is currently private and is scheduled to be released on Jul 01, 2029.	NextSeq 500 sequencing: GSM9097730: S953_E_0.1_1 rep3 Komagataella phaffii RNA-Seq	Qiagen RNeasy 96 kit Nextera XT DNA Library Preparation Kit with the Illumina DNA/RNA UD Indexes	
SRR34446870	WARN(3,4,5,6,7)	SRX29607244	SAMN49882014	SRP599672	NextSeq 500 sequencing: GSM9097888: S953_H_0.1_0.3 rep2 Komagataella phaffii RNA-Seq				S953_H_0.1_0.3 rep2		GSE302181	PRJNA1289154	460519	Komagataella phaffii	RNA-Seq	TRANSCRIPTOMIC	cDNA	NextSeq 500	211566080	GSM9097888	GEO accession GSE302181 is currently private and is scheduled to be released on Jul 01, 2029.	NextSeq 500 sequencing: GSM9097888: S953_H_0.1_0.3 rep2 Komagataella phaffii RNA-Seq	Qiagen RNeasy 96 kit Nextera XT DNA Library Preparation Kit with the Illumina DNA/RNA UD Indexes	
SRR34446871	WARN(3,4,5,6,7)	SRX29607243	SAMN49882015	SRP599672	NextSeq 500 sequencing: GSM9097887: S953_H_0.1_0.3 rep1 Komagataella phaffii RNA-Seq				S953_H_0.1_0.3 rep1		GSE302181	PRJNA1289154	460519	Komagataella phaffii	RNA-Seq	TRANSCRIPTOMIC	cDNA	NextSeq 500	236879995	GSM9097887	GEO accession GSE302181 is currently private and is scheduled to be released on Jul 01, 2029.	NextSeq 500 sequencing: GSM9097887: S953_H_0.1_0.3 rep1 Komagataella phaffii RNA-Seq	Qiagen RNeasy 96 kit Nextera XT DNA Library Preparation Kit with the Illumina DNA/RNA UD Indexes	
SRR34446872	WARN(3,4,5,6,7)	SRX29607242	SAMN49882016	SRP599672	NextSeq 500 sequencing: GSM9097886: S953_H_0.5_0.3 rep3 Komagataella phaffii RNA-Seq				S953_H_0.5_0.3 rep3		GSE302181	PRJNA1289154	460519	Komagataella phaffii	RNA-Seq	TRANSCRIPTOMIC	cDNA	NextSeq 500	227697525	GSM9097886	GEO accession GSE302181 is currently private and is scheduled to be released on Jul 01, 2029.	NextSeq 500 sequencing: GSM9097886: S953_H_0.5_0.3 rep3 Komagataella phaffii RNA-Seq	Qiagen RNeasy 96 kit Nextera XT DNA Library Preparation Kit with the Illumina DNA/RNA UD Indexes	
SRR34446874	WARN(3,4,5,6,7)	SRX29607240	SAMN49882018	SRP599672	NextSeq 500 sequencing: GSM9097884: S953_H_0.5_0.3 rep1 Komagataella phaffii RNA-Seq				S953_H_0.5_0.3 rep1		GSE302181	PRJNA1289154	460519	Komagataella phaffii	RNA-Seq	TRANSCRIPTOMIC	cDNA	NextSeq 500	204056930	GSM9097884	GEO accession GSE302181 is currently private and is scheduled to be released on Jul 01, 2029.	NextSeq 500 sequencing: GSM9097884: S953_H_0.5_0.3 rep1 Komagataella phaffii RNA-Seq	Qiagen RNeasy 96 kit Nextera XT DNA Library Preparation Kit with the Illumina DNA/RNA UD Indexes	
SRR34446875	WARN(3,4)	SRX29607239	SAMN49882019	SRP599672	NextSeq 500 sequencing: GSM9097883: S953_H_std_0.3 rep3 Komagataella phaffii RNA-Seq				S953_H_std_0.3 rep3		GSE302181	PRJNA1289154	460519	Komagataella phaffii	RNA-Seq	TRANSCRIPTOMIC	cDNA	NextSeq 500	308583935	GSM9097883	GEO accession GSE302181 is currently private and is scheduled to be released on Jul 01, 2029.	NextSeq 500 sequencing: GSM9097883: S953_H_std_0.3 rep3 Komagataella phaffii RNA-Seq	Qiagen RNeasy 96 kit Nextera XT DNA Library Preparation Kit with the Illumina DNA/RNA UD Indexes	
SRR34446876	WARN(3,4,5,6,7)	SRX29607238	SAMN49882020	SRP599672	NextSeq 500 sequencing: GSM9097882: S953_H_std_0.3 rep2 Komagataella phaffii RNA-Seq				S953_H_std_0.3 rep2		GSE302181	PRJNA1289154	460519	Komagataella phaffii	RNA-Seq	TRANSCRIPTOMIC	cDNA	NextSeq 500	216865990	GSM9097882	GEO accession GSE302181 is currently private and is scheduled to be released on Jul 01, 2029.	NextSeq 500 sequencing: GSM9097882: S953_H_std_0.3 rep2 Komagataella phaffii RNA-Seq	Qiagen RNeasy 96 kit Nextera XT DNA Library Preparation Kit with the Illumina DNA/RNA UD Indexes	
SRR34446878	FAIL(1,3,5,7)	SRX29607236	SAMN49882022	SRP599672	NextSeq 500 sequencing: GSM9097880: S953_G_0.1_0.3 rep3 Komagataella phaffii RNA-Seq				S953_G_0.1_0.3 rep3		GSE302181	PRJNA1289154	460519	Komagataella phaffii	RNA-Seq	TRANSCRIPTOMIC	cDNA	NextSeq 500	154935	GSM9097880	GEO accession GSE302181 is currently private and is scheduled to be released on Jul 01, 2029.	NextSeq 500 sequencing: GSM9097880: S953_G_0.1_0.3 rep3 Komagataella phaffii RNA-Seq	Qiagen RNeasy 96 kit Nextera XT DNA Library Preparation Kit with the Illumina DNA/RNA UD Indexes	
SRR34446881	FAIL(3)	SRX29607233	SAMN49882025	SRP599672	NextSeq 500 sequencing: GSM9097877: S953_G_0.5_0.3 rep3 Komagataella phaffii RNA-Seq				S953_G_0.5_0.3 rep3		GSE302181	PRJNA1289154	460519	Komagataella phaffii	RNA-Seq	TRANSCRIPTOMIC	cDNA	NextSeq 500	331305755	GSM9097877	GEO accession GSE302181 is currently private and is scheduled to be released on Jul 01, 2029.	NextSeq 500 sequencing: GSM9097877: S953_G_0.5_0.3 rep3 Komagataella phaffii RNA-Seq	Qiagen RNeasy 96 kit Nextera XT DNA Library Preparation Kit with the Illumina DNA/RNA UD Indexes	
SRR34446882	WARN(3,4,5,6,7)	SRX29607232	SAMN49882026	SRP599672	NextSeq 500 sequencing: GSM9097876: S953_G_0.5_0.3 rep2 Komagataella phaffii RNA-Seq				S953_G_0.5_0.3 rep2		GSE302181	PRJNA1289154	460519	Komagataella phaffii	RNA-Seq	TRANSCRIPTOMIC	cDNA	NextSeq 500	299046055	GSM9097876	GEO accession GSE302181 is currently private and is scheduled to be released on Jul 01, 2029.	NextSeq 500 sequencing: GSM9097876: S953_G_0.5_0.3 rep2 Komagataella phaffii RNA-Seq	Qiagen RNeasy 96 kit Nextera XT DNA Library Preparation Kit with the Illumina DNA/RNA UD Indexes	
SRR34446884	WARN(3,4,5,6,7)	SRX29607230	SAMN49882028	SRP599672	NextSeq 500 sequencing: GSM9097874: S953_G_std_0.3 rep3 Komagataella phaffii RNA-Seq				S953_G_std_0.3 rep3		GSE302181	PRJNA1289154	460519	Komagataella phaffii	RNA-Seq	TRANSCRIPTOMIC	cDNA	NextSeq 500	195237350	GSM9097874	GEO accession GSE302181 is currently private and is scheduled to be released on Jul 01, 2029.	NextSeq 500 sequencing: GSM9097874: S953_G_std_0.3 rep3 Komagataella phaffii RNA-Seq	Qiagen RNeasy 96 kit Nextera XT DNA Library Preparation Kit with the Illumina DNA/RNA UD Indexes	
SRR34446886	WARN(3,4,6)	SRX29607228	SAMN49882030	SRP599672	NextSeq 500 sequencing: GSM9097872: S953_G_std_0.3 rep1 Komagataella phaffii RNA-Seq				S953_G_std_0.3 rep1		GSE302181	PRJNA1289154	460519	Komagataella phaffii	RNA-Seq	TRANSCRIPTOMIC	cDNA	NextSeq 500	318235335	GSM9097872	GEO accession GSE302181 is currently private and is scheduled to be released on Jul 01, 2029.	NextSeq 500 sequencing: GSM9097872: S953_G_std_0.3 rep1 Komagataella phaffii RNA-Seq	Qiagen RNeasy 96 kit Nextera XT DNA Library Preparation Kit with the Illumina DNA/RNA UD Indexes	
SRR34446887	WARN(3,4,5,6,7)	SRX29607227	SAMN49882031	SRP599672	NextSeq 500 sequencing: GSM9097871: S953_F_0.1_0.3 rep3 Komagataella phaffii RNA-Seq				S953_F_0.1_0.3 rep3		GSE302181	PRJNA1289154	460519	Komagataella phaffii	RNA-Seq	TRANSCRIPTOMIC	cDNA	NextSeq 500	296669670	GSM9097871	GEO accession GSE302181 is currently private and is scheduled to be released on Jul 01, 2029.	NextSeq 500 sequencing: GSM9097871: S953_F_0.1_0.3 rep3 Komagataella phaffii RNA-Seq	Qiagen RNeasy 96 kit Nextera XT DNA Library Preparation Kit with the Illumina DNA/RNA UD Indexes	
SRR34446893	WARN(3)	SRX29607221	SAMN49882121	SRP599672	NextSeq 500 sequencing: GSM9097781: S953_C_0.5_0.7 rep3 Komagataella phaffii RNA-Seq				S953_C_0.5_0.7 rep3		GSE302181	PRJNA1289154	460519	Komagataella phaffii	RNA-Seq	TRANSCRIPTOMIC	cDNA	NextSeq 500	296434875	GSM9097781	GEO accession GSE302181 is currently private and is scheduled to be released on Jul 01, 2029.	NextSeq 500 sequencing: GSM9097781: S953_C_0.5_0.7 rep3 Komagataella phaffii RNA-Seq	Qiagen RNeasy 96 kit Nextera XT DNA Library Preparation Kit with the Illumina DNA/RNA UD Indexes	
SRR34446896	WARN(3)	SRX29607218	SAMN49882124	SRP599672	NextSeq 500 sequencing: GSM9097778: S953_C_std_0.7 rep3 Komagataella phaffii RNA-Seq				S953_C_std_0.7 rep3		GSE302181	PRJNA1289154	460519	Komagataella phaffii	RNA-Seq	TRANSCRIPTOMIC	cDNA	NextSeq 500	275590810	GSM9097778	GEO accession GSE302181 is currently private and is scheduled to be released on Jul 01, 2029.	NextSeq 500 sequencing: GSM9097778: S953_C_std_0.7 rep3 Komagataella phaffii RNA-Seq	Qiagen RNeasy 96 kit Nextera XT DNA Library Preparation Kit with the Illumina DNA/RNA UD Indexes	
SRR34446900	FAIL(3)	SRX29607214	SAMN49882128	SRP599672	NextSeq 500 sequencing: GSM9097774: S953_B_0.1_0.7 rep2 Komagataella phaffii RNA-Seq				S953_B_0.1_0.7 rep2		GSE302181	PRJNA1289154	460519	Komagataella phaffii	RNA-Seq	TRANSCRIPTOMIC	cDNA	NextSeq 500	202023195	GSM9097774	GEO accession GSE302181 is currently private and is scheduled to be released on Jul 01, 2029.	NextSeq 500 sequencing: GSM9097774: S953_B_0.1_0.7 rep2 Komagataella phaffii RNA-Seq	Qiagen RNeasy 96 kit Nextera XT DNA Library Preparation Kit with the Illumina DNA/RNA UD Indexes	
SRR34446901	FAIL(3)	SRX29607213	SAMN49882129	SRP599672	NextSeq 500 sequencing: GSM9097773: S953_B_0.1_0.7 rep1 Komagataella phaffii RNA-Seq				S953_B_0.1_0.7 rep1		GSE302181	PRJNA1289154	460519	Komagataella phaffii	RNA-Seq	TRANSCRIPTOMIC	cDNA	NextSeq 500	199540935	GSM9097773	GEO accession GSE302181 is currently private and is scheduled to be released on Jul 01, 2029.	NextSeq 500 sequencing: GSM9097773: S953_B_0.1_0.7 rep1 Komagataella phaffii RNA-Seq	Qiagen RNeasy 96 kit Nextera XT DNA Library Preparation Kit with the Illumina DNA/RNA UD Indexes	
SRR34446906	PASS	SRX29607208	SAMN49882134	SRP599672	NextSeq 500 sequencing: GSM9097768: S953_B_std_0.7 rep2 Komagataella phaffii RNA-Seq				S953_B_std_0.7 rep2		GSE302181	PRJNA1289154	460519	Komagataella phaffii	RNA-Seq	TRANSCRIPTOMIC	cDNA	NextSeq 500	229039470	GSM9097768	GEO accession GSE302181 is currently private and is scheduled to be released on Jul 01, 2029.	NextSeq 500 sequencing: GSM9097768: S953_B_std_0.7 rep2 Komagataella phaffii RNA-Seq	Qiagen RNeasy 96 kit Nextera XT DNA Library Preparation Kit with the Illumina DNA/RNA UD Indexes	
SRR34446908	WARN(3,4,5,6,7)	SRX29607206	SAMN49882136	SRP599672	NextSeq 500 sequencing: GSM9097766: S953_J_0.1_1 rep3 Komagataella phaffii RNA-Seq				S953_J_0.1_1 rep3		GSE302181	PRJNA1289154	460519	Komagataella phaffii	RNA-Seq	TRANSCRIPTOMIC	cDNA	NextSeq 500	201063665	GSM9097766	GEO accession GSE302181 is currently private and is scheduled to be released on Jul 01, 2029.	NextSeq 500 sequencing: GSM9097766: S953_J_0.1_1 rep3 Komagataella phaffii RNA-Seq	Qiagen RNeasy 96 kit Nextera XT DNA Library Preparation Kit with the Illumina DNA/RNA UD Indexes	
SRR34446910	WARN(3,4,5,6,7)	SRX29607204	SAMN49882138	SRP599672	NextSeq 500 sequencing: GSM9097764: S953_J_0.1_1 rep1 Komagataella phaffii RNA-Seq				S953_J_0.1_1 rep1		GSE302181	PRJNA1289154	460519	Komagataella phaffii	RNA-Seq	TRANSCRIPTOMIC	cDNA	NextSeq 500	209277805	GSM9097764	GEO accession GSE302181 is currently private and is scheduled to be released on Jul 01, 2029.	NextSeq 500 sequencing: GSM9097764: S953_J_0.1_1 rep1 Komagataella phaffii RNA-Seq	Qiagen RNeasy 96 kit Nextera XT DNA Library Preparation Kit with the Illumina DNA/RNA UD Indexes	
SRR34446911	WARN(3,4,5,6,7)	SRX29607203	SAMN49882139	SRP599672	NextSeq 500 sequencing: GSM9097763: S953_J_0.5_1 rep3 Komagataella phaffii RNA-Seq				S953_J_0.5_1 rep3		GSE302181	PRJNA1289154	460519	Komagataella phaffii	RNA-Seq	TRANSCRIPTOMIC	cDNA	NextSeq 500	245797860	GSM9097763	GEO accession GSE302181 is currently private and is scheduled to be released on Jul 01, 2029.	NextSeq 500 sequencing: GSM9097763: S953_J_0.5_1 rep3 Komagataella phaffii RNA-Seq	Qiagen RNeasy 96 kit Nextera XT DNA Library Preparation Kit with the Illumina DNA/RNA UD Indexes	
SRR34446915	WARN(3,4,6)	SRX29607199	SAMN49882143	SRP599672	NextSeq 500 sequencing: GSM9097759: S953_J_std_1 rep2 Komagataella phaffii RNA-Seq				S953_J_std_1 rep2		GSE302181	PRJNA1289154	460519	Komagataella phaffii	RNA-Seq	TRANSCRIPTOMIC	cDNA	NextSeq 500	272153695	GSM9097759	GEO accession GSE302181 is currently private and is scheduled to be released on Jul 01, 2029.	NextSeq 500 sequencing: GSM9097759: S953_J_std_1 rep2 Komagataella phaffii RNA-Seq	Qiagen RNeasy 96 kit Nextera XT DNA Library Preparation Kit with the Illumina DNA/RNA UD Indexes	
SRR34446917	WARN(3,4,5,6,7)	SRX29607197	SAMN49882145	SRP599672	NextSeq 500 sequencing: GSM9097757: S953_H_0.1_1 rep3 Komagataella phaffii RNA-Seq				S953_H_0.1_1 rep3		GSE302181	PRJNA1289154	460519	Komagataella phaffii	RNA-Seq	TRANSCRIPTOMIC	cDNA	NextSeq 500	224794460	GSM9097757	GEO accession GSE302181 is currently private and is scheduled to be released on Jul 01, 2029.	NextSeq 500 sequencing: GSM9097757: S953_H_0.1_1 rep3 Komagataella phaffii RNA-Seq	Qiagen RNeasy 96 kit Nextera XT DNA Library Preparation Kit with the Illumina DNA/RNA UD Indexes	
SRR34446921	WARN(3,4,5,6,7)	SRX29607193	SAMN49882177	SRP599672	NextSeq 500 sequencing: GSM9097725: S953_E_0.5_1 rep1 Komagataella phaffii RNA-Seq				S953_E_0.5_1 rep1		GSE302181	PRJNA1289154	460519	Komagataella phaffii	RNA-Seq	TRANSCRIPTOMIC	cDNA	NextSeq 500	231268015	GSM9097725	GEO accession GSE302181 is currently private and is scheduled to be released on Jul 01, 2029.	NextSeq 500 sequencing: GSM9097725: S953_E_0.5_1 rep1 Komagataella phaffii RNA-Seq	Qiagen RNeasy 96 kit Nextera XT DNA Library Preparation Kit with the Illumina DNA/RNA UD Indexes	
SRR34446925	FAIL(3,4)	SRX29607189	SAMN49882181	SRP599672	NextSeq 500 sequencing: GSM9097721: S953_D_std_1 rep3 Komagataella phaffii RNA-Seq				S953_D_std_1 rep3		GSE302181	PRJNA1289154	460519	Komagataella phaffii	RNA-Seq	TRANSCRIPTOMIC	cDNA	NextSeq 500	203929330	GSM9097721	GEO accession GSE302181 is currently private and is scheduled to be released on Jul 01, 2029.	NextSeq 500 sequencing: GSM9097721: S953_D_std_1 rep3 Komagataella phaffii RNA-Seq	Qiagen RNeasy 96 kit Nextera XT DNA Library Preparation Kit with the Illumina DNA/RNA UD Indexes	
SRR34446926	FAIL(3)	SRX29607188	SAMN49882182	SRP599672	NextSeq 500 sequencing: GSM9097720: S953_D_std_1 rep2 Komagataella phaffii RNA-Seq				S953_D_std_1 rep2		GSE302181	PRJNA1289154	460519	Komagataella phaffii	RNA-Seq	TRANSCRIPTOMIC	cDNA	NextSeq 500	210713470	GSM9097720	GEO accession GSE302181 is currently private and is scheduled to be released on Jul 01, 2029.	NextSeq 500 sequencing: GSM9097720: S953_D_std_1 rep2 Komagataella phaffii RNA-Seq	Qiagen RNeasy 96 kit Nextera XT DNA Library Preparation Kit with the Illumina DNA/RNA UD Indexes	
SRR34446928	FAIL(3)	SRX29607186	SAMN49882184	SRP599672	NextSeq 500 sequencing: GSM9097718: S953_C_0.1_1 rep3 Komagataella phaffii RNA-Seq				S953_C_0.1_1 rep3		GSE302181	PRJNA1289154	460519	Komagataella phaffii	RNA-Seq	TRANSCRIPTOMIC	cDNA	NextSeq 500	197872235	GSM9097718	GEO accession GSE302181 is currently private and is scheduled to be released on Jul 01, 2029.	NextSeq 500 sequencing: GSM9097718: S953_C_0.1_1 rep3 Komagataella phaffii RNA-Seq	Qiagen RNeasy 96 kit Nextera XT DNA Library Preparation Kit with the Illumina DNA/RNA UD Indexes	
SRR34446930	FAIL(3)	SRX29607184	SAMN49882186	SRP599672	NextSeq 500 sequencing: GSM9097716: S953_C_0.1_1 rep1 Komagataella phaffii RNA-Seq				S953_C_0.1_1 rep1		GSE302181	PRJNA1289154	460519	Komagataella phaffii	RNA-Seq	TRANSCRIPTOMIC	cDNA	NextSeq 500	225684745	GSM9097716	GEO accession GSE302181 is currently private and is scheduled to be released on Jul 01, 2029.	NextSeq 500 sequencing: GSM9097716: S953_C_0.1_1 rep1 Komagataella phaffii RNA-Seq	Qiagen RNeasy 96 kit Nextera XT DNA Library Preparation Kit with the Illumina DNA/RNA UD Indexes	
SRR34446931	WARN(3,4,5,6,7)	SRX29607183	SAMN49882187	SRP599672	NextSeq 500 sequencing: GSM9097715: S953_C_0.5_1 rep3 Komagataella phaffii RNA-Seq				S953_C_0.5_1 rep3		GSE302181	PRJNA1289154	460519	Komagataella phaffii	RNA-Seq	TRANSCRIPTOMIC	cDNA	NextSeq 500	248416190	GSM9097715	GEO accession GSE302181 is currently private and is scheduled to be released on Jul 01, 2029.	NextSeq 500 sequencing: GSM9097715: S953_C_0.5_1 rep3 Komagataella phaffii RNA-Seq	Qiagen RNeasy 96 kit Nextera XT DNA Library Preparation Kit with the Illumina DNA/RNA UD Indexes	
SRR34446932	WARN(3,4,5,6,7)	SRX29607182	SAMN49882188	SRP599672	NextSeq 500 sequencing: GSM9097714: S953_C_0.5_1 rep2 Komagataella phaffii RNA-Seq				S953_C_0.5_1 rep2		GSE302181	PRJNA1289154	460519	Komagataella phaffii	RNA-Seq	TRANSCRIPTOMIC	cDNA	NextSeq 500	233658150	GSM9097714	GEO accession GSE302181 is currently private and is scheduled to be released on Jul 01, 2029.	NextSeq 500 sequencing: GSM9097714: S953_C_0.5_1 rep2 Komagataella phaffii RNA-Seq	Qiagen RNeasy 96 kit Nextera XT DNA Library Preparation Kit with the Illumina DNA/RNA UD Indexes	
SRR34446936	WARN(3)	SRX29607178	SAMN49882192	SRP599672	NextSeq 500 sequencing: GSM9097710: S953_C_std_1 rep1 Komagataella phaffii RNA-Seq				S953_C_std_1 rep1		GSE302181	PRJNA1289154	460519	Komagataella phaffii	RNA-Seq	TRANSCRIPTOMIC	cDNA	NextSeq 500	248784195	GSM9097710	GEO accession GSE302181 is currently private and is scheduled to be released on Jul 01, 2029.	NextSeq 500 sequencing: GSM9097710: S953_C_std_1 rep1 Komagataella phaffii RNA-Seq	Qiagen RNeasy 96 kit Nextera XT DNA Library Preparation Kit with the Illumina DNA/RNA UD Indexes	
SRR34446938	FAIL(3)	SRX29607176	SAMN49882194	SRP599672	NextSeq 500 sequencing: GSM9097708: S953_B_0.1_1 rep2 Komagataella phaffii RNA-Seq				S953_B_0.1_1 rep2		GSE302181	PRJNA1289154	460519	Komagataella phaffii	RNA-Seq	TRANSCRIPTOMIC	cDNA	NextSeq 500	193017770	GSM9097708	GEO accession GSE302181 is currently private and is scheduled to be released on Jul 01, 2029.	NextSeq 500 sequencing: GSM9097708: S953_B_0.1_1 rep2 Komagataella phaffii RNA-Seq	Qiagen RNeasy 96 kit Nextera XT DNA Library Preparation Kit with the Illumina DNA/RNA UD Indexes	
SRR36038742	PASS	SRX31087838	SAMN52840803	SRP644950	Illumina NovaSeq 6000 sequencing: RNA-seq of Komagataella Phaffii: without feeding DMB-S-MMP 3h				Microbe sample from Komagataella phaffii		PRJNA1346813	PRJNA1346813	460519	Komagataella phaffii	RNA-Seq	TRANSCRIPTOMIC	Oligo-dT	Illumina NovaSeq 6000	7624548600	zero	K. phaffii culture with and without the side chain addition	Illumina NovaSeq 6000 sequencing: RNA-seq of Komagataella Phaffii: without feeding DMB-S-MMP 3h		
SRR36141165	PASS	SRX31182277	SAMN53359123	SRP647794	454 GS sequencing: GS115-High-3_S6_L002_R1_001				Microbe sample from Komagataella phaffii		PRJNA1367964	PRJNA1367964	460519	Komagataella phaffii	WGA	TRANSCRIPTOMIC	RANDOM	454 GS	0	GS115-High-3_S6_L002_R1_001	Enhancing the Secretion Efficiency of Heterologous Proteins in Pichia pastoris through N-Glycosylation and SOD1-Mediated Redox Regulation	454 GS sequencing: GS115-High-3_S6_L002_R1_001		
SRR36552963	PASS	SRX31566796	SAMN54182361	SRP657116	Illumina HiSeq 1000 sequencing: library9				GSAR-37-1_L1_1		PRJNA1390409	PRJNA1390409	460519	Komagataella phaffii	RNA-Seq	TRANSCRIPTOMIC	Oligo-dT	Illumina HiSeq 1000	6113356800	GSAR-37-1_L1_1	GSAR RNA-Seq Raw sequence reads	Illumina HiSeq 1000 sequencing: library9		
SRR36552966	PASS	SRX31566793	SAMN54182355	SRP657116	Illumina HiSeq 1000 sequencing: library3				GS115-2_L1_1		PRJNA1390409	PRJNA1390409	460519	Komagataella phaffii	RNA-Seq	TRANSCRIPTOMIC	Oligo-dT	Illumina HiSeq 1000	6771533400	GS115-2_L1_1	GSAR RNA-Seq Raw sequence reads	Illumina HiSeq 1000 sequencing: library3		
SRR6727413	PASS	SRX3700416	SAMN08536667	SRP132882	Illumina HiSeq 2500 sequencing: GSM3004392: Control_1 Komagataella phaffii RNA-Seq				Control_1		GSE110624	PRJNA434119	460519	Komagataella phaffii	RNA-Seq	TRANSCRIPTOMIC	cDNA	Illumina HiSeq 2500	1396831000	GSM3004392	A single Gal4-like transcription factor activates the Crabtree effect in Komagataella phaffii	Illumina HiSeq 2500 sequencing: GSM3004392: Control_1 Komagataella phaffii RNA-Seq	Pellets from the samples collected during the exponential growth phase were resuspended in 1 mL TRI Reagent (Sigma, USA). Cells were disrupted by glass beads using a ribolyser (MP Biomedicals, USA) for 40 sec at 5.5 ms-1. RNA was extracted by chloroform and precipitated with isopropanol. After washing twice with 75% ethanol, RNA was dissolved in nuclease-free water. After DNase treatment (Invitrogen, USA), concentration of RNA was measured by Nanodrop and quality of the samples was verified with the Agilent Bioanalyzer 2100 using the RNA 6000 Nano Assay kit (Agilent Technologies, California). RNASeq analysis was performed with poly(A)-enriched mRNAs at Vienna Biocenter Core Facilities GmbH (AT). cDNA libraries were constructed from these poly(A)-enriched mRNAs and sequenced by Illumina HiSeq v4.	
SRR6727418	PASS	SRX3700421	SAMN08536671	SRP132882	Illumina HiSeq 2500 sequencing: GSM3004397: OE_3 Komagataella phaffii RNA-Seq				OE_3		GSE110624	PRJNA434119	460519	Komagataella phaffii	RNA-Seq	TRANSCRIPTOMIC	cDNA	Illumina HiSeq 2500	1374594000	GSM3004397	A single Gal4-like transcription factor activates the Crabtree effect in Komagataella phaffii	Illumina HiSeq 2500 sequencing: GSM3004397: OE_3 Komagataella phaffii RNA-Seq	Pellets from the samples collected during the exponential growth phase were resuspended in 1 mL TRI Reagent (Sigma, USA). Cells were disrupted by glass beads using a ribolyser (MP Biomedicals, USA) for 40 sec at 5.5 ms-1. RNA was extracted by chloroform and precipitated with isopropanol. After washing twice with 75% ethanol, RNA was dissolved in nuclease-free water. After DNase treatment (Invitrogen, USA), concentration of RNA was measured by Nanodrop and quality of the samples was verified with the Agilent Bioanalyzer 2100 using the RNA 6000 Nano Assay kit (Agilent Technologies, California). RNASeq analysis was performed with poly(A)-enriched mRNAs at Vienna Biocenter Core Facilities GmbH (AT). cDNA libraries were constructed from these poly(A)-enriched mRNAs and sequenced by Illumina HiSeq v4.	
SRR6727419	PASS	SRX3700422	SAMN08536666	SRP132882	Illumina HiSeq 2500 sequencing: GSM3004398: KO_1 Komagataella phaffii RNA-Seq				KO_1		GSE110624	PRJNA434119	460519	Komagataella phaffii	RNA-Seq	TRANSCRIPTOMIC	cDNA	Illumina HiSeq 2500	1733549900	GSM3004398	A single Gal4-like transcription factor activates the Crabtree effect in Komagataella phaffii	Illumina HiSeq 2500 sequencing: GSM3004398: KO_1 Komagataella phaffii RNA-Seq	Pellets from the samples collected during the exponential growth phase were resuspended in 1 mL TRI Reagent (Sigma, USA). Cells were disrupted by glass beads using a ribolyser (MP Biomedicals, USA) for 40 sec at 5.5 ms-1. RNA was extracted by chloroform and precipitated with isopropanol. After washing twice with 75% ethanol, RNA was dissolved in nuclease-free water. After DNase treatment (Invitrogen, USA), concentration of RNA was measured by Nanodrop and quality of the samples was verified with the Agilent Bioanalyzer 2100 using the RNA 6000 Nano Assay kit (Agilent Technologies, California). RNASeq analysis was performed with poly(A)-enriched mRNAs at Vienna Biocenter Core Facilities GmbH (AT). cDNA libraries were constructed from these poly(A)-enriched mRNAs and sequenced by Illumina HiSeq v4.	
SRR6727420	PASS	SRX3700423	SAMN08536665	SRP132882	Illumina HiSeq 2500 sequencing: GSM3004399: KO_2 Komagataella phaffii RNA-Seq				KO_2		GSE110624	PRJNA434119	460519	Komagataella phaffii	RNA-Seq	TRANSCRIPTOMIC	cDNA	Illumina HiSeq 2500	1514999300	GSM3004399	A single Gal4-like transcription factor activates the Crabtree effect in Komagataella phaffii	Illumina HiSeq 2500 sequencing: GSM3004399: KO_2 Komagataella phaffii RNA-Seq	Pellets from the samples collected during the exponential growth phase were resuspended in 1 mL TRI Reagent (Sigma, USA). Cells were disrupted by glass beads using a ribolyser (MP Biomedicals, USA) for 40 sec at 5.5 ms-1. RNA was extracted by chloroform and precipitated with isopropanol. After washing twice with 75% ethanol, RNA was dissolved in nuclease-free water. After DNase treatment (Invitrogen, USA), concentration of RNA was measured by Nanodrop and quality of the samples was verified with the Agilent Bioanalyzer 2100 using the RNA 6000 Nano Assay kit (Agilent Technologies, California). RNASeq analysis was performed with poly(A)-enriched mRNAs at Vienna Biocenter Core Facilities GmbH (AT). cDNA libraries were constructed from these poly(A)-enriched mRNAs and sequenced by Illumina HiSeq v4.	
SRR6727421	PASS	SRX3700424	SAMN08536664	SRP132882	Illumina HiSeq 2500 sequencing: GSM3004400: KO_3 Komagataella phaffii RNA-Seq				KO_3		GSE110624	PRJNA434119	460519	Komagataella phaffii	RNA-Seq	TRANSCRIPTOMIC	cDNA	Illumina HiSeq 2500	1694543200	GSM3004400	A single Gal4-like transcription factor activates the Crabtree effect in Komagataella phaffii	Illumina HiSeq 2500 sequencing: GSM3004400: KO_3 Komagataella phaffii RNA-Seq	Pellets from the samples collected during the exponential growth phase were resuspended in 1 mL TRI Reagent (Sigma, USA). Cells were disrupted by glass beads using a ribolyser (MP Biomedicals, USA) for 40 sec at 5.5 ms-1. RNA was extracted by chloroform and precipitated with isopropanol. After washing twice with 75% ethanol, RNA was dissolved in nuclease-free water. After DNase treatment (Invitrogen, USA), concentration of RNA was measured by Nanodrop and quality of the samples was verified with the Agilent Bioanalyzer 2100 using the RNA 6000 Nano Assay kit (Agilent Technologies, California). RNASeq analysis was performed with poly(A)-enriched mRNAs at Vienna Biocenter Core Facilities GmbH (AT). cDNA libraries were constructed from these poly(A)-enriched mRNAs and sequenced by Illumina HiSeq v4.	
SRR9048186	PASS	SRX5824711	SAMN11635040	SRP198262	Illumina HiSeq 4000 sequencing: GSM3763564: WT_0.05_rep1 Komagataella phaffii RNA-Seq				WT_0.05_rep1		GSE131106	PRJNA542662	460519	Komagataella phaffii	RNA-Seq	TRANSCRIPTOMIC	cDNA	Illumina HiSeq 4000	658916050	GSM3763564	Pseudohyphal differentiation in Komagataella phaffii: investigating the FLO gene family	Illumina HiSeq 4000 sequencing: GSM3763564: WT_0.05_rep1 Komagataella phaffii RNA-Seq	The ethanol/phenol fixed cells were resuspended in 1 mL TRI reagent (Sigma Aldrich), lysed using glass beads as described in the previous section and RNA was extracted according to the TRI reagent protocol. DNase treatment was carried out using the Ambion DNA-free kit (Invitrogen). RNA concentration and integrity was analysed using the Nanodrop spectrophotometer and Bioanalyzer (Agilent). mRNA library preparation, polyA enrichment	
SRR9048190	PASS	SRX5824715	SAMN11635036	SRP198262	Illumina HiSeq 4000 sequencing: GSM3763568: WT_0.1_switchback_rep2 Komagataella phaffii RNA-Seq				WT_0.1_switchback_rep2		GSE131106	PRJNA542662	460519	Komagataella phaffii	RNA-Seq	TRANSCRIPTOMIC	cDNA	Illumina HiSeq 4000	626847700	GSM3763568	Pseudohyphal differentiation in Komagataella phaffii: investigating the FLO gene family	Illumina HiSeq 4000 sequencing: GSM3763568: WT_0.1_switchback_rep2 Komagataella phaffii RNA-Seq	The ethanol/phenol fixed cells were resuspended in 1 mL TRI reagent (Sigma Aldrich), lysed using glass beads as described in the previous section and RNA was extracted according to the TRI reagent protocol. DNase treatment was carried out using the Ambion DNA-free kit (Invitrogen). RNA concentration and integrity was analysed using the Nanodrop spectrophotometer and Bioanalyzer (Agilent). mRNA library preparation, polyA enrichment	
SRR9048194	PASS	SRX5824719	SAMN11634993	SRP198262	Illumina HiSeq 4000 sequencing: GSM3763572: Δflo8_0.1_rep3 Komagataella phaffii RNA-Seq				Δflo8_0.1_rep3		GSE131106	PRJNA542662	460519	Komagataella phaffii	RNA-Seq	TRANSCRIPTOMIC	cDNA	Illumina HiSeq 4000	673147100	GSM3763572	Pseudohyphal differentiation in Komagataella phaffii: investigating the FLO gene family	Illumina HiSeq 4000 sequencing: GSM3763572: Δflo8_0.1_rep3 Komagataella phaffii RNA-Seq	The ethanol/phenol fixed cells were resuspended in 1 mL TRI reagent (Sigma Aldrich), lysed using glass beads as described in the previous section and RNA was extracted according to the TRI reagent protocol. DNase treatment was carried out using the Ambion DNA-free kit (Invitrogen). RNA concentration and integrity was analysed using the Nanodrop spectrophotometer and Bioanalyzer (Agilent). mRNA library preparation, polyA enrichment	
SRR9048196	PASS	SRX5824721	SAMN11634991	SRP198262	Illumina HiSeq 4000 sequencing: GSM3763574: Δflo8_0.05_rep2 Komagataella phaffii RNA-Seq				Δflo8_0.05_rep2		GSE131106	PRJNA542662	460519	Komagataella phaffii	RNA-Seq	TRANSCRIPTOMIC	cDNA	Illumina HiSeq 4000	665786950	GSM3763574	Pseudohyphal differentiation in Komagataella phaffii: investigating the FLO gene family	Illumina HiSeq 4000 sequencing: GSM3763574: Δflo8_0.05_rep2 Komagataella phaffii RNA-Seq	The ethanol/phenol fixed cells were resuspended in 1 mL TRI reagent (Sigma Aldrich), lysed using glass beads as described in the previous section and RNA was extracted according to the TRI reagent protocol. DNase treatment was carried out using the Ambion DNA-free kit (Invitrogen). RNA concentration and integrity was analysed using the Nanodrop spectrophotometer and Bioanalyzer (Agilent). mRNA library preparation, polyA enrichment	
SRR14237545	WARN(1,5,6,7)	SRX10600431	SAMN18740773	SRP314811	Illumina MiSeq sequencing: GSM5240788: exp020821 P8 rep 2 Komagataella phaffii RNA-Seq				exp020821 P8 rep 2		GSE172054	PRJNA721898	460519	Komagataella phaffii	RNA-Seq	TRANSCRIPTOMIC	cDNA	Illumina MiSeq	53660448	GSM5240788	Engineered SARS-CoV-2 receptor binding domain improves manufacturability in yeast and immunogenicity in mice	Illumina MiSeq sequencing: GSM5240788: exp020821 P8 rep 2 Komagataella phaffii RNA-Seq	RNA was extracted and purified according to the Qiagen RNeasy kit (cat #74104) and RNA quality was analyzed to ensure RNA Quality Number >6.5. 3'DGE Nextera	
SRR14237549	FAIL(7)	SRX10600435	SAMN18740769	SRP314811	Illumina MiSeq sequencing: GSM5240792: exp020821 engRBD rep 2 Komagataella phaffii RNA-Seq				exp020821 engRBD rep 2		GSE172054	PRJNA721898	460519	Komagataella phaffii	RNA-Seq	TRANSCRIPTOMIC	cDNA	Illumina MiSeq	37824408	GSM5240792	Engineered SARS-CoV-2 receptor binding domain improves manufacturability in yeast and immunogenicity in mice	Illumina MiSeq sequencing: GSM5240792: exp020821 engRBD rep 2 Komagataella phaffii RNA-Seq	RNA was extracted and purified according to the Qiagen RNeasy kit (cat #74104) and RNA quality was analyzed to ensure RNA Quality Number >6.5. 3'DGE Nextera	
SRR14237552	FAIL(7)	SRX10600438	SAMN18740766	SRP314811	Illumina MiSeq sequencing: GSM5240795: exp020821 RBD rep 1 Komagataella phaffii RNA-Seq				exp020821 RBD rep 1		GSE172054	PRJNA721898	460519	Komagataella phaffii	RNA-Seq	TRANSCRIPTOMIC	cDNA	Illumina MiSeq	43138656	GSM5240795	Engineered SARS-CoV-2 receptor binding domain improves manufacturability in yeast and immunogenicity in mice	Illumina MiSeq sequencing: GSM5240795: exp020821 RBD rep 1 Komagataella phaffii RNA-Seq	RNA was extracted and purified according to the Qiagen RNeasy kit (cat #74104) and RNA quality was analyzed to ensure RNA Quality Number >6.5. 3'DGE Nextera	
SRR14237553	FAIL(5,6,7)	SRX10600439	SAMN18740765	SRP314811	Illumina MiSeq sequencing: GSM5240796: exp020821 RBD rep 2 Komagataella phaffii RNA-Seq				exp020821 RBD rep 2		GSE172054	PRJNA721898	460519	Komagataella phaffii	RNA-Seq	TRANSCRIPTOMIC	cDNA	Illumina MiSeq	33843168	GSM5240796	Engineered SARS-CoV-2 receptor binding domain improves manufacturability in yeast and immunogenicity in mice	Illumina MiSeq sequencing: GSM5240796: exp020821 RBD rep 2 Komagataella phaffii RNA-Seq	RNA was extracted and purified according to the Qiagen RNeasy kit (cat #74104) and RNA quality was analyzed to ensure RNA Quality Number >6.5. 3'DGE Nextera	
SRR14237555	FAIL(5,6,7)	SRX10600441	SAMN18740763	SRP314811	Illumina MiSeq sequencing: GSM5240798: exp020821 RBD rep 4 Komagataella phaffii RNA-Seq				exp020821 RBD rep 4		GSE172054	PRJNA721898	460519	Komagataella phaffii	RNA-Seq	TRANSCRIPTOMIC	cDNA	Illumina MiSeq	30773664	GSM5240798	Engineered SARS-CoV-2 receptor binding domain improves manufacturability in yeast and immunogenicity in mice	Illumina MiSeq sequencing: GSM5240798: exp020821 RBD rep 4 Komagataella phaffii RNA-Seq	RNA was extracted and purified according to the Qiagen RNeasy kit (cat #74104) and RNA quality was analyzed to ensure RNA Quality Number >6.5. 3'DGE Nextera	
SRR14237558	FAIL(3,4,5,6,7)	SRX10600444	SAMN18740760	SRP314811	Illumina MiSeq sequencing: GSM5240801: exp031020 RBD rep 3 Komagataella phaffii RNA-Seq				exp031020 RBD rep 3		GSE172054	PRJNA721898	460519	Komagataella phaffii	RNA-Seq	TRANSCRIPTOMIC	cDNA	Illumina MiSeq	62766720	GSM5240801	Engineered SARS-CoV-2 receptor binding domain improves manufacturability in yeast and immunogenicity in mice	Illumina MiSeq sequencing: GSM5240801: exp031020 RBD rep 3 Komagataella phaffii RNA-Seq	RNA was extracted and purified according to the Qiagen RNeasy kit (cat #74104) and RNA quality was analyzed to ensure RNA Quality Number >6.5. 3'DGE Nextera	
SRR14237559	FAIL(3,4,5,6,7)	SRX10600445	SAMN18740759	SRP314811	Illumina MiSeq sequencing: GSM5240802: exp031020 RBD rep 4 Komagataella phaffii RNA-Seq				exp031020 RBD rep 4		GSE172054	PRJNA721898	460519	Komagataella phaffii	RNA-Seq	TRANSCRIPTOMIC	cDNA	Illumina MiSeq	60246792	GSM5240802	Engineered SARS-CoV-2 receptor binding domain improves manufacturability in yeast and immunogenicity in mice	Illumina MiSeq sequencing: GSM5240802: exp031020 RBD rep 4 Komagataella phaffii RNA-Seq	RNA was extracted and purified according to the Qiagen RNeasy kit (cat #74104) and RNA quality was analyzed to ensure RNA Quality Number >6.5. 3'DGE Nextera	
SRR14237560	FAIL(3,4,6,7)	SRX10600446	SAMN18740758	SRP314811	Illumina MiSeq sequencing: GSM5240803: exp031020 RBD rep 5 Komagataella phaffii RNA-Seq				exp031020 RBD rep 5		GSE172054	PRJNA721898	460519	Komagataella phaffii	RNA-Seq	TRANSCRIPTOMIC	cDNA	Illumina MiSeq	67606056	GSM5240803	Engineered SARS-CoV-2 receptor binding domain improves manufacturability in yeast and immunogenicity in mice	Illumina MiSeq sequencing: GSM5240803: exp031020 RBD rep 5 Komagataella phaffii RNA-Seq	RNA was extracted and purified according to the Qiagen RNeasy kit (cat #74104) and RNA quality was analyzed to ensure RNA Quality Number >6.5. 3'DGE Nextera	
SRR14237564	FAIL(3,4,5,6,7)	SRX10600450	SAMN18740782	SRP314811	Illumina MiSeq sequencing: GSM5240807: exp031020 RBD rep 9 Komagataella phaffii RNA-Seq				exp031020 RBD rep 9		GSE172054	PRJNA721898	460519	Komagataella phaffii	RNA-Seq	TRANSCRIPTOMIC	cDNA	Illumina MiSeq	55318464	GSM5240807	Engineered SARS-CoV-2 receptor binding domain improves manufacturability in yeast and immunogenicity in mice	Illumina MiSeq sequencing: GSM5240807: exp031020 RBD rep 9 Komagataella phaffii RNA-Seq	RNA was extracted and purified according to the Qiagen RNeasy kit (cat #74104) and RNA quality was analyzed to ensure RNA Quality Number >6.5. 3'DGE Nextera	
SRR5082639	WARN(3,4,6)	SRX2400608	SAMN06099136	SRP094666	Illumina Genome Analyzer IIx sequencing: RNA-Seq of Komagataella phaffii: wild type				Microbe sample from Komagataella phaffii		PRJNA355965	PRJNA355965	460519	Komagataella phaffii	RNA-Seq	TRANSCRIPTOMIC	PCR	Illumina Genome Analyzer IIx	1743055668	wg1	Transcriptome analysis of mig1?mig2? mutant of Pichia pastoris GS115	Illumina Genome Analyzer IIx sequencing: RNA-Seq of Komagataella phaffii: wild type		
SRR6849407	PASS	SRX3804671	SAMN08724679	SRP135907	Illumina HiSeq 2500 sequencing: GSM3045850: YPD-wt, rep 2 Komagataella phaffii RNA-Seq				YPD-wt, rep 2		GSE111973	PRJNA438709	460519	Komagataella phaffii	RNA-Seq	TRANSCRIPTOMIC	cDNA	Illumina HiSeq 2500	1417612700	GSM3045850	RNA-seq differential expression analysis of Komagataella phaffii CBS2612 under mating conditions	Illumina HiSeq 2500 sequencing: GSM3045850: YPD-wt, rep 2 Komagataella phaffii RNA-Seq	Cells were disrupted mechanically and RNA was extracted using TRI reagent (Sigma-Aldrich) according to the manufacturer's protocol. RNA libraries were prepared for sequencing using standard Illumina protocols (PolyA RNA (NEB)).	
SRR6849409	PASS	SRX3804673	SAMN08724677	SRP135907	Illumina HiSeq 2500 sequencing: GSM3045852: YPD-alpha, rep 1 Komagataella phaffii RNA-Seq				YPD-alpha, rep 1		GSE111973	PRJNA438709	460519	Komagataella phaffii	RNA-Seq	TRANSCRIPTOMIC	cDNA	Illumina HiSeq 2500	1425480600	GSM3045852	RNA-seq differential expression analysis of Komagataella phaffii CBS2612 under mating conditions	Illumina HiSeq 2500 sequencing: GSM3045852: YPD-alpha, rep 1 Komagataella phaffii RNA-Seq	Cells were disrupted mechanically and RNA was extracted using TRI reagent (Sigma-Aldrich) according to the manufacturer's protocol. RNA libraries were prepared for sequencing using standard Illumina protocols (PolyA RNA (NEB)).	
SRR6849410	PASS	SRX3804674	SAMN08724676	SRP135907	Illumina HiSeq 2500 sequencing: GSM3045853: YPD-alpha, rep 2 Komagataella phaffii RNA-Seq				YPD-alpha, rep 2		GSE111973	PRJNA438709	460519	Komagataella phaffii	RNA-Seq	TRANSCRIPTOMIC	cDNA	Illumina HiSeq 2500	1406478400	GSM3045853	RNA-seq differential expression analysis of Komagataella phaffii CBS2612 under mating conditions	Illumina HiSeq 2500 sequencing: GSM3045853: YPD-alpha, rep 2 Komagataella phaffii RNA-Seq	Cells were disrupted mechanically and RNA was extracted using TRI reagent (Sigma-Aldrich) according to the manufacturer's protocol. RNA libraries were prepared for sequencing using standard Illumina protocols (PolyA RNA (NEB)).	
SRR6849411	PASS	SRX3804675	SAMN08724675	SRP135907	Illumina HiSeq 2500 sequencing: GSM3045854: YPD-alpha, rep 3 Komagataella phaffii RNA-Seq				YPD-alpha, rep 3		GSE111973	PRJNA438709	460519	Komagataella phaffii	RNA-Seq	TRANSCRIPTOMIC	cDNA	Illumina HiSeq 2500	1547509700	GSM3045854	RNA-seq differential expression analysis of Komagataella phaffii CBS2612 under mating conditions	Illumina HiSeq 2500 sequencing: GSM3045854: YPD-alpha, rep 3 Komagataella phaffii RNA-Seq	Cells were disrupted mechanically and RNA was extracted using TRI reagent (Sigma-Aldrich) according to the manufacturer's protocol. RNA libraries were prepared for sequencing using standard Illumina protocols (PolyA RNA (NEB)).	
SRR6849412	PASS	SRX3804676	SAMN08724674	SRP135907	Illumina HiSeq 2500 sequencing: GSM3045855: YPD-a, rep 1 Komagataella phaffii RNA-Seq				YPD-a, rep 1		GSE111973	PRJNA438709	460519	Komagataella phaffii	RNA-Seq	TRANSCRIPTOMIC	cDNA	Illumina HiSeq 2500	1507145300	GSM3045855	RNA-seq differential expression analysis of Komagataella phaffii CBS2612 under mating conditions	Illumina HiSeq 2500 sequencing: GSM3045855: YPD-a, rep 1 Komagataella phaffii RNA-Seq	Cells were disrupted mechanically and RNA was extracted using TRI reagent (Sigma-Aldrich) according to the manufacturer's protocol. RNA libraries were prepared for sequencing using standard Illumina protocols (PolyA RNA (NEB)).	
SRR6849417	PASS	SRX3804681	SAMN08724669	SRP135907	Illumina HiSeq 2500 sequencing: GSM3045860: AM-wt, rep 3 Komagataella phaffii RNA-Seq				AM-wt, rep 3		GSE111973	PRJNA438709	460519	Komagataella phaffii	RNA-Seq	TRANSCRIPTOMIC	cDNA	Illumina HiSeq 2500	1418879700	GSM3045860	RNA-seq differential expression analysis of Komagataella phaffii CBS2612 under mating conditions	Illumina HiSeq 2500 sequencing: GSM3045860: AM-wt, rep 3 Komagataella phaffii RNA-Seq	Cells were disrupted mechanically and RNA was extracted using TRI reagent (Sigma-Aldrich) according to the manufacturer's protocol. RNA libraries were prepared for sequencing using standard Illumina protocols (PolyA RNA (NEB)).	
SRR6849419	PASS	SRX3804683	SAMN08724667	SRP135907	Illumina HiSeq 2500 sequencing: GSM3045862: AM-alpha, rep 2 Komagataella phaffii RNA-Seq				AM-alpha, rep 2		GSE111973	PRJNA438709	460519	Komagataella phaffii	RNA-Seq	TRANSCRIPTOMIC	cDNA	Illumina HiSeq 2500	1620083800	GSM3045862	RNA-seq differential expression analysis of Komagataella phaffii CBS2612 under mating conditions	Illumina HiSeq 2500 sequencing: GSM3045862: AM-alpha, rep 2 Komagataella phaffii RNA-Seq	Cells were disrupted mechanically and RNA was extracted using TRI reagent (Sigma-Aldrich) according to the manufacturer's protocol. RNA libraries were prepared for sequencing using standard Illumina protocols (PolyA RNA (NEB)).	
SRR9943205	WARN(1,3,4,5,6,7)	SRX6691753	SAMN12547450	SRP217973	Illumina HiSeq 2500 sequencing: GSM4025614: Y48124-G13A Komagataella phaffii RNA-Seq				Y48124-G13A		GSE135665	PRJNA559571	460519	Komagataella phaffii	RNA-Seq	TRANSCRIPTOMIC	cDNA	Illumina HiSeq 2500	120610712	GSM4025614	Comparative genome-scale analysis of Pichia pastoris variants informs selection of an optimal base strain [protein expression]	Illumina HiSeq 2500 sequencing: GSM4025614: Y48124-G13A Komagataella phaffii RNA-Seq	Cells were first digested in digestion buffer (50 mM EDTA, 500 mM sorbitol, pH 7.4) supplemented with 0.1% (v/v) 2-Mercaptoethanol and Zymolyase (Zymo Research, Irvine, CA) for 25 min at 30°C and 100 rpm shaking. Lysis and RNA purification was then performed using the RNeasy kit (Qiagen, Cat #74104). RNA quality was analyzed to ensure RNA Quality Number >7. Protein-expressing strain RNA libraries were prepared using a 3' DGE method adapted from Soumillon, Cacchiarelli, & Semrau, 2014 and sequenced on an Illumina HiSeq2500 to generate paired reads of 17bp (read1) + 46bp (read2).	
SRR9943208	FAIL(6)	SRX6691756	SAMN12547442	SRP217973	Illumina HiSeq 2500 sequencing: GSM4025617: Y48124-G14A Komagataella phaffii RNA-Seq				Y48124-G14A		GSE135665	PRJNA559571	460519	Komagataella phaffii	RNA-Seq	TRANSCRIPTOMIC	cDNA	Illumina HiSeq 2500	96514164	GSM4025617	Comparative genome-scale analysis of Pichia pastoris variants informs selection of an optimal base strain [protein expression]	Illumina HiSeq 2500 sequencing: GSM4025617: Y48124-G14A Komagataella phaffii RNA-Seq	Cells were first digested in digestion buffer (50 mM EDTA, 500 mM sorbitol, pH 7.4) supplemented with 0.1% (v/v) 2-Mercaptoethanol and Zymolyase (Zymo Research, Irvine, CA) for 25 min at 30°C and 100 rpm shaking. Lysis and RNA purification was then performed using the RNeasy kit (Qiagen, Cat #74104). RNA quality was analyzed to ensure RNA Quality Number >7. Protein-expressing strain RNA libraries were prepared using a 3' DGE method adapted from Soumillon, Cacchiarelli, & Semrau, 2014 and sequenced on an Illumina HiSeq2500 to generate paired reads of 17bp (read1) + 46bp (read2).	
SRR9943209	WARN(1,3,4,5,6,7)	SRX6691757	SAMN12547441	SRP217973	Illumina HiSeq 2500 sequencing: GSM4025618: Y48124-G14B Komagataella phaffii RNA-Seq				Y48124-G14B		GSE135665	PRJNA559571	460519	Komagataella phaffii	RNA-Seq	TRANSCRIPTOMIC	cDNA	Illumina HiSeq 2500	90873046	GSM4025618	Comparative genome-scale analysis of Pichia pastoris variants informs selection of an optimal base strain [protein expression]	Illumina HiSeq 2500 sequencing: GSM4025618: Y48124-G14B Komagataella phaffii RNA-Seq	Cells were first digested in digestion buffer (50 mM EDTA, 500 mM sorbitol, pH 7.4) supplemented with 0.1% (v/v) 2-Mercaptoethanol and Zymolyase (Zymo Research, Irvine, CA) for 25 min at 30°C and 100 rpm shaking. Lysis and RNA purification was then performed using the RNeasy kit (Qiagen, Cat #74104). RNA quality was analyzed to ensure RNA Quality Number >7. Protein-expressing strain RNA libraries were prepared using a 3' DGE method adapted from Soumillon, Cacchiarelli, & Semrau, 2014 and sequenced on an Illumina HiSeq2500 to generate paired reads of 17bp (read1) + 46bp (read2).	
SRR9943211	WARN(1,5,6,7)	SRX6691759	SAMN12547446	SRP217973	Illumina HiSeq 2500 sequencing: GSM4025620: Y48124-G16A Komagataella phaffii RNA-Seq				Y48124-G16A		GSE135665	PRJNA559571	460519	Komagataella phaffii	RNA-Seq	TRANSCRIPTOMIC	cDNA	Illumina HiSeq 2500	107393532	GSM4025620	Comparative genome-scale analysis of Pichia pastoris variants informs selection of an optimal base strain [protein expression]	Illumina HiSeq 2500 sequencing: GSM4025620: Y48124-G16A Komagataella phaffii RNA-Seq	Cells were first digested in digestion buffer (50 mM EDTA, 500 mM sorbitol, pH 7.4) supplemented with 0.1% (v/v) 2-Mercaptoethanol and Zymolyase (Zymo Research, Irvine, CA) for 25 min at 30°C and 100 rpm shaking. Lysis and RNA purification was then performed using the RNeasy kit (Qiagen, Cat #74104). RNA quality was analyzed to ensure RNA Quality Number >7. Protein-expressing strain RNA libraries were prepared using a 3' DGE method adapted from Soumillon, Cacchiarelli, & Semrau, 2014 and sequenced on an Illumina HiSeq2500 to generate paired reads of 17bp (read1) + 46bp (read2).	
SRR9943213	WARN(1,5,6,7)	SRX6691761	SAMN12547444	SRP217973	Illumina HiSeq 2500 sequencing: GSM4025622: Y48124-G16C Komagataella phaffii RNA-Seq				Y48124-G16C		GSE135665	PRJNA559571	460519	Komagataella phaffii	RNA-Seq	TRANSCRIPTOMIC	cDNA	Illumina HiSeq 2500	92676292	GSM4025622	Comparative genome-scale analysis of Pichia pastoris variants informs selection of an optimal base strain [protein expression]	Illumina HiSeq 2500 sequencing: GSM4025622: Y48124-G16C Komagataella phaffii RNA-Seq	Cells were first digested in digestion buffer (50 mM EDTA, 500 mM sorbitol, pH 7.4) supplemented with 0.1% (v/v) 2-Mercaptoethanol and Zymolyase (Zymo Research, Irvine, CA) for 25 min at 30°C and 100 rpm shaking. Lysis and RNA purification was then performed using the RNeasy kit (Qiagen, Cat #74104). RNA quality was analyzed to ensure RNA Quality Number >7. Protein-expressing strain RNA libraries were prepared using a 3' DGE method adapted from Soumillon, Cacchiarelli, & Semrau, 2014 and sequenced on an Illumina HiSeq2500 to generate paired reads of 17bp (read1) + 46bp (read2).	
SRR9943214	WARN(1,5,6,7)	SRX6691762	SAMN12547443	SRP217973	Illumina HiSeq 2500 sequencing: GSM4025623: Y48124-H11A Komagataella phaffii RNA-Seq				Y48124-H11A		GSE135665	PRJNA559571	460519	Komagataella phaffii	RNA-Seq	TRANSCRIPTOMIC	cDNA	Illumina HiSeq 2500	89266174	GSM4025623	Comparative genome-scale analysis of Pichia pastoris variants informs selection of an optimal base strain [protein expression]	Illumina HiSeq 2500 sequencing: GSM4025623: Y48124-H11A Komagataella phaffii RNA-Seq	Cells were first digested in digestion buffer (50 mM EDTA, 500 mM sorbitol, pH 7.4) supplemented with 0.1% (v/v) 2-Mercaptoethanol and Zymolyase (Zymo Research, Irvine, CA) for 25 min at 30°C and 100 rpm shaking. Lysis and RNA purification was then performed using the RNeasy kit (Qiagen, Cat #74104). RNA quality was analyzed to ensure RNA Quality Number >7. Protein-expressing strain RNA libraries were prepared using a 3' DGE method adapted from Soumillon, Cacchiarelli, & Semrau, 2014 and sequenced on an Illumina HiSeq2500 to generate paired reads of 17bp (read1) + 46bp (read2).	
SRR9943216	WARN(1,5,6,7)	SRX6691764	SAMN12547436	SRP217973	Illumina HiSeq 2500 sequencing: GSM4025625: Y48124-H11C Komagataella phaffii RNA-Seq				Y48124-H11C		GSE135665	PRJNA559571	460519	Komagataella phaffii	RNA-Seq	TRANSCRIPTOMIC	cDNA	Illumina HiSeq 2500	85359946	GSM4025625	Comparative genome-scale analysis of Pichia pastoris variants informs selection of an optimal base strain [protein expression]	Illumina HiSeq 2500 sequencing: GSM4025625: Y48124-H11C Komagataella phaffii RNA-Seq	Cells were first digested in digestion buffer (50 mM EDTA, 500 mM sorbitol, pH 7.4) supplemented with 0.1% (v/v) 2-Mercaptoethanol and Zymolyase (Zymo Research, Irvine, CA) for 25 min at 30°C and 100 rpm shaking. Lysis and RNA purification was then performed using the RNeasy kit (Qiagen, Cat #74104). RNA quality was analyzed to ensure RNA Quality Number >7. Protein-expressing strain RNA libraries were prepared using a 3' DGE method adapted from Soumillon, Cacchiarelli, & Semrau, 2014 and sequenced on an Illumina HiSeq2500 to generate paired reads of 17bp (read1) + 46bp (read2).	
SRR9943222	WARN(1,3,4,5,6,7)	SRX6691770	SAMN12547433	SRP217973	Illumina HiSeq 2500 sequencing: GSM4025631: Y48124-H13C Komagataella phaffii RNA-Seq				Y48124-H13C		GSE135665	PRJNA559571	460519	Komagataella phaffii	RNA-Seq	TRANSCRIPTOMIC	cDNA	Illumina HiSeq 2500	72704702	GSM4025631	Comparative genome-scale analysis of Pichia pastoris variants informs selection of an optimal base strain [protein expression]	Illumina HiSeq 2500 sequencing: GSM4025631: Y48124-H13C Komagataella phaffii RNA-Seq	Cells were first digested in digestion buffer (50 mM EDTA, 500 mM sorbitol, pH 7.4) supplemented with 0.1% (v/v) 2-Mercaptoethanol and Zymolyase (Zymo Research, Irvine, CA) for 25 min at 30°C and 100 rpm shaking. Lysis and RNA purification was then performed using the RNeasy kit (Qiagen, Cat #74104). RNA quality was analyzed to ensure RNA Quality Number >7. Protein-expressing strain RNA libraries were prepared using a 3' DGE method adapted from Soumillon, Cacchiarelli, & Semrau, 2014 and sequenced on an Illumina HiSeq2500 to generate paired reads of 17bp (read1) + 46bp (read2).	
SRR9943223	WARN(6,7)	SRX6691771	SAMN12547432	SRP217973	Illumina HiSeq 2500 sequencing: GSM4025632: GS115-G12A Komagataella phaffii RNA-Seq				GS115-G12A		GSE135665	PRJNA559571	460519	Komagataella phaffii	RNA-Seq	TRANSCRIPTOMIC	cDNA	Illumina HiSeq 2500	192122312	GSM4025632	Comparative genome-scale analysis of Pichia pastoris variants informs selection of an optimal base strain [protein expression]	Illumina HiSeq 2500 sequencing: GSM4025632: GS115-G12A Komagataella phaffii RNA-Seq	Cells were first digested in digestion buffer (50 mM EDTA, 500 mM sorbitol, pH 7.4) supplemented with 0.1% (v/v) 2-Mercaptoethanol and Zymolyase (Zymo Research, Irvine, CA) for 25 min at 30°C and 100 rpm shaking. Lysis and RNA purification was then performed using the RNeasy kit (Qiagen, Cat #74104). RNA quality was analyzed to ensure RNA Quality Number >7. Protein-expressing strain RNA libraries were prepared using a 3' DGE method adapted from Soumillon, Cacchiarelli, & Semrau, 2014 and sequenced on an Illumina HiSeq2500 to generate paired reads of 17bp (read1) + 46bp (read2).	
SRR9943224	WARN(6,7)	SRX6691772	SAMN12547431	SRP217973	Illumina HiSeq 2500 sequencing: GSM4025633: GS115-G12B Komagataella phaffii RNA-Seq				GS115-G12B		GSE135665	PRJNA559571	460519	Komagataella phaffii	RNA-Seq	TRANSCRIPTOMIC	cDNA	Illumina HiSeq 2500	213455916	GSM4025633	Comparative genome-scale analysis of Pichia pastoris variants informs selection of an optimal base strain [protein expression]	Illumina HiSeq 2500 sequencing: GSM4025633: GS115-G12B Komagataella phaffii RNA-Seq	Cells were first digested in digestion buffer (50 mM EDTA, 500 mM sorbitol, pH 7.4) supplemented with 0.1% (v/v) 2-Mercaptoethanol and Zymolyase (Zymo Research, Irvine, CA) for 25 min at 30°C and 100 rpm shaking. Lysis and RNA purification was then performed using the RNeasy kit (Qiagen, Cat #74104). RNA quality was analyzed to ensure RNA Quality Number >7. Protein-expressing strain RNA libraries were prepared using a 3' DGE method adapted from Soumillon, Cacchiarelli, & Semrau, 2014 and sequenced on an Illumina HiSeq2500 to generate paired reads of 17bp (read1) + 46bp (read2).	
SRR9943225	WARN(1,5,6,7)	SRX6691773	SAMN12547430	SRP217973	Illumina HiSeq 2500 sequencing: GSM4025634: GS115-G12C Komagataella phaffii RNA-Seq				GS115-G12C		GSE135665	PRJNA559571	460519	Komagataella phaffii	RNA-Seq	TRANSCRIPTOMIC	cDNA	Illumina HiSeq 2500	125049988	GSM4025634	Comparative genome-scale analysis of Pichia pastoris variants informs selection of an optimal base strain [protein expression]	Illumina HiSeq 2500 sequencing: GSM4025634: GS115-G12C Komagataella phaffii RNA-Seq	Cells were first digested in digestion buffer (50 mM EDTA, 500 mM sorbitol, pH 7.4) supplemented with 0.1% (v/v) 2-Mercaptoethanol and Zymolyase (Zymo Research, Irvine, CA) for 25 min at 30°C and 100 rpm shaking. Lysis and RNA purification was then performed using the RNeasy kit (Qiagen, Cat #74104). RNA quality was analyzed to ensure RNA Quality Number >7. Protein-expressing strain RNA libraries were prepared using a 3' DGE method adapted from Soumillon, Cacchiarelli, & Semrau, 2014 and sequenced on an Illumina HiSeq2500 to generate paired reads of 17bp (read1) + 46bp (read2).	
SRR9943227	WARN(5,6,7)	SRX6691775	SAMN12547428	SRP217973	Illumina HiSeq 2500 sequencing: GSM4025636: GS115-G13B Komagataella phaffii RNA-Seq				GS115-G13B		GSE135665	PRJNA559571	460519	Komagataella phaffii	RNA-Seq	TRANSCRIPTOMIC	cDNA	Illumina HiSeq 2500	130473618	GSM4025636	Comparative genome-scale analysis of Pichia pastoris variants informs selection of an optimal base strain [protein expression]	Illumina HiSeq 2500 sequencing: GSM4025636: GS115-G13B Komagataella phaffii RNA-Seq	Cells were first digested in digestion buffer (50 mM EDTA, 500 mM sorbitol, pH 7.4) supplemented with 0.1% (v/v) 2-Mercaptoethanol and Zymolyase (Zymo Research, Irvine, CA) for 25 min at 30°C and 100 rpm shaking. Lysis and RNA purification was then performed using the RNeasy kit (Qiagen, Cat #74104). RNA quality was analyzed to ensure RNA Quality Number >7. Protein-expressing strain RNA libraries were prepared using a 3' DGE method adapted from Soumillon, Cacchiarelli, & Semrau, 2014 and sequenced on an Illumina HiSeq2500 to generate paired reads of 17bp (read1) + 46bp (read2).	
SRR9943230	WARN(6)	SRX6691778	SAMN12547475	SRP217973	Illumina HiSeq 2500 sequencing: GSM4025639: GS115-G14B Komagataella phaffii RNA-Seq				GS115-G14B		GSE135665	PRJNA559571	460519	Komagataella phaffii	RNA-Seq	TRANSCRIPTOMIC	cDNA	Illumina HiSeq 2500	392346558	GSM4025639	Comparative genome-scale analysis of Pichia pastoris variants informs selection of an optimal base strain [protein expression]	Illumina HiSeq 2500 sequencing: GSM4025639: GS115-G14B Komagataella phaffii RNA-Seq	Cells were first digested in digestion buffer (50 mM EDTA, 500 mM sorbitol, pH 7.4) supplemented with 0.1% (v/v) 2-Mercaptoethanol and Zymolyase (Zymo Research, Irvine, CA) for 25 min at 30°C and 100 rpm shaking. Lysis and RNA purification was then performed using the RNeasy kit (Qiagen, Cat #74104). RNA quality was analyzed to ensure RNA Quality Number >7. Protein-expressing strain RNA libraries were prepared using a 3' DGE method adapted from Soumillon, Cacchiarelli, & Semrau, 2014 and sequenced on an Illumina HiSeq2500 to generate paired reads of 17bp (read1) + 46bp (read2).	
SRR9943239	WARN(5,6,7)	SRX6691787	SAMN12547422	SRP217973	Illumina HiSeq 2500 sequencing: GSM4025648: GS115-H14B Komagataella phaffii RNA-Seq				GS115-H14B		GSE135665	PRJNA559571	460519	Komagataella phaffii	RNA-Seq	TRANSCRIPTOMIC	cDNA	Illumina HiSeq 2500	160508996	GSM4025648	Comparative genome-scale analysis of Pichia pastoris variants informs selection of an optimal base strain [protein expression]	Illumina HiSeq 2500 sequencing: GSM4025648: GS115-H14B Komagataella phaffii RNA-Seq	Cells were first digested in digestion buffer (50 mM EDTA, 500 mM sorbitol, pH 7.4) supplemented with 0.1% (v/v) 2-Mercaptoethanol and Zymolyase (Zymo Research, Irvine, CA) for 25 min at 30°C and 100 rpm shaking. Lysis and RNA purification was then performed using the RNeasy kit (Qiagen, Cat #74104). RNA quality was analyzed to ensure RNA Quality Number >7. Protein-expressing strain RNA libraries were prepared using a 3' DGE method adapted from Soumillon, Cacchiarelli, & Semrau, 2014 and sequenced on an Illumina HiSeq2500 to generate paired reads of 17bp (read1) + 46bp (read2).	
SRR9943243	FAIL(6)	SRX6691791	SAMN12547418	SRP217973	Illumina HiSeq 2500 sequencing: GSM4025652: Y11430-G12C Komagataella phaffii RNA-Seq				Y11430-G12C		GSE135665	PRJNA559571	460519	Komagataella phaffii	RNA-Seq	TRANSCRIPTOMIC	cDNA	Illumina HiSeq 2500	123200420	GSM4025652	Comparative genome-scale analysis of Pichia pastoris variants informs selection of an optimal base strain [protein expression]	Illumina HiSeq 2500 sequencing: GSM4025652: Y11430-G12C Komagataella phaffii RNA-Seq	Cells were first digested in digestion buffer (50 mM EDTA, 500 mM sorbitol, pH 7.4) supplemented with 0.1% (v/v) 2-Mercaptoethanol and Zymolyase (Zymo Research, Irvine, CA) for 25 min at 30°C and 100 rpm shaking. Lysis and RNA purification was then performed using the RNeasy kit (Qiagen, Cat #74104). RNA quality was analyzed to ensure RNA Quality Number >7. Protein-expressing strain RNA libraries were prepared using a 3' DGE method adapted from Soumillon, Cacchiarelli, & Semrau, 2014 and sequenced on an Illumina HiSeq2500 to generate paired reads of 17bp (read1) + 46bp (read2).	
SRR9943245	WARN(1,3,4,5,6,7)	SRX6691793	SAMN12547415	SRP217973	Illumina HiSeq 2500 sequencing: GSM4025654: Y11430-G13B Komagataella phaffii RNA-Seq				Y11430-G13B		GSE135665	PRJNA559571	460519	Komagataella phaffii	RNA-Seq	TRANSCRIPTOMIC	cDNA	Illumina HiSeq 2500	64408602	GSM4025654	Comparative genome-scale analysis of Pichia pastoris variants informs selection of an optimal base strain [protein expression]	Illumina HiSeq 2500 sequencing: GSM4025654: Y11430-G13B Komagataella phaffii RNA-Seq	Cells were first digested in digestion buffer (50 mM EDTA, 500 mM sorbitol, pH 7.4) supplemented with 0.1% (v/v) 2-Mercaptoethanol and Zymolyase (Zymo Research, Irvine, CA) for 25 min at 30°C and 100 rpm shaking. Lysis and RNA purification was then performed using the RNeasy kit (Qiagen, Cat #74104). RNA quality was analyzed to ensure RNA Quality Number >7. Protein-expressing strain RNA libraries were prepared using a 3' DGE method adapted from Soumillon, Cacchiarelli, & Semrau, 2014 and sequenced on an Illumina HiSeq2500 to generate paired reads of 17bp (read1) + 46bp (read2).	
SRR9943251	WARN(1,3,4,5,6,7)	SRX6691799	SAMN12547408	SRP217973	Illumina HiSeq 2500 sequencing: GSM4025660: Y11430-H22B Komagataella phaffii RNA-Seq				Y11430-H22B		GSE135665	PRJNA559571	460519	Komagataella phaffii	RNA-Seq	TRANSCRIPTOMIC	cDNA	Illumina HiSeq 2500	93587000	GSM4025660	Comparative genome-scale analysis of Pichia pastoris variants informs selection of an optimal base strain [protein expression]	Illumina HiSeq 2500 sequencing: GSM4025660: Y11430-H22B Komagataella phaffii RNA-Seq	Cells were first digested in digestion buffer (50 mM EDTA, 500 mM sorbitol, pH 7.4) supplemented with 0.1% (v/v) 2-Mercaptoethanol and Zymolyase (Zymo Research, Irvine, CA) for 25 min at 30°C and 100 rpm shaking. Lysis and RNA purification was then performed using the RNeasy kit (Qiagen, Cat #74104). RNA quality was analyzed to ensure RNA Quality Number >7. Protein-expressing strain RNA libraries were prepared using a 3' DGE method adapted from Soumillon, Cacchiarelli, & Semrau, 2014 and sequenced on an Illumina HiSeq2500 to generate paired reads of 17bp (read1) + 46bp (read2).	
SRR9943261	WARN(1,3,4,5,6,7)	SRX6691809	SAMN12547396	SRP217973	Illumina HiSeq 2500 sequencing: GSM4025670: X33-G12C Komagataella phaffii RNA-Seq				X33-G12C		GSE135665	PRJNA559571	460519	Komagataella phaffii	RNA-Seq	TRANSCRIPTOMIC	cDNA	Illumina HiSeq 2500	111770340	GSM4025670	Comparative genome-scale analysis of Pichia pastoris variants informs selection of an optimal base strain [protein expression]	Illumina HiSeq 2500 sequencing: GSM4025670: X33-G12C Komagataella phaffii RNA-Seq	Cells were first digested in digestion buffer (50 mM EDTA, 500 mM sorbitol, pH 7.4) supplemented with 0.1% (v/v) 2-Mercaptoethanol and Zymolyase (Zymo Research, Irvine, CA) for 25 min at 30°C and 100 rpm shaking. Lysis and RNA purification was then performed using the RNeasy kit (Qiagen, Cat #74104). RNA quality was analyzed to ensure RNA Quality Number >7. Protein-expressing strain RNA libraries were prepared using a 3' DGE method adapted from Soumillon, Cacchiarelli, & Semrau, 2014 and sequenced on an Illumina HiSeq2500 to generate paired reads of 17bp (read1) + 46bp (read2).	
SRR9943264	FAIL(6)	SRX6691812	SAMN12547451	SRP217973	Illumina HiSeq 2500 sequencing: GSM4025673: X33-G13C Komagataella phaffii RNA-Seq				X33-G13C		GSE135665	PRJNA559571	460519	Komagataella phaffii	RNA-Seq	TRANSCRIPTOMIC	cDNA	Illumina HiSeq 2500	130039056	GSM4025673	Comparative genome-scale analysis of Pichia pastoris variants informs selection of an optimal base strain [protein expression]	Illumina HiSeq 2500 sequencing: GSM4025673: X33-G13C Komagataella phaffii RNA-Seq	Cells were first digested in digestion buffer (50 mM EDTA, 500 mM sorbitol, pH 7.4) supplemented with 0.1% (v/v) 2-Mercaptoethanol and Zymolyase (Zymo Research, Irvine, CA) for 25 min at 30°C and 100 rpm shaking. Lysis and RNA purification was then performed using the RNeasy kit (Qiagen, Cat #74104). RNA quality was analyzed to ensure RNA Quality Number >7. Protein-expressing strain RNA libraries were prepared using a 3' DGE method adapted from Soumillon, Cacchiarelli, & Semrau, 2014 and sequenced on an Illumina HiSeq2500 to generate paired reads of 17bp (read1) + 46bp (read2).	
SRR9943265	WARN(1,5,6,7)	SRX6691813	SAMN12547492	SRP217973	Illumina HiSeq 2500 sequencing: GSM4025674: X33-G16A Komagataella phaffii RNA-Seq				X33-G16A		GSE135665	PRJNA559571	460519	Komagataella phaffii	RNA-Seq	TRANSCRIPTOMIC	cDNA	Illumina HiSeq 2500	119932396	GSM4025674	Comparative genome-scale analysis of Pichia pastoris variants informs selection of an optimal base strain [protein expression]	Illumina HiSeq 2500 sequencing: GSM4025674: X33-G16A Komagataella phaffii RNA-Seq	Cells were first digested in digestion buffer (50 mM EDTA, 500 mM sorbitol, pH 7.4) supplemented with 0.1% (v/v) 2-Mercaptoethanol and Zymolyase (Zymo Research, Irvine, CA) for 25 min at 30°C and 100 rpm shaking. Lysis and RNA purification was then performed using the RNeasy kit (Qiagen, Cat #74104). RNA quality was analyzed to ensure RNA Quality Number >7. Protein-expressing strain RNA libraries were prepared using a 3' DGE method adapted from Soumillon, Cacchiarelli, & Semrau, 2014 and sequenced on an Illumina HiSeq2500 to generate paired reads of 17bp (read1) + 46bp (read2).	
SRR9943272	WARN(1,3,4,5,6,7)	SRX6691820	SAMN12547485	SRP217973	Illumina HiSeq 2500 sequencing: GSM4025681: X33-H13B Komagataella phaffii RNA-Seq				X33-H13B		GSE135665	PRJNA559571	460519	Komagataella phaffii	RNA-Seq	TRANSCRIPTOMIC	cDNA	Illumina HiSeq 2500	113619126	GSM4025681	Comparative genome-scale analysis of Pichia pastoris variants informs selection of an optimal base strain [protein expression]	Illumina HiSeq 2500 sequencing: GSM4025681: X33-H13B Komagataella phaffii RNA-Seq	Cells were first digested in digestion buffer (50 mM EDTA, 500 mM sorbitol, pH 7.4) supplemented with 0.1% (v/v) 2-Mercaptoethanol and Zymolyase (Zymo Research, Irvine, CA) for 25 min at 30°C and 100 rpm shaking. Lysis and RNA purification was then performed using the RNeasy kit (Qiagen, Cat #74104). RNA quality was analyzed to ensure RNA Quality Number >7. Protein-expressing strain RNA libraries were prepared using a 3' DGE method adapted from Soumillon, Cacchiarelli, & Semrau, 2014 and sequenced on an Illumina HiSeq2500 to generate paired reads of 17bp (read1) + 46bp (read2).	
SRR9943273	WARN(1,5,6,7)	SRX6691821	SAMN12547484	SRP217973	Illumina HiSeq 2500 sequencing: GSM4025682: X33-H13C Komagataella phaffii RNA-Seq				X33-H13C		GSE135665	PRJNA559571	460519	Komagataella phaffii	RNA-Seq	TRANSCRIPTOMIC	cDNA	Illumina HiSeq 2500	29033406	GSM4025682	Comparative genome-scale analysis of Pichia pastoris variants informs selection of an optimal base strain [protein expression]	Illumina HiSeq 2500 sequencing: GSM4025682: X33-H13C Komagataella phaffii RNA-Seq	Cells were first digested in digestion buffer (50 mM EDTA, 500 mM sorbitol, pH 7.4) supplemented with 0.1% (v/v) 2-Mercaptoethanol and Zymolyase (Zymo Research, Irvine, CA) for 25 min at 30°C and 100 rpm shaking. Lysis and RNA purification was then performed using the RNeasy kit (Qiagen, Cat #74104). RNA quality was analyzed to ensure RNA Quality Number >7. Protein-expressing strain RNA libraries were prepared using a 3' DGE method adapted from Soumillon, Cacchiarelli, & Semrau, 2014 and sequenced on an Illumina HiSeq2500 to generate paired reads of 17bp (read1) + 46bp (read2).	
SRR9943286	PASS	SRX6691834	SAMN12547478	SRP217974	NextSeq 500 sequencing: GSM4025513: GS115.0G_B Komagataella phaffii RNA-Seq				GS115.0G_B		GSE135664	PRJNA559572	460519	Komagataella phaffii	RNA-Seq	TRANSCRIPTOMIC	cDNA	NextSeq 500	233678560	GSM4025513	Comparative genome-scale analysis of Pichia pastoris variants informs selection of an optimal base strain [non-expressing]	NextSeq 500 sequencing: GSM4025513: GS115.0G_B Komagataella phaffii RNA-Seq	Cells were first digested in digestion buffer (50 mM EDTA, 500 mM sorbitol, pH 7.4) supplemented with 0.1% (v/v) 2-Mercaptoethanol and Zymolyase (Zymo Research, Irvine, CA) for 25 min at 30°C and 100 rpm shaking. Lysis and RNA purification was then performed using the RNeasy kit (Qiagen, Cat #74104). RNA quality was analyzed to ensure RNA Quality Number >7. Non-expressing strain RNA libraries were prepared using the KAPA HyperPrep kit (Roche, Basel, SUI) and sequenced on the Illumina NextSeq platform to generate 40-nucleotide paired-end reads.	
SRR9943288	PASS	SRX6691836	SAMN12547516	SRP217974	NextSeq 500 sequencing: GSM4025515: GS115.24G_B Komagataella phaffii RNA-Seq				GS115.24G_B		GSE135664	PRJNA559572	460519	Komagataella phaffii	RNA-Seq	TRANSCRIPTOMIC	cDNA	NextSeq 500	270156000	GSM4025515	Comparative genome-scale analysis of Pichia pastoris variants informs selection of an optimal base strain [non-expressing]	NextSeq 500 sequencing: GSM4025515: GS115.24G_B Komagataella phaffii RNA-Seq	Cells were first digested in digestion buffer (50 mM EDTA, 500 mM sorbitol, pH 7.4) supplemented with 0.1% (v/v) 2-Mercaptoethanol and Zymolyase (Zymo Research, Irvine, CA) for 25 min at 30°C and 100 rpm shaking. Lysis and RNA purification was then performed using the RNeasy kit (Qiagen, Cat #74104). RNA quality was analyzed to ensure RNA Quality Number >7. Non-expressing strain RNA libraries were prepared using the KAPA HyperPrep kit (Roche, Basel, SUI) and sequenced on the Illumina NextSeq platform to generate 40-nucleotide paired-end reads.	
SRR9943289	WARN(1,5,7)	SRX6691837	SAMN12547515	SRP217974	NextSeq 500 sequencing: GSM4025516: GS115.24G_C Komagataella phaffii RNA-Seq				GS115.24G_C		GSE135664	PRJNA559572	460519	Komagataella phaffii	RNA-Seq	TRANSCRIPTOMIC	cDNA	NextSeq 500	41365120	GSM4025516	Comparative genome-scale analysis of Pichia pastoris variants informs selection of an optimal base strain [non-expressing]	NextSeq 500 sequencing: GSM4025516: GS115.24G_C Komagataella phaffii RNA-Seq	Cells were first digested in digestion buffer (50 mM EDTA, 500 mM sorbitol, pH 7.4) supplemented with 0.1% (v/v) 2-Mercaptoethanol and Zymolyase (Zymo Research, Irvine, CA) for 25 min at 30°C and 100 rpm shaking. Lysis and RNA purification was then performed using the RNeasy kit (Qiagen, Cat #74104). RNA quality was analyzed to ensure RNA Quality Number >7. Non-expressing strain RNA libraries were prepared using the KAPA HyperPrep kit (Roche, Basel, SUI) and sequenced on the Illumina NextSeq platform to generate 40-nucleotide paired-end reads.	
SRR9943301	FAIL(1,5,7)	SRX6691849	SAMN12547503	SRP217974	Illumina HiSeq 2000 sequencing: GSM4025528: X33.24M_C Komagataella phaffii RNA-Seq				X33.24M_C		GSE135664	PRJNA559572	460519	Komagataella phaffii	RNA-Seq	TRANSCRIPTOMIC	cDNA	Illumina HiSeq 2000	4455320	GSM4025528	Comparative genome-scale analysis of Pichia pastoris variants informs selection of an optimal base strain [non-expressing]	Illumina HiSeq 2000 sequencing: GSM4025528: X33.24M_C Komagataella phaffii RNA-Seq	Cells were first digested in digestion buffer (50 mM EDTA, 500 mM sorbitol, pH 7.4) supplemented with 0.1% (v/v) 2-Mercaptoethanol and Zymolyase (Zymo Research, Irvine, CA) for 25 min at 30°C and 100 rpm shaking. Lysis and RNA purification was then performed using the RNeasy kit (Qiagen, Cat #74104). RNA quality was analyzed to ensure RNA Quality Number >7. Non-expressing strain RNA libraries were prepared using the KAPA HyperPrep kit (Roche, Basel, SUI) and sequenced on the Illumina NextSeq platform to generate 40-nucleotide paired-end reads.	
SRR9943305	PASS	SRX6691853	SAMN12547468	SRP217974	NextSeq 500 sequencing: GSM4025532: Y11430.0G_D Komagataella phaffii RNA-Seq				Y11430.0G_D		GSE135664	PRJNA559572	460519	Komagataella phaffii	RNA-Seq	TRANSCRIPTOMIC	cDNA	NextSeq 500	207432680	GSM4025532	Comparative genome-scale analysis of Pichia pastoris variants informs selection of an optimal base strain [non-expressing]	NextSeq 500 sequencing: GSM4025532: Y11430.0G_D Komagataella phaffii RNA-Seq	Cells were first digested in digestion buffer (50 mM EDTA, 500 mM sorbitol, pH 7.4) supplemented with 0.1% (v/v) 2-Mercaptoethanol and Zymolyase (Zymo Research, Irvine, CA) for 25 min at 30°C and 100 rpm shaking. Lysis and RNA purification was then performed using the RNeasy kit (Qiagen, Cat #74104). RNA quality was analyzed to ensure RNA Quality Number >7. Non-expressing strain RNA libraries were prepared using the KAPA HyperPrep kit (Roche, Basel, SUI) and sequenced on the Illumina NextSeq platform to generate 40-nucleotide paired-end reads.	
SRR9943306	PASS	SRX6691854	SAMN12547467	SRP217974	NextSeq 500 sequencing: GSM4025533: Y11430.0G_E Komagataella phaffii RNA-Seq				Y11430.0G_E		GSE135664	PRJNA559572	460519	Komagataella phaffii	RNA-Seq	TRANSCRIPTOMIC	cDNA	NextSeq 500	173459520	GSM4025533	Comparative genome-scale analysis of Pichia pastoris variants informs selection of an optimal base strain [non-expressing]	NextSeq 500 sequencing: GSM4025533: Y11430.0G_E Komagataella phaffii RNA-Seq	Cells were first digested in digestion buffer (50 mM EDTA, 500 mM sorbitol, pH 7.4) supplemented with 0.1% (v/v) 2-Mercaptoethanol and Zymolyase (Zymo Research, Irvine, CA) for 25 min at 30°C and 100 rpm shaking. Lysis and RNA purification was then performed using the RNeasy kit (Qiagen, Cat #74104). RNA quality was analyzed to ensure RNA Quality Number >7. Non-expressing strain RNA libraries were prepared using the KAPA HyperPrep kit (Roche, Basel, SUI) and sequenced on the Illumina NextSeq platform to generate 40-nucleotide paired-end reads.	
SRR9943313	PASS	SRX6691861	SAMN12547460	SRP217974	NextSeq 500 sequencing: GSM4025540: Y11430.24M_C Komagataella phaffii RNA-Seq				Y11430.24M_C		GSE135664	PRJNA559572	460519	Komagataella phaffii	RNA-Seq	TRANSCRIPTOMIC	cDNA	NextSeq 500	197053880	GSM4025540	Comparative genome-scale analysis of Pichia pastoris variants informs selection of an optimal base strain [non-expressing]	NextSeq 500 sequencing: GSM4025540: Y11430.24M_C Komagataella phaffii RNA-Seq	Cells were first digested in digestion buffer (50 mM EDTA, 500 mM sorbitol, pH 7.4) supplemented with 0.1% (v/v) 2-Mercaptoethanol and Zymolyase (Zymo Research, Irvine, CA) for 25 min at 30°C and 100 rpm shaking. Lysis and RNA purification was then performed using the RNeasy kit (Qiagen, Cat #74104). RNA quality was analyzed to ensure RNA Quality Number >7. Non-expressing strain RNA libraries were prepared using the KAPA HyperPrep kit (Roche, Basel, SUI) and sequenced on the Illumina NextSeq platform to generate 40-nucleotide paired-end reads.	
SRR9943314	PASS	SRX6691862	SAMN12547459	SRP217974	NextSeq 500 sequencing: GSM4025541: Y11430.24M_D Komagataella phaffii RNA-Seq				Y11430.24M_D		GSE135664	PRJNA559572	460519	Komagataella phaffii	RNA-Seq	TRANSCRIPTOMIC	cDNA	NextSeq 500	175427000	GSM4025541	Comparative genome-scale analysis of Pichia pastoris variants informs selection of an optimal base strain [non-expressing]	NextSeq 500 sequencing: GSM4025541: Y11430.24M_D Komagataella phaffii RNA-Seq	Cells were first digested in digestion buffer (50 mM EDTA, 500 mM sorbitol, pH 7.4) supplemented with 0.1% (v/v) 2-Mercaptoethanol and Zymolyase (Zymo Research, Irvine, CA) for 25 min at 30°C and 100 rpm shaking. Lysis and RNA purification was then performed using the RNeasy kit (Qiagen, Cat #74104). RNA quality was analyzed to ensure RNA Quality Number >7. Non-expressing strain RNA libraries were prepared using the KAPA HyperPrep kit (Roche, Basel, SUI) and sequenced on the Illumina NextSeq platform to generate 40-nucleotide paired-end reads.	
SRR9943319	PASS	SRX6691867	SAMN12547454	SRP217974	NextSeq 500 sequencing: GSM4025546: Y12729.0G_B Komagataella phaffii RNA-Seq				Y12729.0G_B		GSE135664	PRJNA559572	460519	Komagataella phaffii	RNA-Seq	TRANSCRIPTOMIC	cDNA	NextSeq 500	225779880	GSM4025546	Comparative genome-scale analysis of Pichia pastoris variants informs selection of an optimal base strain [non-expressing]	NextSeq 500 sequencing: GSM4025546: Y12729.0G_B Komagataella phaffii RNA-Seq	Cells were first digested in digestion buffer (50 mM EDTA, 500 mM sorbitol, pH 7.4) supplemented with 0.1% (v/v) 2-Mercaptoethanol and Zymolyase (Zymo Research, Irvine, CA) for 25 min at 30°C and 100 rpm shaking. Lysis and RNA purification was then performed using the RNeasy kit (Qiagen, Cat #74104). RNA quality was analyzed to ensure RNA Quality Number >7. Non-expressing strain RNA libraries were prepared using the KAPA HyperPrep kit (Roche, Basel, SUI) and sequenced on the Illumina NextSeq platform to generate 40-nucleotide paired-end reads.	
SRR9943322	PASS	SRX6691870	SAMN12547501	SRP217974	NextSeq 500 sequencing: GSM4025549: Y12729.24G_B Komagataella phaffii RNA-Seq				Y12729.24G_B		GSE135664	PRJNA559572	460519	Komagataella phaffii	RNA-Seq	TRANSCRIPTOMIC	cDNA	NextSeq 500	204185280	GSM4025549	Comparative genome-scale analysis of Pichia pastoris variants informs selection of an optimal base strain [non-expressing]	NextSeq 500 sequencing: GSM4025549: Y12729.24G_B Komagataella phaffii RNA-Seq	Cells were first digested in digestion buffer (50 mM EDTA, 500 mM sorbitol, pH 7.4) supplemented with 0.1% (v/v) 2-Mercaptoethanol and Zymolyase (Zymo Research, Irvine, CA) for 25 min at 30°C and 100 rpm shaking. Lysis and RNA purification was then performed using the RNeasy kit (Qiagen, Cat #74104). RNA quality was analyzed to ensure RNA Quality Number >7. Non-expressing strain RNA libraries were prepared using the KAPA HyperPrep kit (Roche, Basel, SUI) and sequenced on the Illumina NextSeq platform to generate 40-nucleotide paired-end reads.	
SRR9943327	PASS	SRX6691875	SAMN12547496	SRP217974	NextSeq 500 sequencing: GSM4025554: Y17741.0G_A Komagataella phaffii RNA-Seq				Y17741.0G_A		GSE135664	PRJNA559572	460519	Komagataella phaffii	RNA-Seq	TRANSCRIPTOMIC	cDNA	NextSeq 500	223306280	GSM4025554	Comparative genome-scale analysis of Pichia pastoris variants informs selection of an optimal base strain [non-expressing]	NextSeq 500 sequencing: GSM4025554: Y17741.0G_A Komagataella phaffii RNA-Seq	Cells were first digested in digestion buffer (50 mM EDTA, 500 mM sorbitol, pH 7.4) supplemented with 0.1% (v/v) 2-Mercaptoethanol and Zymolyase (Zymo Research, Irvine, CA) for 25 min at 30°C and 100 rpm shaking. Lysis and RNA purification was then performed using the RNeasy kit (Qiagen, Cat #74104). RNA quality was analyzed to ensure RNA Quality Number >7. Non-expressing strain RNA libraries were prepared using the KAPA HyperPrep kit (Roche, Basel, SUI) and sequenced on the Illumina NextSeq platform to generate 40-nucleotide paired-end reads.	
SRR9943339	PASS	SRX6691887	SAMN12547548	SRP217974	NextSeq 500 sequencing: GSM4025566: Y48123.24G_B Komagataella phaffii RNA-Seq				Y48123.24G_B		GSE135664	PRJNA559572	460519	Komagataella phaffii	RNA-Seq	TRANSCRIPTOMIC	cDNA	NextSeq 500	184050240	GSM4025566	Comparative genome-scale analysis of Pichia pastoris variants informs selection of an optimal base strain [non-expressing]	NextSeq 500 sequencing: GSM4025566: Y48123.24G_B Komagataella phaffii RNA-Seq	Cells were first digested in digestion buffer (50 mM EDTA, 500 mM sorbitol, pH 7.4) supplemented with 0.1% (v/v) 2-Mercaptoethanol and Zymolyase (Zymo Research, Irvine, CA) for 25 min at 30°C and 100 rpm shaking. Lysis and RNA purification was then performed using the RNeasy kit (Qiagen, Cat #74104). RNA quality was analyzed to ensure RNA Quality Number >7. Non-expressing strain RNA libraries were prepared using the KAPA HyperPrep kit (Roche, Basel, SUI) and sequenced on the Illumina NextSeq platform to generate 40-nucleotide paired-end reads.	
SRR9943340	PASS	SRX6691888	SAMN12547547	SRP217974	NextSeq 500 sequencing: GSM4025567: Y48123.24M_A Komagataella phaffii RNA-Seq				Y48123.24M_A		GSE135664	PRJNA559572	460519	Komagataella phaffii	RNA-Seq	TRANSCRIPTOMIC	cDNA	NextSeq 500	163734920	GSM4025567	Comparative genome-scale analysis of Pichia pastoris variants informs selection of an optimal base strain [non-expressing]	NextSeq 500 sequencing: GSM4025567: Y48123.24M_A Komagataella phaffii RNA-Seq	Cells were first digested in digestion buffer (50 mM EDTA, 500 mM sorbitol, pH 7.4) supplemented with 0.1% (v/v) 2-Mercaptoethanol and Zymolyase (Zymo Research, Irvine, CA) for 25 min at 30°C and 100 rpm shaking. Lysis and RNA purification was then performed using the RNeasy kit (Qiagen, Cat #74104). RNA quality was analyzed to ensure RNA Quality Number >7. Non-expressing strain RNA libraries were prepared using the KAPA HyperPrep kit (Roche, Basel, SUI) and sequenced on the Illumina NextSeq platform to generate 40-nucleotide paired-end reads.	
SRR9943344	PASS	SRX6691892	SAMN12547573	SRP217974	NextSeq 500 sequencing: GSM4025571: Y48124.0G_A Komagataella phaffii RNA-Seq				Y48124.0G_A		GSE135664	PRJNA559572	460519	Komagataella phaffii	RNA-Seq	TRANSCRIPTOMIC	cDNA	NextSeq 500	227603880	GSM4025571	Comparative genome-scale analysis of Pichia pastoris variants informs selection of an optimal base strain [non-expressing]	NextSeq 500 sequencing: GSM4025571: Y48124.0G_A Komagataella phaffii RNA-Seq	Cells were first digested in digestion buffer (50 mM EDTA, 500 mM sorbitol, pH 7.4) supplemented with 0.1% (v/v) 2-Mercaptoethanol and Zymolyase (Zymo Research, Irvine, CA) for 25 min at 30°C and 100 rpm shaking. Lysis and RNA purification was then performed using the RNeasy kit (Qiagen, Cat #74104). RNA quality was analyzed to ensure RNA Quality Number >7. Non-expressing strain RNA libraries were prepared using the KAPA HyperPrep kit (Roche, Basel, SUI) and sequenced on the Illumina NextSeq platform to generate 40-nucleotide paired-end reads.	
SRR9943348	PASS	SRX6691896	SAMN12547569	SRP217974	NextSeq 500 sequencing: GSM4025575: Y48124.24G_B Komagataella phaffii RNA-Seq				Y48124.24G_B		GSE135664	PRJNA559572	460519	Komagataella phaffii	RNA-Seq	TRANSCRIPTOMIC	cDNA	NextSeq 500	179764160	GSM4025575	Comparative genome-scale analysis of Pichia pastoris variants informs selection of an optimal base strain [non-expressing]	NextSeq 500 sequencing: GSM4025575: Y48124.24G_B Komagataella phaffii RNA-Seq	Cells were first digested in digestion buffer (50 mM EDTA, 500 mM sorbitol, pH 7.4) supplemented with 0.1% (v/v) 2-Mercaptoethanol and Zymolyase (Zymo Research, Irvine, CA) for 25 min at 30°C and 100 rpm shaking. Lysis and RNA purification was then performed using the RNeasy kit (Qiagen, Cat #74104). RNA quality was analyzed to ensure RNA Quality Number >7. Non-expressing strain RNA libraries were prepared using the KAPA HyperPrep kit (Roche, Basel, SUI) and sequenced on the Illumina NextSeq platform to generate 40-nucleotide paired-end reads.	
SRR9943350	PASS	SRX6691898	SAMN12547565	SRP217974	NextSeq 500 sequencing: GSM4025577: Y48124.24M_A Komagataella phaffii RNA-Seq				Y48124.24M_A		GSE135664	PRJNA559572	460519	Komagataella phaffii	RNA-Seq	TRANSCRIPTOMIC	cDNA	NextSeq 500	171392960	GSM4025577	Comparative genome-scale analysis of Pichia pastoris variants informs selection of an optimal base strain [non-expressing]	NextSeq 500 sequencing: GSM4025577: Y48124.24M_A Komagataella phaffii RNA-Seq	Cells were first digested in digestion buffer (50 mM EDTA, 500 mM sorbitol, pH 7.4) supplemented with 0.1% (v/v) 2-Mercaptoethanol and Zymolyase (Zymo Research, Irvine, CA) for 25 min at 30°C and 100 rpm shaking. Lysis and RNA purification was then performed using the RNeasy kit (Qiagen, Cat #74104). RNA quality was analyzed to ensure RNA Quality Number >7. Non-expressing strain RNA libraries were prepared using the KAPA HyperPrep kit (Roche, Basel, SUI) and sequenced on the Illumina NextSeq platform to generate 40-nucleotide paired-end reads.	
SRR9943352	WARN(6,7)	SRX6691900	SAMN12547563	SRP217974	NextSeq 500 sequencing: GSM4025579: Y48124.24M_C Komagataella phaffii RNA-Seq				Y48124.24M_C		GSE135664	PRJNA559572	460519	Komagataella phaffii	RNA-Seq	TRANSCRIPTOMIC	cDNA	NextSeq 500	181774040	GSM4025579	Comparative genome-scale analysis of Pichia pastoris variants informs selection of an optimal base strain [non-expressing]	NextSeq 500 sequencing: GSM4025579: Y48124.24M_C Komagataella phaffii RNA-Seq	Cells were first digested in digestion buffer (50 mM EDTA, 500 mM sorbitol, pH 7.4) supplemented with 0.1% (v/v) 2-Mercaptoethanol and Zymolyase (Zymo Research, Irvine, CA) for 25 min at 30°C and 100 rpm shaking. Lysis and RNA purification was then performed using the RNeasy kit (Qiagen, Cat #74104). RNA quality was analyzed to ensure RNA Quality Number >7. Non-expressing strain RNA libraries were prepared using the KAPA HyperPrep kit (Roche, Basel, SUI) and sequenced on the Illumina NextSeq platform to generate 40-nucleotide paired-end reads.	
SRR9943354	PASS	SRX6691902	SAMN12547561	SRP217974	NextSeq 500 sequencing: GSM4025581: Y7556.0G_B Komagataella phaffii RNA-Seq				Y7556.0G_B		GSE135664	PRJNA559572	460519	Komagataella phaffii	RNA-Seq	TRANSCRIPTOMIC	cDNA	NextSeq 500	211819680	GSM4025581	Comparative genome-scale analysis of Pichia pastoris variants informs selection of an optimal base strain [non-expressing]	NextSeq 500 sequencing: GSM4025581: Y7556.0G_B Komagataella phaffii RNA-Seq	Cells were first digested in digestion buffer (50 mM EDTA, 500 mM sorbitol, pH 7.4) supplemented with 0.1% (v/v) 2-Mercaptoethanol and Zymolyase (Zymo Research, Irvine, CA) for 25 min at 30°C and 100 rpm shaking. Lysis and RNA purification was then performed using the RNeasy kit (Qiagen, Cat #74104). RNA quality was analyzed to ensure RNA Quality Number >7. Non-expressing strain RNA libraries were prepared using the KAPA HyperPrep kit (Roche, Basel, SUI) and sequenced on the Illumina NextSeq platform to generate 40-nucleotide paired-end reads.	
SRR9943362	PASS	SRX6691910	SAMN12547541	SRP217974	NextSeq 500 sequencing: GSM4025589: YB378.0G_B Komagataella phaffii RNA-Seq				YB378.0G_B		GSE135664	PRJNA559572	460519	Komagataella phaffii	RNA-Seq	TRANSCRIPTOMIC	cDNA	NextSeq 500	214276640	GSM4025589	Comparative genome-scale analysis of Pichia pastoris variants informs selection of an optimal base strain [non-expressing]	NextSeq 500 sequencing: GSM4025589: YB378.0G_B Komagataella phaffii RNA-Seq	Cells were first digested in digestion buffer (50 mM EDTA, 500 mM sorbitol, pH 7.4) supplemented with 0.1% (v/v) 2-Mercaptoethanol and Zymolyase (Zymo Research, Irvine, CA) for 25 min at 30°C and 100 rpm shaking. Lysis and RNA purification was then performed using the RNeasy kit (Qiagen, Cat #74104). RNA quality was analyzed to ensure RNA Quality Number >7. Non-expressing strain RNA libraries were prepared using the KAPA HyperPrep kit (Roche, Basel, SUI) and sequenced on the Illumina NextSeq platform to generate 40-nucleotide paired-end reads.	
SRR9943366	PASS	SRX6691914	SAMN12547537	SRP217974	NextSeq 500 sequencing: GSM4025593: YB378.24G_C Komagataella phaffii RNA-Seq				YB378.24G_C		GSE135664	PRJNA559572	460519	Komagataella phaffii	RNA-Seq	TRANSCRIPTOMIC	cDNA	NextSeq 500	234183200	GSM4025593	Comparative genome-scale analysis of Pichia pastoris variants informs selection of an optimal base strain [non-expressing]	NextSeq 500 sequencing: GSM4025593: YB378.24G_C Komagataella phaffii RNA-Seq	Cells were first digested in digestion buffer (50 mM EDTA, 500 mM sorbitol, pH 7.4) supplemented with 0.1% (v/v) 2-Mercaptoethanol and Zymolyase (Zymo Research, Irvine, CA) for 25 min at 30°C and 100 rpm shaking. Lysis and RNA purification was then performed using the RNeasy kit (Qiagen, Cat #74104). RNA quality was analyzed to ensure RNA Quality Number >7. Non-expressing strain RNA libraries were prepared using the KAPA HyperPrep kit (Roche, Basel, SUI) and sequenced on the Illumina NextSeq platform to generate 40-nucleotide paired-end reads.	
SRR9943374	PASS	SRX6691922	SAMN12547529	SRP217974	NextSeq 500 sequencing: GSM4025601: YB4289.24G_C Komagataella phaffii RNA-Seq				YB4289.24G_C		GSE135664	PRJNA559572	460519	Komagataella phaffii	RNA-Seq	TRANSCRIPTOMIC	cDNA	NextSeq 500	214663840	GSM4025601	Comparative genome-scale analysis of Pichia pastoris variants informs selection of an optimal base strain [non-expressing]	NextSeq 500 sequencing: GSM4025601: YB4289.24G_C Komagataella phaffii RNA-Seq	Cells were first digested in digestion buffer (50 mM EDTA, 500 mM sorbitol, pH 7.4) supplemented with 0.1% (v/v) 2-Mercaptoethanol and Zymolyase (Zymo Research, Irvine, CA) for 25 min at 30°C and 100 rpm shaking. Lysis and RNA purification was then performed using the RNeasy kit (Qiagen, Cat #74104). RNA quality was analyzed to ensure RNA Quality Number >7. Non-expressing strain RNA libraries were prepared using the KAPA HyperPrep kit (Roche, Basel, SUI) and sequenced on the Illumina NextSeq platform to generate 40-nucleotide paired-end reads.	
SRR9943378	PASS	SRX6691926	SAMN12547525	SRP217974	NextSeq 500 sequencing: GSM4025605: YB4290.0G_A Komagataella phaffii RNA-Seq				YB4290.0G_A		GSE135664	PRJNA559572	460519	Komagataella phaffii	RNA-Seq	TRANSCRIPTOMIC	cDNA	NextSeq 500	216386240	GSM4025605	Comparative genome-scale analysis of Pichia pastoris variants informs selection of an optimal base strain [non-expressing]	NextSeq 500 sequencing: GSM4025605: YB4290.0G_A Komagataella phaffii RNA-Seq	Cells were first digested in digestion buffer (50 mM EDTA, 500 mM sorbitol, pH 7.4) supplemented with 0.1% (v/v) 2-Mercaptoethanol and Zymolyase (Zymo Research, Irvine, CA) for 25 min at 30°C and 100 rpm shaking. Lysis and RNA purification was then performed using the RNeasy kit (Qiagen, Cat #74104). RNA quality was analyzed to ensure RNA Quality Number >7. Non-expressing strain RNA libraries were prepared using the KAPA HyperPrep kit (Roche, Basel, SUI) and sequenced on the Illumina NextSeq platform to generate 40-nucleotide paired-end reads.	
SRR9943380	PASS	SRX6691928	SAMN12547523	SRP217974	NextSeq 500 sequencing: GSM4025607: YB4290.0G_C Komagataella phaffii RNA-Seq				YB4290.0G_C		GSE135664	PRJNA559572	460519	Komagataella phaffii	RNA-Seq	TRANSCRIPTOMIC	cDNA	NextSeq 500	183276440	GSM4025607	Comparative genome-scale analysis of Pichia pastoris variants informs selection of an optimal base strain [non-expressing]	NextSeq 500 sequencing: GSM4025607: YB4290.0G_C Komagataella phaffii RNA-Seq	Cells were first digested in digestion buffer (50 mM EDTA, 500 mM sorbitol, pH 7.4) supplemented with 0.1% (v/v) 2-Mercaptoethanol and Zymolyase (Zymo Research, Irvine, CA) for 25 min at 30°C and 100 rpm shaking. Lysis and RNA purification was then performed using the RNeasy kit (Qiagen, Cat #74104). RNA quality was analyzed to ensure RNA Quality Number >7. Non-expressing strain RNA libraries were prepared using the KAPA HyperPrep kit (Roche, Basel, SUI) and sequenced on the Illumina NextSeq platform to generate 40-nucleotide paired-end reads.	
SRR9943382	PASS	SRX6691930	SAMN12547521	SRP217974	NextSeq 500 sequencing: GSM4025609: YB4290.24G_B Komagataella phaffii RNA-Seq				YB4290.24G_B		GSE135664	PRJNA559572	460519	Komagataella phaffii	RNA-Seq	TRANSCRIPTOMIC	cDNA	NextSeq 500	195698760	GSM4025609	Comparative genome-scale analysis of Pichia pastoris variants informs selection of an optimal base strain [non-expressing]	NextSeq 500 sequencing: GSM4025609: YB4290.24G_B Komagataella phaffii RNA-Seq	Cells were first digested in digestion buffer (50 mM EDTA, 500 mM sorbitol, pH 7.4) supplemented with 0.1% (v/v) 2-Mercaptoethanol and Zymolyase (Zymo Research, Irvine, CA) for 25 min at 30°C and 100 rpm shaking. Lysis and RNA purification was then performed using the RNeasy kit (Qiagen, Cat #74104). RNA quality was analyzed to ensure RNA Quality Number >7. Non-expressing strain RNA libraries were prepared using the KAPA HyperPrep kit (Roche, Basel, SUI) and sequenced on the Illumina NextSeq platform to generate 40-nucleotide paired-end reads.	
SRR9943384	WARN(7)	SRX6691932	SAMN12547519	SRP217974	NextSeq 500 sequencing: GSM4025611: YB4290.24M_A Komagataella phaffii RNA-Seq				YB4290.24M_A		GSE135664	PRJNA559572	460519	Komagataella phaffii	RNA-Seq	TRANSCRIPTOMIC	cDNA	NextSeq 500	160460520	GSM4025611	Comparative genome-scale analysis of Pichia pastoris variants informs selection of an optimal base strain [non-expressing]	NextSeq 500 sequencing: GSM4025611: YB4290.24M_A Komagataella phaffii RNA-Seq	Cells were first digested in digestion buffer (50 mM EDTA, 500 mM sorbitol, pH 7.4) supplemented with 0.1% (v/v) 2-Mercaptoethanol and Zymolyase (Zymo Research, Irvine, CA) for 25 min at 30°C and 100 rpm shaking. Lysis and RNA purification was then performed using the RNeasy kit (Qiagen, Cat #74104). RNA quality was analyzed to ensure RNA Quality Number >7. Non-expressing strain RNA libraries were prepared using the KAPA HyperPrep kit (Roche, Basel, SUI) and sequenced on the Illumina NextSeq platform to generate 40-nucleotide paired-end reads.	
SRR9943386	WARN(1,5,7)	SRX6691934	SAMN12547517	SRP217974	NextSeq 500 sequencing: GSM4025613: YB4290.24M_C Komagataella phaffii RNA-Seq				YB4290.24M_C		GSE135664	PRJNA559572	460519	Komagataella phaffii	RNA-Seq	TRANSCRIPTOMIC	cDNA	NextSeq 500	73147280	GSM4025613	Comparative genome-scale analysis of Pichia pastoris variants informs selection of an optimal base strain [non-expressing]	NextSeq 500 sequencing: GSM4025613: YB4290.24M_C Komagataella phaffii RNA-Seq	Cells were first digested in digestion buffer (50 mM EDTA, 500 mM sorbitol, pH 7.4) supplemented with 0.1% (v/v) 2-Mercaptoethanol and Zymolyase (Zymo Research, Irvine, CA) for 25 min at 30°C and 100 rpm shaking. Lysis and RNA purification was then performed using the RNeasy kit (Qiagen, Cat #74104). RNA quality was analyzed to ensure RNA Quality Number >7. Non-expressing strain RNA libraries were prepared using the KAPA HyperPrep kit (Roche, Basel, SUI) and sequenced on the Illumina NextSeq platform to generate 40-nucleotide paired-end reads.	
SRR15713837	WARN(1,5,6,7)	SRX12009401	SAMN21216920	SRP335592	NextSeq 500 sequencing: GSM5556943: Mit1Sorb rep3 Komagataella phaffii RNA-Seq				Mit1Sorb rep3		GSE183408	PRJNA760524	460519	Komagataella phaffii	RNA-Seq	TRANSCRIPTOMIC	cDNA	NextSeq 500	54196494	GSM5556943	Scalable, methanol-free manufacturing of the SARS-CoV-2 receptor binding domain in engineered Komagataella phaffii	NextSeq 500 sequencing: GSM5556943: Mit1Sorb rep3 Komagataella phaffii RNA-Seq	RNA was extracted and purified according to the Qiagen RNeasy kit (cat #74104) and RNA quality was analyzed to ensure RNA Quality Number >6.5. 3'DGE Nextera	
SRR5642242	PASS	SRX2880429	SAMN07189661	SRP108485	NextSeq 500 sequencing: GSM2648595: 2-3-15h Komagataella phaffii RNA-Seq				2-3-15h		GSE99613	PRJNA388897	460519	Komagataella phaffii	RNA-Seq	TRANSCRIPTOMIC	cDNA	NextSeq 500	3963311850	GSM2648595	Development of a general defined media for Pichia pastoris	NextSeq 500 sequencing: GSM2648595: 2-3-15h Komagataella phaffii RNA-Seq	RNA was extracted using the Qiagen RNeasy kit (cat. no. 74104) and genomic DNA clean-up was performed using NEB DNase I kit (catalog number M0303S) and Beckman Coulter RNAClean XP beads (catalog number A63987). Libraries were constructed using Neoprep and sequenced on the Illumina NextSeq platform to generate 75-nucleotide paired-end reads at a read depth of at least 9 million reads per sample.	
SRR5642243	PASS	SRX2880430	SAMN07189660	SRP108485	NextSeq 500 sequencing: GSM2648596: 2-5-15h Komagataella phaffii RNA-Seq				2-5-15h		GSE99613	PRJNA388897	460519	Komagataella phaffii	RNA-Seq	TRANSCRIPTOMIC	cDNA	NextSeq 500	4040782800	GSM2648596	Development of a general defined media for Pichia pastoris	NextSeq 500 sequencing: GSM2648596: 2-5-15h Komagataella phaffii RNA-Seq	RNA was extracted using the Qiagen RNeasy kit (cat. no. 74104) and genomic DNA clean-up was performed using NEB DNase I kit (catalog number M0303S) and Beckman Coulter RNAClean XP beads (catalog number A63987). Libraries were constructed using Neoprep and sequenced on the Illumina NextSeq platform to generate 75-nucleotide paired-end reads at a read depth of at least 9 million reads per sample.	
SRR5642246	PASS	SRX2880433	SAMN07189657	SRP108485	NextSeq 500 sequencing: GSM2648599: 3-5-15h Komagataella phaffii RNA-Seq				3-5-15h		GSE99613	PRJNA388897	460519	Komagataella phaffii	RNA-Seq	TRANSCRIPTOMIC	cDNA	NextSeq 500	2001639000	GSM2648599	Development of a general defined media for Pichia pastoris	NextSeq 500 sequencing: GSM2648599: 3-5-15h Komagataella phaffii RNA-Seq	RNA was extracted using the Qiagen RNeasy kit (cat. no. 74104) and genomic DNA clean-up was performed using NEB DNase I kit (catalog number M0303S) and Beckman Coulter RNAClean XP beads (catalog number A63987). Libraries were constructed using Neoprep and sequenced on the Illumina NextSeq platform to generate 75-nucleotide paired-end reads at a read depth of at least 9 million reads per sample.	
SRR5642247	PASS	SRX2880434	SAMN07189667	SRP108485	NextSeq 500 sequencing: GSM2648600: 4-1-15h Komagataella phaffii RNA-Seq				4-1-15h		GSE99613	PRJNA388897	460519	Komagataella phaffii	RNA-Seq	TRANSCRIPTOMIC	cDNA	NextSeq 500	2576387100	GSM2648600	Development of a general defined media for Pichia pastoris	NextSeq 500 sequencing: GSM2648600: 4-1-15h Komagataella phaffii RNA-Seq	RNA was extracted using the Qiagen RNeasy kit (cat. no. 74104) and genomic DNA clean-up was performed using NEB DNase I kit (catalog number M0303S) and Beckman Coulter RNAClean XP beads (catalog number A63987). Libraries were constructed using Neoprep and sequenced on the Illumina NextSeq platform to generate 75-nucleotide paired-end reads at a read depth of at least 9 million reads per sample.	
SRR14237544	WARN(1,5,6,7)	SRX10600430	SAMN18740774	SRP314811	Illumina MiSeq sequencing: GSM5240787: exp020821 P8 rep 1 Komagataella phaffii RNA-Seq				exp020821 P8 rep 1		GSE172054	PRJNA721898	460519	Komagataella phaffii	RNA-Seq	TRANSCRIPTOMIC	cDNA	Illumina MiSeq	49654008	GSM5240787	Engineered SARS-CoV-2 receptor binding domain improves manufacturability in yeast and immunogenicity in mice	Illumina MiSeq sequencing: GSM5240787: exp020821 P8 rep 1 Komagataella phaffii RNA-Seq	RNA was extracted and purified according to the Qiagen RNeasy kit (cat #74104) and RNA quality was analyzed to ensure RNA Quality Number >6.5. 3'DGE Nextera	
SRR14237557	FAIL(3,4,5,6,7)	SRX10600443	SAMN18740761	SRP314811	Illumina MiSeq sequencing: GSM5240800: exp031020 RBD rep 2 Komagataella phaffii RNA-Seq				exp031020 RBD rep 2		GSE172054	PRJNA721898	460519	Komagataella phaffii	RNA-Seq	TRANSCRIPTOMIC	cDNA	Illumina MiSeq	53719848	GSM5240800	Engineered SARS-CoV-2 receptor binding domain improves manufacturability in yeast and immunogenicity in mice	Illumina MiSeq sequencing: GSM5240800: exp031020 RBD rep 2 Komagataella phaffii RNA-Seq	RNA was extracted and purified according to the Qiagen RNeasy kit (cat #74104) and RNA quality was analyzed to ensure RNA Quality Number >6.5. 3'DGE Nextera	
SRR15713832	WARN(1,5,6,7)	SRX12009396	SAMN21216915	SRP335592	NextSeq 500 sequencing: GSM5556938: BaseMeoh_1 Komagataella phaffii RNA-Seq				BaseMeoh_1		GSE183408	PRJNA760524	460519	Komagataella phaffii	RNA-Seq	TRANSCRIPTOMIC	cDNA	NextSeq 500	45652398	GSM5556938	Scalable, methanol-free manufacturing of the SARS-CoV-2 receptor binding domain in engineered Komagataella phaffii	NextSeq 500 sequencing: GSM5556938: BaseMeoh_1 Komagataella phaffii RNA-Seq	RNA was extracted and purified according to the Qiagen RNeasy kit (cat #74104) and RNA quality was analyzed to ensure RNA Quality Number >6.5. 3'DGE Nextera	
